
UART.elf:     file format elf32-avr

Sections:
Idx Name          Size      VMA       LMA       File off  Algn
  0 .text         00004994  00000000  00000000  00000094  2**1
                  CONTENTS, ALLOC, LOAD, READONLY, CODE
  1 .data         000001c8  00800060  00004994  00004a28  2**0
                  CONTENTS, ALLOC, LOAD, DATA
  2 .bss          00000042  00800228  00800228  00004bf0  2**0
                  ALLOC
  3 .stab         0000627c  00000000  00000000  00004bf0  2**2
                  CONTENTS, READONLY, DEBUGGING
  4 .stabstr      00002460  00000000  00000000  0000ae6c  2**0
                  CONTENTS, READONLY, DEBUGGING
  5 .debug_aranges 000001c0  00000000  00000000  0000d2cc  2**0
                  CONTENTS, READONLY, DEBUGGING
  6 .debug_pubnames 00000210  00000000  00000000  0000d48c  2**0
                  CONTENTS, READONLY, DEBUGGING
  7 .debug_info   0000268a  00000000  00000000  0000d69c  2**0
                  CONTENTS, READONLY, DEBUGGING
  8 .debug_abbrev 000014e0  00000000  00000000  0000fd26  2**0
                  CONTENTS, READONLY, DEBUGGING
  9 .debug_line   000012a9  00000000  00000000  00011206  2**0
                  CONTENTS, READONLY, DEBUGGING
 10 .debug_frame  000001e0  00000000  00000000  000124b0  2**2
                  CONTENTS, READONLY, DEBUGGING
 11 .debug_str    000002fe  00000000  00000000  00012690  2**0
                  CONTENTS, READONLY, DEBUGGING
 12 .debug_loc    000009aa  00000000  00000000  0001298e  2**0
                  CONTENTS, READONLY, DEBUGGING
 13 .debug_ranges 00000050  00000000  00000000  00013338  2**0
                  CONTENTS, READONLY, DEBUGGING

Disassembly of section .text:

00000000 <__vectors>:
       0:	0c 94 2a 00 	jmp	0x54	; 0x54 <__ctors_end>
       4:	0c 94 6a 13 	jmp	0x26d4	; 0x26d4 <__vector_1>
       8:	0c 94 a1 13 	jmp	0x2742	; 0x2742 <__vector_2>
       c:	0c 94 d8 13 	jmp	0x27b0	; 0x27b0 <__vector_3>
      10:	0c 94 47 00 	jmp	0x8e	; 0x8e <__bad_interrupt>
      14:	0c 94 47 00 	jmp	0x8e	; 0x8e <__bad_interrupt>
      18:	0c 94 d1 0f 	jmp	0x1fa2	; 0x1fa2 <__vector_6>
      1c:	0c 94 71 0a 	jmp	0x14e2	; 0x14e2 <__vector_7>
      20:	0c 94 a8 0a 	jmp	0x1550	; 0x1550 <__vector_8>
      24:	0c 94 df 0a 	jmp	0x15be	; 0x15be <__vector_9>
      28:	0c 94 f1 0e 	jmp	0x1de2	; 0x1de2 <__vector_10>
      2c:	0c 94 16 0e 	jmp	0x1c2c	; 0x1c2c <__vector_11>
      30:	0c 94 47 00 	jmp	0x8e	; 0x8e <__bad_interrupt>
      34:	0c 94 47 00 	jmp	0x8e	; 0x8e <__bad_interrupt>
      38:	0c 94 47 00 	jmp	0x8e	; 0x8e <__bad_interrupt>
      3c:	0c 94 47 00 	jmp	0x8e	; 0x8e <__bad_interrupt>
      40:	0c 94 0f 1b 	jmp	0x361e	; 0x361e <__vector_16>
      44:	0c 94 47 00 	jmp	0x8e	; 0x8e <__bad_interrupt>
      48:	0c 94 47 00 	jmp	0x8e	; 0x8e <__bad_interrupt>
      4c:	0c 94 47 00 	jmp	0x8e	; 0x8e <__bad_interrupt>
      50:	0c 94 47 00 	jmp	0x8e	; 0x8e <__bad_interrupt>

00000054 <__ctors_end>:
      54:	11 24       	eor	r1, r1
      56:	1f be       	out	0x3f, r1	; 63
      58:	cf e5       	ldi	r28, 0x5F	; 95
      5a:	d8 e0       	ldi	r29, 0x08	; 8
      5c:	de bf       	out	0x3e, r29	; 62
      5e:	cd bf       	out	0x3d, r28	; 61

00000060 <__do_copy_data>:
      60:	12 e0       	ldi	r17, 0x02	; 2
      62:	a0 e6       	ldi	r26, 0x60	; 96
      64:	b0 e0       	ldi	r27, 0x00	; 0
      66:	e4 e9       	ldi	r30, 0x94	; 148
      68:	f9 e4       	ldi	r31, 0x49	; 73
      6a:	02 c0       	rjmp	.+4      	; 0x70 <.do_copy_data_start>

0000006c <.do_copy_data_loop>:
      6c:	05 90       	lpm	r0, Z+
      6e:	0d 92       	st	X+, r0

00000070 <.do_copy_data_start>:
      70:	a8 32       	cpi	r26, 0x28	; 40
      72:	b1 07       	cpc	r27, r17
      74:	d9 f7       	brne	.-10     	; 0x6c <.do_copy_data_loop>

00000076 <__do_clear_bss>:
      76:	12 e0       	ldi	r17, 0x02	; 2
      78:	a8 e2       	ldi	r26, 0x28	; 40
      7a:	b2 e0       	ldi	r27, 0x02	; 2
      7c:	01 c0       	rjmp	.+2      	; 0x80 <.do_clear_bss_start>

0000007e <.do_clear_bss_loop>:
      7e:	1d 92       	st	X+, r1

00000080 <.do_clear_bss_start>:
      80:	aa 36       	cpi	r26, 0x6A	; 106
      82:	b1 07       	cpc	r27, r17
      84:	e1 f7       	brne	.-8      	; 0x7e <.do_clear_bss_loop>
      86:	0e 94 de 23 	call	0x47bc	; 0x47bc <main>
      8a:	0c 94 c8 24 	jmp	0x4990	; 0x4990 <_exit>

0000008e <__bad_interrupt>:
      8e:	0c 94 00 00 	jmp	0	; 0x0 <__vectors>

00000092 <__fixunssfsi>:
      92:	ef 92       	push	r14
      94:	ff 92       	push	r15
      96:	0f 93       	push	r16
      98:	1f 93       	push	r17
      9a:	7b 01       	movw	r14, r22
      9c:	8c 01       	movw	r16, r24
      9e:	20 e0       	ldi	r18, 0x00	; 0
      a0:	30 e0       	ldi	r19, 0x00	; 0
      a2:	40 e0       	ldi	r20, 0x00	; 0
      a4:	5f e4       	ldi	r21, 0x4F	; 79
      a6:	0e 94 25 04 	call	0x84a	; 0x84a <__gesf2>
      aa:	88 23       	and	r24, r24
      ac:	8c f0       	brlt	.+34     	; 0xd0 <__fixunssfsi+0x3e>
      ae:	c8 01       	movw	r24, r16
      b0:	b7 01       	movw	r22, r14
      b2:	20 e0       	ldi	r18, 0x00	; 0
      b4:	30 e0       	ldi	r19, 0x00	; 0
      b6:	40 e0       	ldi	r20, 0x00	; 0
      b8:	5f e4       	ldi	r21, 0x4F	; 79
      ba:	0e 94 c1 01 	call	0x382	; 0x382 <__subsf3>
      be:	0e 94 85 04 	call	0x90a	; 0x90a <__fixsfsi>
      c2:	9b 01       	movw	r18, r22
      c4:	ac 01       	movw	r20, r24
      c6:	20 50       	subi	r18, 0x00	; 0
      c8:	30 40       	sbci	r19, 0x00	; 0
      ca:	40 40       	sbci	r20, 0x00	; 0
      cc:	50 48       	sbci	r21, 0x80	; 128
      ce:	06 c0       	rjmp	.+12     	; 0xdc <__fixunssfsi+0x4a>
      d0:	c8 01       	movw	r24, r16
      d2:	b7 01       	movw	r22, r14
      d4:	0e 94 85 04 	call	0x90a	; 0x90a <__fixsfsi>
      d8:	9b 01       	movw	r18, r22
      da:	ac 01       	movw	r20, r24
      dc:	b9 01       	movw	r22, r18
      de:	ca 01       	movw	r24, r20
      e0:	1f 91       	pop	r17
      e2:	0f 91       	pop	r16
      e4:	ff 90       	pop	r15
      e6:	ef 90       	pop	r14
      e8:	08 95       	ret

000000ea <_fpadd_parts>:
      ea:	a0 e0       	ldi	r26, 0x00	; 0
      ec:	b0 e0       	ldi	r27, 0x00	; 0
      ee:	eb e7       	ldi	r30, 0x7B	; 123
      f0:	f0 e0       	ldi	r31, 0x00	; 0
      f2:	0c 94 91 24 	jmp	0x4922	; 0x4922 <__prologue_saves__>
      f6:	dc 01       	movw	r26, r24
      f8:	2b 01       	movw	r4, r22
      fa:	fa 01       	movw	r30, r20
      fc:	9c 91       	ld	r25, X
      fe:	92 30       	cpi	r25, 0x02	; 2
     100:	08 f4       	brcc	.+2      	; 0x104 <_fpadd_parts+0x1a>
     102:	39 c1       	rjmp	.+626    	; 0x376 <_fpadd_parts+0x28c>
     104:	eb 01       	movw	r28, r22
     106:	88 81       	ld	r24, Y
     108:	82 30       	cpi	r24, 0x02	; 2
     10a:	08 f4       	brcc	.+2      	; 0x10e <_fpadd_parts+0x24>
     10c:	33 c1       	rjmp	.+614    	; 0x374 <_fpadd_parts+0x28a>
     10e:	94 30       	cpi	r25, 0x04	; 4
     110:	69 f4       	brne	.+26     	; 0x12c <_fpadd_parts+0x42>
     112:	84 30       	cpi	r24, 0x04	; 4
     114:	09 f0       	breq	.+2      	; 0x118 <_fpadd_parts+0x2e>
     116:	2f c1       	rjmp	.+606    	; 0x376 <_fpadd_parts+0x28c>
     118:	11 96       	adiw	r26, 0x01	; 1
     11a:	9c 91       	ld	r25, X
     11c:	11 97       	sbiw	r26, 0x01	; 1
     11e:	89 81       	ldd	r24, Y+1	; 0x01
     120:	98 17       	cp	r25, r24
     122:	09 f4       	brne	.+2      	; 0x126 <_fpadd_parts+0x3c>
     124:	28 c1       	rjmp	.+592    	; 0x376 <_fpadd_parts+0x28c>
     126:	a2 ef       	ldi	r26, 0xF2	; 242
     128:	b0 e0       	ldi	r27, 0x00	; 0
     12a:	25 c1       	rjmp	.+586    	; 0x376 <_fpadd_parts+0x28c>
     12c:	84 30       	cpi	r24, 0x04	; 4
     12e:	09 f4       	brne	.+2      	; 0x132 <_fpadd_parts+0x48>
     130:	21 c1       	rjmp	.+578    	; 0x374 <_fpadd_parts+0x28a>
     132:	82 30       	cpi	r24, 0x02	; 2
     134:	a9 f4       	brne	.+42     	; 0x160 <_fpadd_parts+0x76>
     136:	92 30       	cpi	r25, 0x02	; 2
     138:	09 f0       	breq	.+2      	; 0x13c <_fpadd_parts+0x52>
     13a:	1d c1       	rjmp	.+570    	; 0x376 <_fpadd_parts+0x28c>
     13c:	9a 01       	movw	r18, r20
     13e:	ad 01       	movw	r20, r26
     140:	88 e0       	ldi	r24, 0x08	; 8
     142:	ea 01       	movw	r28, r20
     144:	09 90       	ld	r0, Y+
     146:	ae 01       	movw	r20, r28
     148:	e9 01       	movw	r28, r18
     14a:	09 92       	st	Y+, r0
     14c:	9e 01       	movw	r18, r28
     14e:	81 50       	subi	r24, 0x01	; 1
     150:	c1 f7       	brne	.-16     	; 0x142 <_fpadd_parts+0x58>
     152:	e2 01       	movw	r28, r4
     154:	89 81       	ldd	r24, Y+1	; 0x01
     156:	11 96       	adiw	r26, 0x01	; 1
     158:	9c 91       	ld	r25, X
     15a:	89 23       	and	r24, r25
     15c:	81 83       	std	Z+1, r24	; 0x01
     15e:	08 c1       	rjmp	.+528    	; 0x370 <_fpadd_parts+0x286>
     160:	92 30       	cpi	r25, 0x02	; 2
     162:	09 f4       	brne	.+2      	; 0x166 <_fpadd_parts+0x7c>
     164:	07 c1       	rjmp	.+526    	; 0x374 <_fpadd_parts+0x28a>
     166:	12 96       	adiw	r26, 0x02	; 2
     168:	2d 90       	ld	r2, X+
     16a:	3c 90       	ld	r3, X
     16c:	13 97       	sbiw	r26, 0x03	; 3
     16e:	eb 01       	movw	r28, r22
     170:	8a 81       	ldd	r24, Y+2	; 0x02
     172:	9b 81       	ldd	r25, Y+3	; 0x03
     174:	14 96       	adiw	r26, 0x04	; 4
     176:	ad 90       	ld	r10, X+
     178:	bd 90       	ld	r11, X+
     17a:	cd 90       	ld	r12, X+
     17c:	dc 90       	ld	r13, X
     17e:	17 97       	sbiw	r26, 0x07	; 7
     180:	ec 80       	ldd	r14, Y+4	; 0x04
     182:	fd 80       	ldd	r15, Y+5	; 0x05
     184:	0e 81       	ldd	r16, Y+6	; 0x06
     186:	1f 81       	ldd	r17, Y+7	; 0x07
     188:	91 01       	movw	r18, r2
     18a:	28 1b       	sub	r18, r24
     18c:	39 0b       	sbc	r19, r25
     18e:	b9 01       	movw	r22, r18
     190:	37 ff       	sbrs	r19, 7
     192:	04 c0       	rjmp	.+8      	; 0x19c <_fpadd_parts+0xb2>
     194:	66 27       	eor	r22, r22
     196:	77 27       	eor	r23, r23
     198:	62 1b       	sub	r22, r18
     19a:	73 0b       	sbc	r23, r19
     19c:	60 32       	cpi	r22, 0x20	; 32
     19e:	71 05       	cpc	r23, r1
     1a0:	0c f0       	brlt	.+2      	; 0x1a4 <_fpadd_parts+0xba>
     1a2:	61 c0       	rjmp	.+194    	; 0x266 <_fpadd_parts+0x17c>
     1a4:	12 16       	cp	r1, r18
     1a6:	13 06       	cpc	r1, r19
     1a8:	6c f5       	brge	.+90     	; 0x204 <_fpadd_parts+0x11a>
     1aa:	37 01       	movw	r6, r14
     1ac:	48 01       	movw	r8, r16
     1ae:	06 2e       	mov	r0, r22
     1b0:	04 c0       	rjmp	.+8      	; 0x1ba <_fpadd_parts+0xd0>
     1b2:	96 94       	lsr	r9
     1b4:	87 94       	ror	r8
     1b6:	77 94       	ror	r7
     1b8:	67 94       	ror	r6
     1ba:	0a 94       	dec	r0
     1bc:	d2 f7       	brpl	.-12     	; 0x1b2 <_fpadd_parts+0xc8>
     1be:	21 e0       	ldi	r18, 0x01	; 1
     1c0:	30 e0       	ldi	r19, 0x00	; 0
     1c2:	40 e0       	ldi	r20, 0x00	; 0
     1c4:	50 e0       	ldi	r21, 0x00	; 0
     1c6:	04 c0       	rjmp	.+8      	; 0x1d0 <_fpadd_parts+0xe6>
     1c8:	22 0f       	add	r18, r18
     1ca:	33 1f       	adc	r19, r19
     1cc:	44 1f       	adc	r20, r20
     1ce:	55 1f       	adc	r21, r21
     1d0:	6a 95       	dec	r22
     1d2:	d2 f7       	brpl	.-12     	; 0x1c8 <_fpadd_parts+0xde>
     1d4:	21 50       	subi	r18, 0x01	; 1
     1d6:	30 40       	sbci	r19, 0x00	; 0
     1d8:	40 40       	sbci	r20, 0x00	; 0
     1da:	50 40       	sbci	r21, 0x00	; 0
     1dc:	2e 21       	and	r18, r14
     1de:	3f 21       	and	r19, r15
     1e0:	40 23       	and	r20, r16
     1e2:	51 23       	and	r21, r17
     1e4:	21 15       	cp	r18, r1
     1e6:	31 05       	cpc	r19, r1
     1e8:	41 05       	cpc	r20, r1
     1ea:	51 05       	cpc	r21, r1
     1ec:	21 f0       	breq	.+8      	; 0x1f6 <_fpadd_parts+0x10c>
     1ee:	21 e0       	ldi	r18, 0x01	; 1
     1f0:	30 e0       	ldi	r19, 0x00	; 0
     1f2:	40 e0       	ldi	r20, 0x00	; 0
     1f4:	50 e0       	ldi	r21, 0x00	; 0
     1f6:	79 01       	movw	r14, r18
     1f8:	8a 01       	movw	r16, r20
     1fa:	e6 28       	or	r14, r6
     1fc:	f7 28       	or	r15, r7
     1fe:	08 29       	or	r16, r8
     200:	19 29       	or	r17, r9
     202:	3c c0       	rjmp	.+120    	; 0x27c <_fpadd_parts+0x192>
     204:	23 2b       	or	r18, r19
     206:	d1 f1       	breq	.+116    	; 0x27c <_fpadd_parts+0x192>
     208:	26 0e       	add	r2, r22
     20a:	37 1e       	adc	r3, r23
     20c:	35 01       	movw	r6, r10
     20e:	46 01       	movw	r8, r12
     210:	06 2e       	mov	r0, r22
     212:	04 c0       	rjmp	.+8      	; 0x21c <_fpadd_parts+0x132>
     214:	96 94       	lsr	r9
     216:	87 94       	ror	r8
     218:	77 94       	ror	r7
     21a:	67 94       	ror	r6
     21c:	0a 94       	dec	r0
     21e:	d2 f7       	brpl	.-12     	; 0x214 <_fpadd_parts+0x12a>
     220:	21 e0       	ldi	r18, 0x01	; 1
     222:	30 e0       	ldi	r19, 0x00	; 0
     224:	40 e0       	ldi	r20, 0x00	; 0
     226:	50 e0       	ldi	r21, 0x00	; 0
     228:	04 c0       	rjmp	.+8      	; 0x232 <_fpadd_parts+0x148>
     22a:	22 0f       	add	r18, r18
     22c:	33 1f       	adc	r19, r19
     22e:	44 1f       	adc	r20, r20
     230:	55 1f       	adc	r21, r21
     232:	6a 95       	dec	r22
     234:	d2 f7       	brpl	.-12     	; 0x22a <_fpadd_parts+0x140>
     236:	21 50       	subi	r18, 0x01	; 1
     238:	30 40       	sbci	r19, 0x00	; 0
     23a:	40 40       	sbci	r20, 0x00	; 0
     23c:	50 40       	sbci	r21, 0x00	; 0
     23e:	2a 21       	and	r18, r10
     240:	3b 21       	and	r19, r11
     242:	4c 21       	and	r20, r12
     244:	5d 21       	and	r21, r13
     246:	21 15       	cp	r18, r1
     248:	31 05       	cpc	r19, r1
     24a:	41 05       	cpc	r20, r1
     24c:	51 05       	cpc	r21, r1
     24e:	21 f0       	breq	.+8      	; 0x258 <_fpadd_parts+0x16e>
     250:	21 e0       	ldi	r18, 0x01	; 1
     252:	30 e0       	ldi	r19, 0x00	; 0
     254:	40 e0       	ldi	r20, 0x00	; 0
     256:	50 e0       	ldi	r21, 0x00	; 0
     258:	59 01       	movw	r10, r18
     25a:	6a 01       	movw	r12, r20
     25c:	a6 28       	or	r10, r6
     25e:	b7 28       	or	r11, r7
     260:	c8 28       	or	r12, r8
     262:	d9 28       	or	r13, r9
     264:	0b c0       	rjmp	.+22     	; 0x27c <_fpadd_parts+0x192>
     266:	82 15       	cp	r24, r2
     268:	93 05       	cpc	r25, r3
     26a:	2c f0       	brlt	.+10     	; 0x276 <_fpadd_parts+0x18c>
     26c:	1c 01       	movw	r2, r24
     26e:	aa 24       	eor	r10, r10
     270:	bb 24       	eor	r11, r11
     272:	65 01       	movw	r12, r10
     274:	03 c0       	rjmp	.+6      	; 0x27c <_fpadd_parts+0x192>
     276:	ee 24       	eor	r14, r14
     278:	ff 24       	eor	r15, r15
     27a:	87 01       	movw	r16, r14
     27c:	11 96       	adiw	r26, 0x01	; 1
     27e:	9c 91       	ld	r25, X
     280:	d2 01       	movw	r26, r4
     282:	11 96       	adiw	r26, 0x01	; 1
     284:	8c 91       	ld	r24, X
     286:	98 17       	cp	r25, r24
     288:	09 f4       	brne	.+2      	; 0x28c <_fpadd_parts+0x1a2>
     28a:	45 c0       	rjmp	.+138    	; 0x316 <_fpadd_parts+0x22c>
     28c:	99 23       	and	r25, r25
     28e:	39 f0       	breq	.+14     	; 0x29e <_fpadd_parts+0x1b4>
     290:	a8 01       	movw	r20, r16
     292:	97 01       	movw	r18, r14
     294:	2a 19       	sub	r18, r10
     296:	3b 09       	sbc	r19, r11
     298:	4c 09       	sbc	r20, r12
     29a:	5d 09       	sbc	r21, r13
     29c:	06 c0       	rjmp	.+12     	; 0x2aa <_fpadd_parts+0x1c0>
     29e:	a6 01       	movw	r20, r12
     2a0:	95 01       	movw	r18, r10
     2a2:	2e 19       	sub	r18, r14
     2a4:	3f 09       	sbc	r19, r15
     2a6:	40 0b       	sbc	r20, r16
     2a8:	51 0b       	sbc	r21, r17
     2aa:	57 fd       	sbrc	r21, 7
     2ac:	08 c0       	rjmp	.+16     	; 0x2be <_fpadd_parts+0x1d4>
     2ae:	11 82       	std	Z+1, r1	; 0x01
     2b0:	33 82       	std	Z+3, r3	; 0x03
     2b2:	22 82       	std	Z+2, r2	; 0x02
     2b4:	24 83       	std	Z+4, r18	; 0x04
     2b6:	35 83       	std	Z+5, r19	; 0x05
     2b8:	46 83       	std	Z+6, r20	; 0x06
     2ba:	57 83       	std	Z+7, r21	; 0x07
     2bc:	1d c0       	rjmp	.+58     	; 0x2f8 <_fpadd_parts+0x20e>
     2be:	81 e0       	ldi	r24, 0x01	; 1
     2c0:	81 83       	std	Z+1, r24	; 0x01
     2c2:	33 82       	std	Z+3, r3	; 0x03
     2c4:	22 82       	std	Z+2, r2	; 0x02
     2c6:	88 27       	eor	r24, r24
     2c8:	99 27       	eor	r25, r25
     2ca:	dc 01       	movw	r26, r24
     2cc:	82 1b       	sub	r24, r18
     2ce:	93 0b       	sbc	r25, r19
     2d0:	a4 0b       	sbc	r26, r20
     2d2:	b5 0b       	sbc	r27, r21
     2d4:	84 83       	std	Z+4, r24	; 0x04
     2d6:	95 83       	std	Z+5, r25	; 0x05
     2d8:	a6 83       	std	Z+6, r26	; 0x06
     2da:	b7 83       	std	Z+7, r27	; 0x07
     2dc:	0d c0       	rjmp	.+26     	; 0x2f8 <_fpadd_parts+0x20e>
     2de:	22 0f       	add	r18, r18
     2e0:	33 1f       	adc	r19, r19
     2e2:	44 1f       	adc	r20, r20
     2e4:	55 1f       	adc	r21, r21
     2e6:	24 83       	std	Z+4, r18	; 0x04
     2e8:	35 83       	std	Z+5, r19	; 0x05
     2ea:	46 83       	std	Z+6, r20	; 0x06
     2ec:	57 83       	std	Z+7, r21	; 0x07
     2ee:	82 81       	ldd	r24, Z+2	; 0x02
     2f0:	93 81       	ldd	r25, Z+3	; 0x03
     2f2:	01 97       	sbiw	r24, 0x01	; 1
     2f4:	93 83       	std	Z+3, r25	; 0x03
     2f6:	82 83       	std	Z+2, r24	; 0x02
     2f8:	24 81       	ldd	r18, Z+4	; 0x04
     2fa:	35 81       	ldd	r19, Z+5	; 0x05
     2fc:	46 81       	ldd	r20, Z+6	; 0x06
     2fe:	57 81       	ldd	r21, Z+7	; 0x07
     300:	da 01       	movw	r26, r20
     302:	c9 01       	movw	r24, r18
     304:	01 97       	sbiw	r24, 0x01	; 1
     306:	a1 09       	sbc	r26, r1
     308:	b1 09       	sbc	r27, r1
     30a:	8f 5f       	subi	r24, 0xFF	; 255
     30c:	9f 4f       	sbci	r25, 0xFF	; 255
     30e:	af 4f       	sbci	r26, 0xFF	; 255
     310:	bf 43       	sbci	r27, 0x3F	; 63
     312:	28 f3       	brcs	.-54     	; 0x2de <_fpadd_parts+0x1f4>
     314:	0b c0       	rjmp	.+22     	; 0x32c <_fpadd_parts+0x242>
     316:	91 83       	std	Z+1, r25	; 0x01
     318:	33 82       	std	Z+3, r3	; 0x03
     31a:	22 82       	std	Z+2, r2	; 0x02
     31c:	ea 0c       	add	r14, r10
     31e:	fb 1c       	adc	r15, r11
     320:	0c 1d       	adc	r16, r12
     322:	1d 1d       	adc	r17, r13
     324:	e4 82       	std	Z+4, r14	; 0x04
     326:	f5 82       	std	Z+5, r15	; 0x05
     328:	06 83       	std	Z+6, r16	; 0x06
     32a:	17 83       	std	Z+7, r17	; 0x07
     32c:	83 e0       	ldi	r24, 0x03	; 3
     32e:	80 83       	st	Z, r24
     330:	24 81       	ldd	r18, Z+4	; 0x04
     332:	35 81       	ldd	r19, Z+5	; 0x05
     334:	46 81       	ldd	r20, Z+6	; 0x06
     336:	57 81       	ldd	r21, Z+7	; 0x07
     338:	57 ff       	sbrs	r21, 7
     33a:	1a c0       	rjmp	.+52     	; 0x370 <_fpadd_parts+0x286>
     33c:	c9 01       	movw	r24, r18
     33e:	aa 27       	eor	r26, r26
     340:	97 fd       	sbrc	r25, 7
     342:	a0 95       	com	r26
     344:	ba 2f       	mov	r27, r26
     346:	81 70       	andi	r24, 0x01	; 1
     348:	90 70       	andi	r25, 0x00	; 0
     34a:	a0 70       	andi	r26, 0x00	; 0
     34c:	b0 70       	andi	r27, 0x00	; 0
     34e:	56 95       	lsr	r21
     350:	47 95       	ror	r20
     352:	37 95       	ror	r19
     354:	27 95       	ror	r18
     356:	82 2b       	or	r24, r18
     358:	93 2b       	or	r25, r19
     35a:	a4 2b       	or	r26, r20
     35c:	b5 2b       	or	r27, r21
     35e:	84 83       	std	Z+4, r24	; 0x04
     360:	95 83       	std	Z+5, r25	; 0x05
     362:	a6 83       	std	Z+6, r26	; 0x06
     364:	b7 83       	std	Z+7, r27	; 0x07
     366:	82 81       	ldd	r24, Z+2	; 0x02
     368:	93 81       	ldd	r25, Z+3	; 0x03
     36a:	01 96       	adiw	r24, 0x01	; 1
     36c:	93 83       	std	Z+3, r25	; 0x03
     36e:	82 83       	std	Z+2, r24	; 0x02
     370:	df 01       	movw	r26, r30
     372:	01 c0       	rjmp	.+2      	; 0x376 <_fpadd_parts+0x28c>
     374:	d2 01       	movw	r26, r4
     376:	cd 01       	movw	r24, r26
     378:	cd b7       	in	r28, 0x3d	; 61
     37a:	de b7       	in	r29, 0x3e	; 62
     37c:	e2 e1       	ldi	r30, 0x12	; 18
     37e:	0c 94 ad 24 	jmp	0x495a	; 0x495a <__epilogue_restores__>

00000382 <__subsf3>:
     382:	a0 e2       	ldi	r26, 0x20	; 32
     384:	b0 e0       	ldi	r27, 0x00	; 0
     386:	e7 ec       	ldi	r30, 0xC7	; 199
     388:	f1 e0       	ldi	r31, 0x01	; 1
     38a:	0c 94 9d 24 	jmp	0x493a	; 0x493a <__prologue_saves__+0x18>
     38e:	69 83       	std	Y+1, r22	; 0x01
     390:	7a 83       	std	Y+2, r23	; 0x02
     392:	8b 83       	std	Y+3, r24	; 0x03
     394:	9c 83       	std	Y+4, r25	; 0x04
     396:	2d 83       	std	Y+5, r18	; 0x05
     398:	3e 83       	std	Y+6, r19	; 0x06
     39a:	4f 83       	std	Y+7, r20	; 0x07
     39c:	58 87       	std	Y+8, r21	; 0x08
     39e:	e9 e0       	ldi	r30, 0x09	; 9
     3a0:	ee 2e       	mov	r14, r30
     3a2:	f1 2c       	mov	r15, r1
     3a4:	ec 0e       	add	r14, r28
     3a6:	fd 1e       	adc	r15, r29
     3a8:	ce 01       	movw	r24, r28
     3aa:	01 96       	adiw	r24, 0x01	; 1
     3ac:	b7 01       	movw	r22, r14
     3ae:	0e 94 76 06 	call	0xcec	; 0xcec <__unpack_f>
     3b2:	8e 01       	movw	r16, r28
     3b4:	0f 5e       	subi	r16, 0xEF	; 239
     3b6:	1f 4f       	sbci	r17, 0xFF	; 255
     3b8:	ce 01       	movw	r24, r28
     3ba:	05 96       	adiw	r24, 0x05	; 5
     3bc:	b8 01       	movw	r22, r16
     3be:	0e 94 76 06 	call	0xcec	; 0xcec <__unpack_f>
     3c2:	8a 89       	ldd	r24, Y+18	; 0x12
     3c4:	91 e0       	ldi	r25, 0x01	; 1
     3c6:	89 27       	eor	r24, r25
     3c8:	8a 8b       	std	Y+18, r24	; 0x12
     3ca:	c7 01       	movw	r24, r14
     3cc:	b8 01       	movw	r22, r16
     3ce:	ae 01       	movw	r20, r28
     3d0:	47 5e       	subi	r20, 0xE7	; 231
     3d2:	5f 4f       	sbci	r21, 0xFF	; 255
     3d4:	0e 94 75 00 	call	0xea	; 0xea <_fpadd_parts>
     3d8:	0e 94 a1 05 	call	0xb42	; 0xb42 <__pack_f>
     3dc:	a0 96       	adiw	r28, 0x20	; 32
     3de:	e6 e0       	ldi	r30, 0x06	; 6
     3e0:	0c 94 b9 24 	jmp	0x4972	; 0x4972 <__epilogue_restores__+0x18>

000003e4 <__addsf3>:
     3e4:	a0 e2       	ldi	r26, 0x20	; 32
     3e6:	b0 e0       	ldi	r27, 0x00	; 0
     3e8:	e8 ef       	ldi	r30, 0xF8	; 248
     3ea:	f1 e0       	ldi	r31, 0x01	; 1
     3ec:	0c 94 9d 24 	jmp	0x493a	; 0x493a <__prologue_saves__+0x18>
     3f0:	69 83       	std	Y+1, r22	; 0x01
     3f2:	7a 83       	std	Y+2, r23	; 0x02
     3f4:	8b 83       	std	Y+3, r24	; 0x03
     3f6:	9c 83       	std	Y+4, r25	; 0x04
     3f8:	2d 83       	std	Y+5, r18	; 0x05
     3fa:	3e 83       	std	Y+6, r19	; 0x06
     3fc:	4f 83       	std	Y+7, r20	; 0x07
     3fe:	58 87       	std	Y+8, r21	; 0x08
     400:	f9 e0       	ldi	r31, 0x09	; 9
     402:	ef 2e       	mov	r14, r31
     404:	f1 2c       	mov	r15, r1
     406:	ec 0e       	add	r14, r28
     408:	fd 1e       	adc	r15, r29
     40a:	ce 01       	movw	r24, r28
     40c:	01 96       	adiw	r24, 0x01	; 1
     40e:	b7 01       	movw	r22, r14
     410:	0e 94 76 06 	call	0xcec	; 0xcec <__unpack_f>
     414:	8e 01       	movw	r16, r28
     416:	0f 5e       	subi	r16, 0xEF	; 239
     418:	1f 4f       	sbci	r17, 0xFF	; 255
     41a:	ce 01       	movw	r24, r28
     41c:	05 96       	adiw	r24, 0x05	; 5
     41e:	b8 01       	movw	r22, r16
     420:	0e 94 76 06 	call	0xcec	; 0xcec <__unpack_f>
     424:	c7 01       	movw	r24, r14
     426:	b8 01       	movw	r22, r16
     428:	ae 01       	movw	r20, r28
     42a:	47 5e       	subi	r20, 0xE7	; 231
     42c:	5f 4f       	sbci	r21, 0xFF	; 255
     42e:	0e 94 75 00 	call	0xea	; 0xea <_fpadd_parts>
     432:	0e 94 a1 05 	call	0xb42	; 0xb42 <__pack_f>
     436:	a0 96       	adiw	r28, 0x20	; 32
     438:	e6 e0       	ldi	r30, 0x06	; 6
     43a:	0c 94 b9 24 	jmp	0x4972	; 0x4972 <__epilogue_restores__+0x18>

0000043e <__mulsf3>:
     43e:	a0 e2       	ldi	r26, 0x20	; 32
     440:	b0 e0       	ldi	r27, 0x00	; 0
     442:	e5 e2       	ldi	r30, 0x25	; 37
     444:	f2 e0       	ldi	r31, 0x02	; 2
     446:	0c 94 91 24 	jmp	0x4922	; 0x4922 <__prologue_saves__>
     44a:	69 83       	std	Y+1, r22	; 0x01
     44c:	7a 83       	std	Y+2, r23	; 0x02
     44e:	8b 83       	std	Y+3, r24	; 0x03
     450:	9c 83       	std	Y+4, r25	; 0x04
     452:	2d 83       	std	Y+5, r18	; 0x05
     454:	3e 83       	std	Y+6, r19	; 0x06
     456:	4f 83       	std	Y+7, r20	; 0x07
     458:	58 87       	std	Y+8, r21	; 0x08
     45a:	ce 01       	movw	r24, r28
     45c:	01 96       	adiw	r24, 0x01	; 1
     45e:	be 01       	movw	r22, r28
     460:	67 5f       	subi	r22, 0xF7	; 247
     462:	7f 4f       	sbci	r23, 0xFF	; 255
     464:	0e 94 76 06 	call	0xcec	; 0xcec <__unpack_f>
     468:	ce 01       	movw	r24, r28
     46a:	05 96       	adiw	r24, 0x05	; 5
     46c:	be 01       	movw	r22, r28
     46e:	6f 5e       	subi	r22, 0xEF	; 239
     470:	7f 4f       	sbci	r23, 0xFF	; 255
     472:	0e 94 76 06 	call	0xcec	; 0xcec <__unpack_f>
     476:	99 85       	ldd	r25, Y+9	; 0x09
     478:	92 30       	cpi	r25, 0x02	; 2
     47a:	88 f0       	brcs	.+34     	; 0x49e <__mulsf3+0x60>
     47c:	89 89       	ldd	r24, Y+17	; 0x11
     47e:	82 30       	cpi	r24, 0x02	; 2
     480:	c8 f0       	brcs	.+50     	; 0x4b4 <__mulsf3+0x76>
     482:	94 30       	cpi	r25, 0x04	; 4
     484:	19 f4       	brne	.+6      	; 0x48c <__mulsf3+0x4e>
     486:	82 30       	cpi	r24, 0x02	; 2
     488:	51 f4       	brne	.+20     	; 0x49e <__mulsf3+0x60>
     48a:	04 c0       	rjmp	.+8      	; 0x494 <__mulsf3+0x56>
     48c:	84 30       	cpi	r24, 0x04	; 4
     48e:	29 f4       	brne	.+10     	; 0x49a <__mulsf3+0x5c>
     490:	92 30       	cpi	r25, 0x02	; 2
     492:	81 f4       	brne	.+32     	; 0x4b4 <__mulsf3+0x76>
     494:	82 ef       	ldi	r24, 0xF2	; 242
     496:	90 e0       	ldi	r25, 0x00	; 0
     498:	c6 c0       	rjmp	.+396    	; 0x626 <__mulsf3+0x1e8>
     49a:	92 30       	cpi	r25, 0x02	; 2
     49c:	49 f4       	brne	.+18     	; 0x4b0 <__mulsf3+0x72>
     49e:	20 e0       	ldi	r18, 0x00	; 0
     4a0:	9a 85       	ldd	r25, Y+10	; 0x0a
     4a2:	8a 89       	ldd	r24, Y+18	; 0x12
     4a4:	98 13       	cpse	r25, r24
     4a6:	21 e0       	ldi	r18, 0x01	; 1
     4a8:	2a 87       	std	Y+10, r18	; 0x0a
     4aa:	ce 01       	movw	r24, r28
     4ac:	09 96       	adiw	r24, 0x09	; 9
     4ae:	bb c0       	rjmp	.+374    	; 0x626 <__mulsf3+0x1e8>
     4b0:	82 30       	cpi	r24, 0x02	; 2
     4b2:	49 f4       	brne	.+18     	; 0x4c6 <__mulsf3+0x88>
     4b4:	20 e0       	ldi	r18, 0x00	; 0
     4b6:	9a 85       	ldd	r25, Y+10	; 0x0a
     4b8:	8a 89       	ldd	r24, Y+18	; 0x12
     4ba:	98 13       	cpse	r25, r24
     4bc:	21 e0       	ldi	r18, 0x01	; 1
     4be:	2a 8b       	std	Y+18, r18	; 0x12
     4c0:	ce 01       	movw	r24, r28
     4c2:	41 96       	adiw	r24, 0x11	; 17
     4c4:	b0 c0       	rjmp	.+352    	; 0x626 <__mulsf3+0x1e8>
     4c6:	2d 84       	ldd	r2, Y+13	; 0x0d
     4c8:	3e 84       	ldd	r3, Y+14	; 0x0e
     4ca:	4f 84       	ldd	r4, Y+15	; 0x0f
     4cc:	58 88       	ldd	r5, Y+16	; 0x10
     4ce:	6d 88       	ldd	r6, Y+21	; 0x15
     4d0:	7e 88       	ldd	r7, Y+22	; 0x16
     4d2:	8f 88       	ldd	r8, Y+23	; 0x17
     4d4:	98 8c       	ldd	r9, Y+24	; 0x18
     4d6:	ee 24       	eor	r14, r14
     4d8:	ff 24       	eor	r15, r15
     4da:	87 01       	movw	r16, r14
     4dc:	aa 24       	eor	r10, r10
     4de:	bb 24       	eor	r11, r11
     4e0:	65 01       	movw	r12, r10
     4e2:	40 e0       	ldi	r20, 0x00	; 0
     4e4:	50 e0       	ldi	r21, 0x00	; 0
     4e6:	60 e0       	ldi	r22, 0x00	; 0
     4e8:	70 e0       	ldi	r23, 0x00	; 0
     4ea:	e0 e0       	ldi	r30, 0x00	; 0
     4ec:	f0 e0       	ldi	r31, 0x00	; 0
     4ee:	c1 01       	movw	r24, r2
     4f0:	81 70       	andi	r24, 0x01	; 1
     4f2:	90 70       	andi	r25, 0x00	; 0
     4f4:	89 2b       	or	r24, r25
     4f6:	e9 f0       	breq	.+58     	; 0x532 <__mulsf3+0xf4>
     4f8:	e6 0c       	add	r14, r6
     4fa:	f7 1c       	adc	r15, r7
     4fc:	08 1d       	adc	r16, r8
     4fe:	19 1d       	adc	r17, r9
     500:	9a 01       	movw	r18, r20
     502:	ab 01       	movw	r20, r22
     504:	2a 0d       	add	r18, r10
     506:	3b 1d       	adc	r19, r11
     508:	4c 1d       	adc	r20, r12
     50a:	5d 1d       	adc	r21, r13
     50c:	80 e0       	ldi	r24, 0x00	; 0
     50e:	90 e0       	ldi	r25, 0x00	; 0
     510:	a0 e0       	ldi	r26, 0x00	; 0
     512:	b0 e0       	ldi	r27, 0x00	; 0
     514:	e6 14       	cp	r14, r6
     516:	f7 04       	cpc	r15, r7
     518:	08 05       	cpc	r16, r8
     51a:	19 05       	cpc	r17, r9
     51c:	20 f4       	brcc	.+8      	; 0x526 <__mulsf3+0xe8>
     51e:	81 e0       	ldi	r24, 0x01	; 1
     520:	90 e0       	ldi	r25, 0x00	; 0
     522:	a0 e0       	ldi	r26, 0x00	; 0
     524:	b0 e0       	ldi	r27, 0x00	; 0
     526:	ba 01       	movw	r22, r20
     528:	a9 01       	movw	r20, r18
     52a:	48 0f       	add	r20, r24
     52c:	59 1f       	adc	r21, r25
     52e:	6a 1f       	adc	r22, r26
     530:	7b 1f       	adc	r23, r27
     532:	aa 0c       	add	r10, r10
     534:	bb 1c       	adc	r11, r11
     536:	cc 1c       	adc	r12, r12
     538:	dd 1c       	adc	r13, r13
     53a:	97 fe       	sbrs	r9, 7
     53c:	08 c0       	rjmp	.+16     	; 0x54e <__mulsf3+0x110>
     53e:	81 e0       	ldi	r24, 0x01	; 1
     540:	90 e0       	ldi	r25, 0x00	; 0
     542:	a0 e0       	ldi	r26, 0x00	; 0
     544:	b0 e0       	ldi	r27, 0x00	; 0
     546:	a8 2a       	or	r10, r24
     548:	b9 2a       	or	r11, r25
     54a:	ca 2a       	or	r12, r26
     54c:	db 2a       	or	r13, r27
     54e:	31 96       	adiw	r30, 0x01	; 1
     550:	e0 32       	cpi	r30, 0x20	; 32
     552:	f1 05       	cpc	r31, r1
     554:	49 f0       	breq	.+18     	; 0x568 <__mulsf3+0x12a>
     556:	66 0c       	add	r6, r6
     558:	77 1c       	adc	r7, r7
     55a:	88 1c       	adc	r8, r8
     55c:	99 1c       	adc	r9, r9
     55e:	56 94       	lsr	r5
     560:	47 94       	ror	r4
     562:	37 94       	ror	r3
     564:	27 94       	ror	r2
     566:	c3 cf       	rjmp	.-122    	; 0x4ee <__mulsf3+0xb0>
     568:	fa 85       	ldd	r31, Y+10	; 0x0a
     56a:	ea 89       	ldd	r30, Y+18	; 0x12
     56c:	2b 89       	ldd	r18, Y+19	; 0x13
     56e:	3c 89       	ldd	r19, Y+20	; 0x14
     570:	8b 85       	ldd	r24, Y+11	; 0x0b
     572:	9c 85       	ldd	r25, Y+12	; 0x0c
     574:	28 0f       	add	r18, r24
     576:	39 1f       	adc	r19, r25
     578:	2e 5f       	subi	r18, 0xFE	; 254
     57a:	3f 4f       	sbci	r19, 0xFF	; 255
     57c:	17 c0       	rjmp	.+46     	; 0x5ac <__mulsf3+0x16e>
     57e:	ca 01       	movw	r24, r20
     580:	81 70       	andi	r24, 0x01	; 1
     582:	90 70       	andi	r25, 0x00	; 0
     584:	89 2b       	or	r24, r25
     586:	61 f0       	breq	.+24     	; 0x5a0 <__mulsf3+0x162>
     588:	16 95       	lsr	r17
     58a:	07 95       	ror	r16
     58c:	f7 94       	ror	r15
     58e:	e7 94       	ror	r14
     590:	80 e0       	ldi	r24, 0x00	; 0
     592:	90 e0       	ldi	r25, 0x00	; 0
     594:	a0 e0       	ldi	r26, 0x00	; 0
     596:	b0 e8       	ldi	r27, 0x80	; 128
     598:	e8 2a       	or	r14, r24
     59a:	f9 2a       	or	r15, r25
     59c:	0a 2b       	or	r16, r26
     59e:	1b 2b       	or	r17, r27
     5a0:	76 95       	lsr	r23
     5a2:	67 95       	ror	r22
     5a4:	57 95       	ror	r21
     5a6:	47 95       	ror	r20
     5a8:	2f 5f       	subi	r18, 0xFF	; 255
     5aa:	3f 4f       	sbci	r19, 0xFF	; 255
     5ac:	77 fd       	sbrc	r23, 7
     5ae:	e7 cf       	rjmp	.-50     	; 0x57e <__mulsf3+0x140>
     5b0:	0c c0       	rjmp	.+24     	; 0x5ca <__mulsf3+0x18c>
     5b2:	44 0f       	add	r20, r20
     5b4:	55 1f       	adc	r21, r21
     5b6:	66 1f       	adc	r22, r22
     5b8:	77 1f       	adc	r23, r23
     5ba:	17 fd       	sbrc	r17, 7
     5bc:	41 60       	ori	r20, 0x01	; 1
     5be:	ee 0c       	add	r14, r14
     5c0:	ff 1c       	adc	r15, r15
     5c2:	00 1f       	adc	r16, r16
     5c4:	11 1f       	adc	r17, r17
     5c6:	21 50       	subi	r18, 0x01	; 1
     5c8:	30 40       	sbci	r19, 0x00	; 0
     5ca:	40 30       	cpi	r20, 0x00	; 0
     5cc:	90 e0       	ldi	r25, 0x00	; 0
     5ce:	59 07       	cpc	r21, r25
     5d0:	90 e0       	ldi	r25, 0x00	; 0
     5d2:	69 07       	cpc	r22, r25
     5d4:	90 e4       	ldi	r25, 0x40	; 64
     5d6:	79 07       	cpc	r23, r25
     5d8:	60 f3       	brcs	.-40     	; 0x5b2 <__mulsf3+0x174>
     5da:	2b 8f       	std	Y+27, r18	; 0x1b
     5dc:	3c 8f       	std	Y+28, r19	; 0x1c
     5de:	db 01       	movw	r26, r22
     5e0:	ca 01       	movw	r24, r20
     5e2:	8f 77       	andi	r24, 0x7F	; 127
     5e4:	90 70       	andi	r25, 0x00	; 0
     5e6:	a0 70       	andi	r26, 0x00	; 0
     5e8:	b0 70       	andi	r27, 0x00	; 0
     5ea:	80 34       	cpi	r24, 0x40	; 64
     5ec:	91 05       	cpc	r25, r1
     5ee:	a1 05       	cpc	r26, r1
     5f0:	b1 05       	cpc	r27, r1
     5f2:	61 f4       	brne	.+24     	; 0x60c <__mulsf3+0x1ce>
     5f4:	47 fd       	sbrc	r20, 7
     5f6:	0a c0       	rjmp	.+20     	; 0x60c <__mulsf3+0x1ce>
     5f8:	e1 14       	cp	r14, r1
     5fa:	f1 04       	cpc	r15, r1
     5fc:	01 05       	cpc	r16, r1
     5fe:	11 05       	cpc	r17, r1
     600:	29 f0       	breq	.+10     	; 0x60c <__mulsf3+0x1ce>
     602:	40 5c       	subi	r20, 0xC0	; 192
     604:	5f 4f       	sbci	r21, 0xFF	; 255
     606:	6f 4f       	sbci	r22, 0xFF	; 255
     608:	7f 4f       	sbci	r23, 0xFF	; 255
     60a:	40 78       	andi	r20, 0x80	; 128
     60c:	1a 8e       	std	Y+26, r1	; 0x1a
     60e:	fe 17       	cp	r31, r30
     610:	11 f0       	breq	.+4      	; 0x616 <__mulsf3+0x1d8>
     612:	81 e0       	ldi	r24, 0x01	; 1
     614:	8a 8f       	std	Y+26, r24	; 0x1a
     616:	4d 8f       	std	Y+29, r20	; 0x1d
     618:	5e 8f       	std	Y+30, r21	; 0x1e
     61a:	6f 8f       	std	Y+31, r22	; 0x1f
     61c:	78 a3       	std	Y+32, r23	; 0x20
     61e:	83 e0       	ldi	r24, 0x03	; 3
     620:	89 8f       	std	Y+25, r24	; 0x19
     622:	ce 01       	movw	r24, r28
     624:	49 96       	adiw	r24, 0x19	; 25
     626:	0e 94 a1 05 	call	0xb42	; 0xb42 <__pack_f>
     62a:	a0 96       	adiw	r28, 0x20	; 32
     62c:	e2 e1       	ldi	r30, 0x12	; 18
     62e:	0c 94 ad 24 	jmp	0x495a	; 0x495a <__epilogue_restores__>

00000632 <__divsf3>:
     632:	a8 e1       	ldi	r26, 0x18	; 24
     634:	b0 e0       	ldi	r27, 0x00	; 0
     636:	ef e1       	ldi	r30, 0x1F	; 31
     638:	f3 e0       	ldi	r31, 0x03	; 3
     63a:	0c 94 99 24 	jmp	0x4932	; 0x4932 <__prologue_saves__+0x10>
     63e:	69 83       	std	Y+1, r22	; 0x01
     640:	7a 83       	std	Y+2, r23	; 0x02
     642:	8b 83       	std	Y+3, r24	; 0x03
     644:	9c 83       	std	Y+4, r25	; 0x04
     646:	2d 83       	std	Y+5, r18	; 0x05
     648:	3e 83       	std	Y+6, r19	; 0x06
     64a:	4f 83       	std	Y+7, r20	; 0x07
     64c:	58 87       	std	Y+8, r21	; 0x08
     64e:	b9 e0       	ldi	r27, 0x09	; 9
     650:	eb 2e       	mov	r14, r27
     652:	f1 2c       	mov	r15, r1
     654:	ec 0e       	add	r14, r28
     656:	fd 1e       	adc	r15, r29
     658:	ce 01       	movw	r24, r28
     65a:	01 96       	adiw	r24, 0x01	; 1
     65c:	b7 01       	movw	r22, r14
     65e:	0e 94 76 06 	call	0xcec	; 0xcec <__unpack_f>
     662:	8e 01       	movw	r16, r28
     664:	0f 5e       	subi	r16, 0xEF	; 239
     666:	1f 4f       	sbci	r17, 0xFF	; 255
     668:	ce 01       	movw	r24, r28
     66a:	05 96       	adiw	r24, 0x05	; 5
     66c:	b8 01       	movw	r22, r16
     66e:	0e 94 76 06 	call	0xcec	; 0xcec <__unpack_f>
     672:	29 85       	ldd	r18, Y+9	; 0x09
     674:	22 30       	cpi	r18, 0x02	; 2
     676:	08 f4       	brcc	.+2      	; 0x67a <__divsf3+0x48>
     678:	7e c0       	rjmp	.+252    	; 0x776 <__divsf3+0x144>
     67a:	39 89       	ldd	r19, Y+17	; 0x11
     67c:	32 30       	cpi	r19, 0x02	; 2
     67e:	10 f4       	brcc	.+4      	; 0x684 <__divsf3+0x52>
     680:	b8 01       	movw	r22, r16
     682:	7c c0       	rjmp	.+248    	; 0x77c <__divsf3+0x14a>
     684:	8a 85       	ldd	r24, Y+10	; 0x0a
     686:	9a 89       	ldd	r25, Y+18	; 0x12
     688:	89 27       	eor	r24, r25
     68a:	8a 87       	std	Y+10, r24	; 0x0a
     68c:	24 30       	cpi	r18, 0x04	; 4
     68e:	11 f0       	breq	.+4      	; 0x694 <__divsf3+0x62>
     690:	22 30       	cpi	r18, 0x02	; 2
     692:	31 f4       	brne	.+12     	; 0x6a0 <__divsf3+0x6e>
     694:	23 17       	cp	r18, r19
     696:	09 f0       	breq	.+2      	; 0x69a <__divsf3+0x68>
     698:	6e c0       	rjmp	.+220    	; 0x776 <__divsf3+0x144>
     69a:	62 ef       	ldi	r22, 0xF2	; 242
     69c:	70 e0       	ldi	r23, 0x00	; 0
     69e:	6e c0       	rjmp	.+220    	; 0x77c <__divsf3+0x14a>
     6a0:	34 30       	cpi	r19, 0x04	; 4
     6a2:	39 f4       	brne	.+14     	; 0x6b2 <__divsf3+0x80>
     6a4:	1d 86       	std	Y+13, r1	; 0x0d
     6a6:	1e 86       	std	Y+14, r1	; 0x0e
     6a8:	1f 86       	std	Y+15, r1	; 0x0f
     6aa:	18 8a       	std	Y+16, r1	; 0x10
     6ac:	1c 86       	std	Y+12, r1	; 0x0c
     6ae:	1b 86       	std	Y+11, r1	; 0x0b
     6b0:	04 c0       	rjmp	.+8      	; 0x6ba <__divsf3+0x88>
     6b2:	32 30       	cpi	r19, 0x02	; 2
     6b4:	21 f4       	brne	.+8      	; 0x6be <__divsf3+0x8c>
     6b6:	84 e0       	ldi	r24, 0x04	; 4
     6b8:	89 87       	std	Y+9, r24	; 0x09
     6ba:	b7 01       	movw	r22, r14
     6bc:	5f c0       	rjmp	.+190    	; 0x77c <__divsf3+0x14a>
     6be:	2b 85       	ldd	r18, Y+11	; 0x0b
     6c0:	3c 85       	ldd	r19, Y+12	; 0x0c
     6c2:	8b 89       	ldd	r24, Y+19	; 0x13
     6c4:	9c 89       	ldd	r25, Y+20	; 0x14
     6c6:	28 1b       	sub	r18, r24
     6c8:	39 0b       	sbc	r19, r25
     6ca:	3c 87       	std	Y+12, r19	; 0x0c
     6cc:	2b 87       	std	Y+11, r18	; 0x0b
     6ce:	ed 84       	ldd	r14, Y+13	; 0x0d
     6d0:	fe 84       	ldd	r15, Y+14	; 0x0e
     6d2:	0f 85       	ldd	r16, Y+15	; 0x0f
     6d4:	18 89       	ldd	r17, Y+16	; 0x10
     6d6:	ad 88       	ldd	r10, Y+21	; 0x15
     6d8:	be 88       	ldd	r11, Y+22	; 0x16
     6da:	cf 88       	ldd	r12, Y+23	; 0x17
     6dc:	d8 8c       	ldd	r13, Y+24	; 0x18
     6de:	ea 14       	cp	r14, r10
     6e0:	fb 04       	cpc	r15, r11
     6e2:	0c 05       	cpc	r16, r12
     6e4:	1d 05       	cpc	r17, r13
     6e6:	40 f4       	brcc	.+16     	; 0x6f8 <__divsf3+0xc6>
     6e8:	ee 0c       	add	r14, r14
     6ea:	ff 1c       	adc	r15, r15
     6ec:	00 1f       	adc	r16, r16
     6ee:	11 1f       	adc	r17, r17
     6f0:	21 50       	subi	r18, 0x01	; 1
     6f2:	30 40       	sbci	r19, 0x00	; 0
     6f4:	3c 87       	std	Y+12, r19	; 0x0c
     6f6:	2b 87       	std	Y+11, r18	; 0x0b
     6f8:	20 e0       	ldi	r18, 0x00	; 0
     6fa:	30 e0       	ldi	r19, 0x00	; 0
     6fc:	40 e0       	ldi	r20, 0x00	; 0
     6fe:	50 e0       	ldi	r21, 0x00	; 0
     700:	80 e0       	ldi	r24, 0x00	; 0
     702:	90 e0       	ldi	r25, 0x00	; 0
     704:	a0 e0       	ldi	r26, 0x00	; 0
     706:	b0 e4       	ldi	r27, 0x40	; 64
     708:	60 e0       	ldi	r22, 0x00	; 0
     70a:	70 e0       	ldi	r23, 0x00	; 0
     70c:	ea 14       	cp	r14, r10
     70e:	fb 04       	cpc	r15, r11
     710:	0c 05       	cpc	r16, r12
     712:	1d 05       	cpc	r17, r13
     714:	40 f0       	brcs	.+16     	; 0x726 <__divsf3+0xf4>
     716:	28 2b       	or	r18, r24
     718:	39 2b       	or	r19, r25
     71a:	4a 2b       	or	r20, r26
     71c:	5b 2b       	or	r21, r27
     71e:	ea 18       	sub	r14, r10
     720:	fb 08       	sbc	r15, r11
     722:	0c 09       	sbc	r16, r12
     724:	1d 09       	sbc	r17, r13
     726:	b6 95       	lsr	r27
     728:	a7 95       	ror	r26
     72a:	97 95       	ror	r25
     72c:	87 95       	ror	r24
     72e:	ee 0c       	add	r14, r14
     730:	ff 1c       	adc	r15, r15
     732:	00 1f       	adc	r16, r16
     734:	11 1f       	adc	r17, r17
     736:	6f 5f       	subi	r22, 0xFF	; 255
     738:	7f 4f       	sbci	r23, 0xFF	; 255
     73a:	6f 31       	cpi	r22, 0x1F	; 31
     73c:	71 05       	cpc	r23, r1
     73e:	31 f7       	brne	.-52     	; 0x70c <__divsf3+0xda>
     740:	da 01       	movw	r26, r20
     742:	c9 01       	movw	r24, r18
     744:	8f 77       	andi	r24, 0x7F	; 127
     746:	90 70       	andi	r25, 0x00	; 0
     748:	a0 70       	andi	r26, 0x00	; 0
     74a:	b0 70       	andi	r27, 0x00	; 0
     74c:	80 34       	cpi	r24, 0x40	; 64
     74e:	91 05       	cpc	r25, r1
     750:	a1 05       	cpc	r26, r1
     752:	b1 05       	cpc	r27, r1
     754:	61 f4       	brne	.+24     	; 0x76e <__divsf3+0x13c>
     756:	27 fd       	sbrc	r18, 7
     758:	0a c0       	rjmp	.+20     	; 0x76e <__divsf3+0x13c>
     75a:	e1 14       	cp	r14, r1
     75c:	f1 04       	cpc	r15, r1
     75e:	01 05       	cpc	r16, r1
     760:	11 05       	cpc	r17, r1
     762:	29 f0       	breq	.+10     	; 0x76e <__divsf3+0x13c>
     764:	20 5c       	subi	r18, 0xC0	; 192
     766:	3f 4f       	sbci	r19, 0xFF	; 255
     768:	4f 4f       	sbci	r20, 0xFF	; 255
     76a:	5f 4f       	sbci	r21, 0xFF	; 255
     76c:	20 78       	andi	r18, 0x80	; 128
     76e:	2d 87       	std	Y+13, r18	; 0x0d
     770:	3e 87       	std	Y+14, r19	; 0x0e
     772:	4f 87       	std	Y+15, r20	; 0x0f
     774:	58 8b       	std	Y+16, r21	; 0x10
     776:	be 01       	movw	r22, r28
     778:	67 5f       	subi	r22, 0xF7	; 247
     77a:	7f 4f       	sbci	r23, 0xFF	; 255
     77c:	cb 01       	movw	r24, r22
     77e:	0e 94 a1 05 	call	0xb42	; 0xb42 <__pack_f>
     782:	68 96       	adiw	r28, 0x18	; 24
     784:	ea e0       	ldi	r30, 0x0A	; 10
     786:	0c 94 b5 24 	jmp	0x496a	; 0x496a <__epilogue_restores__+0x10>

0000078a <__nesf2>:
     78a:	a8 e1       	ldi	r26, 0x18	; 24
     78c:	b0 e0       	ldi	r27, 0x00	; 0
     78e:	eb ec       	ldi	r30, 0xCB	; 203
     790:	f3 e0       	ldi	r31, 0x03	; 3
     792:	0c 94 9d 24 	jmp	0x493a	; 0x493a <__prologue_saves__+0x18>
     796:	69 83       	std	Y+1, r22	; 0x01
     798:	7a 83       	std	Y+2, r23	; 0x02
     79a:	8b 83       	std	Y+3, r24	; 0x03
     79c:	9c 83       	std	Y+4, r25	; 0x04
     79e:	2d 83       	std	Y+5, r18	; 0x05
     7a0:	3e 83       	std	Y+6, r19	; 0x06
     7a2:	4f 83       	std	Y+7, r20	; 0x07
     7a4:	58 87       	std	Y+8, r21	; 0x08
     7a6:	89 e0       	ldi	r24, 0x09	; 9
     7a8:	e8 2e       	mov	r14, r24
     7aa:	f1 2c       	mov	r15, r1
     7ac:	ec 0e       	add	r14, r28
     7ae:	fd 1e       	adc	r15, r29
     7b0:	ce 01       	movw	r24, r28
     7b2:	01 96       	adiw	r24, 0x01	; 1
     7b4:	b7 01       	movw	r22, r14
     7b6:	0e 94 76 06 	call	0xcec	; 0xcec <__unpack_f>
     7ba:	8e 01       	movw	r16, r28
     7bc:	0f 5e       	subi	r16, 0xEF	; 239
     7be:	1f 4f       	sbci	r17, 0xFF	; 255
     7c0:	ce 01       	movw	r24, r28
     7c2:	05 96       	adiw	r24, 0x05	; 5
     7c4:	b8 01       	movw	r22, r16
     7c6:	0e 94 76 06 	call	0xcec	; 0xcec <__unpack_f>
     7ca:	89 85       	ldd	r24, Y+9	; 0x09
     7cc:	82 30       	cpi	r24, 0x02	; 2
     7ce:	40 f0       	brcs	.+16     	; 0x7e0 <__nesf2+0x56>
     7d0:	89 89       	ldd	r24, Y+17	; 0x11
     7d2:	82 30       	cpi	r24, 0x02	; 2
     7d4:	28 f0       	brcs	.+10     	; 0x7e0 <__nesf2+0x56>
     7d6:	c7 01       	movw	r24, r14
     7d8:	b8 01       	movw	r22, r16
     7da:	0e 94 ee 06 	call	0xddc	; 0xddc <__fpcmp_parts_f>
     7de:	01 c0       	rjmp	.+2      	; 0x7e2 <__nesf2+0x58>
     7e0:	81 e0       	ldi	r24, 0x01	; 1
     7e2:	68 96       	adiw	r28, 0x18	; 24
     7e4:	e6 e0       	ldi	r30, 0x06	; 6
     7e6:	0c 94 b9 24 	jmp	0x4972	; 0x4972 <__epilogue_restores__+0x18>

000007ea <__gtsf2>:
     7ea:	a8 e1       	ldi	r26, 0x18	; 24
     7ec:	b0 e0       	ldi	r27, 0x00	; 0
     7ee:	eb ef       	ldi	r30, 0xFB	; 251
     7f0:	f3 e0       	ldi	r31, 0x03	; 3
     7f2:	0c 94 9d 24 	jmp	0x493a	; 0x493a <__prologue_saves__+0x18>
     7f6:	69 83       	std	Y+1, r22	; 0x01
     7f8:	7a 83       	std	Y+2, r23	; 0x02
     7fa:	8b 83       	std	Y+3, r24	; 0x03
     7fc:	9c 83       	std	Y+4, r25	; 0x04
     7fe:	2d 83       	std	Y+5, r18	; 0x05
     800:	3e 83       	std	Y+6, r19	; 0x06
     802:	4f 83       	std	Y+7, r20	; 0x07
     804:	58 87       	std	Y+8, r21	; 0x08
     806:	89 e0       	ldi	r24, 0x09	; 9
     808:	e8 2e       	mov	r14, r24
     80a:	f1 2c       	mov	r15, r1
     80c:	ec 0e       	add	r14, r28
     80e:	fd 1e       	adc	r15, r29
     810:	ce 01       	movw	r24, r28
     812:	01 96       	adiw	r24, 0x01	; 1
     814:	b7 01       	movw	r22, r14
     816:	0e 94 76 06 	call	0xcec	; 0xcec <__unpack_f>
     81a:	8e 01       	movw	r16, r28
     81c:	0f 5e       	subi	r16, 0xEF	; 239
     81e:	1f 4f       	sbci	r17, 0xFF	; 255
     820:	ce 01       	movw	r24, r28
     822:	05 96       	adiw	r24, 0x05	; 5
     824:	b8 01       	movw	r22, r16
     826:	0e 94 76 06 	call	0xcec	; 0xcec <__unpack_f>
     82a:	89 85       	ldd	r24, Y+9	; 0x09
     82c:	82 30       	cpi	r24, 0x02	; 2
     82e:	40 f0       	brcs	.+16     	; 0x840 <__gtsf2+0x56>
     830:	89 89       	ldd	r24, Y+17	; 0x11
     832:	82 30       	cpi	r24, 0x02	; 2
     834:	28 f0       	brcs	.+10     	; 0x840 <__gtsf2+0x56>
     836:	c7 01       	movw	r24, r14
     838:	b8 01       	movw	r22, r16
     83a:	0e 94 ee 06 	call	0xddc	; 0xddc <__fpcmp_parts_f>
     83e:	01 c0       	rjmp	.+2      	; 0x842 <__gtsf2+0x58>
     840:	8f ef       	ldi	r24, 0xFF	; 255
     842:	68 96       	adiw	r28, 0x18	; 24
     844:	e6 e0       	ldi	r30, 0x06	; 6
     846:	0c 94 b9 24 	jmp	0x4972	; 0x4972 <__epilogue_restores__+0x18>

0000084a <__gesf2>:
     84a:	a8 e1       	ldi	r26, 0x18	; 24
     84c:	b0 e0       	ldi	r27, 0x00	; 0
     84e:	eb e2       	ldi	r30, 0x2B	; 43
     850:	f4 e0       	ldi	r31, 0x04	; 4
     852:	0c 94 9d 24 	jmp	0x493a	; 0x493a <__prologue_saves__+0x18>
     856:	69 83       	std	Y+1, r22	; 0x01
     858:	7a 83       	std	Y+2, r23	; 0x02
     85a:	8b 83       	std	Y+3, r24	; 0x03
     85c:	9c 83       	std	Y+4, r25	; 0x04
     85e:	2d 83       	std	Y+5, r18	; 0x05
     860:	3e 83       	std	Y+6, r19	; 0x06
     862:	4f 83       	std	Y+7, r20	; 0x07
     864:	58 87       	std	Y+8, r21	; 0x08
     866:	89 e0       	ldi	r24, 0x09	; 9
     868:	e8 2e       	mov	r14, r24
     86a:	f1 2c       	mov	r15, r1
     86c:	ec 0e       	add	r14, r28
     86e:	fd 1e       	adc	r15, r29
     870:	ce 01       	movw	r24, r28
     872:	01 96       	adiw	r24, 0x01	; 1
     874:	b7 01       	movw	r22, r14
     876:	0e 94 76 06 	call	0xcec	; 0xcec <__unpack_f>
     87a:	8e 01       	movw	r16, r28
     87c:	0f 5e       	subi	r16, 0xEF	; 239
     87e:	1f 4f       	sbci	r17, 0xFF	; 255
     880:	ce 01       	movw	r24, r28
     882:	05 96       	adiw	r24, 0x05	; 5
     884:	b8 01       	movw	r22, r16
     886:	0e 94 76 06 	call	0xcec	; 0xcec <__unpack_f>
     88a:	89 85       	ldd	r24, Y+9	; 0x09
     88c:	82 30       	cpi	r24, 0x02	; 2
     88e:	40 f0       	brcs	.+16     	; 0x8a0 <__stack+0x41>
     890:	89 89       	ldd	r24, Y+17	; 0x11
     892:	82 30       	cpi	r24, 0x02	; 2
     894:	28 f0       	brcs	.+10     	; 0x8a0 <__stack+0x41>
     896:	c7 01       	movw	r24, r14
     898:	b8 01       	movw	r22, r16
     89a:	0e 94 ee 06 	call	0xddc	; 0xddc <__fpcmp_parts_f>
     89e:	01 c0       	rjmp	.+2      	; 0x8a2 <__stack+0x43>
     8a0:	8f ef       	ldi	r24, 0xFF	; 255
     8a2:	68 96       	adiw	r28, 0x18	; 24
     8a4:	e6 e0       	ldi	r30, 0x06	; 6
     8a6:	0c 94 b9 24 	jmp	0x4972	; 0x4972 <__epilogue_restores__+0x18>

000008aa <__ltsf2>:
     8aa:	a8 e1       	ldi	r26, 0x18	; 24
     8ac:	b0 e0       	ldi	r27, 0x00	; 0
     8ae:	eb e5       	ldi	r30, 0x5B	; 91
     8b0:	f4 e0       	ldi	r31, 0x04	; 4
     8b2:	0c 94 9d 24 	jmp	0x493a	; 0x493a <__prologue_saves__+0x18>
     8b6:	69 83       	std	Y+1, r22	; 0x01
     8b8:	7a 83       	std	Y+2, r23	; 0x02
     8ba:	8b 83       	std	Y+3, r24	; 0x03
     8bc:	9c 83       	std	Y+4, r25	; 0x04
     8be:	2d 83       	std	Y+5, r18	; 0x05
     8c0:	3e 83       	std	Y+6, r19	; 0x06
     8c2:	4f 83       	std	Y+7, r20	; 0x07
     8c4:	58 87       	std	Y+8, r21	; 0x08
     8c6:	89 e0       	ldi	r24, 0x09	; 9
     8c8:	e8 2e       	mov	r14, r24
     8ca:	f1 2c       	mov	r15, r1
     8cc:	ec 0e       	add	r14, r28
     8ce:	fd 1e       	adc	r15, r29
     8d0:	ce 01       	movw	r24, r28
     8d2:	01 96       	adiw	r24, 0x01	; 1
     8d4:	b7 01       	movw	r22, r14
     8d6:	0e 94 76 06 	call	0xcec	; 0xcec <__unpack_f>
     8da:	8e 01       	movw	r16, r28
     8dc:	0f 5e       	subi	r16, 0xEF	; 239
     8de:	1f 4f       	sbci	r17, 0xFF	; 255
     8e0:	ce 01       	movw	r24, r28
     8e2:	05 96       	adiw	r24, 0x05	; 5
     8e4:	b8 01       	movw	r22, r16
     8e6:	0e 94 76 06 	call	0xcec	; 0xcec <__unpack_f>
     8ea:	89 85       	ldd	r24, Y+9	; 0x09
     8ec:	82 30       	cpi	r24, 0x02	; 2
     8ee:	40 f0       	brcs	.+16     	; 0x900 <__ltsf2+0x56>
     8f0:	89 89       	ldd	r24, Y+17	; 0x11
     8f2:	82 30       	cpi	r24, 0x02	; 2
     8f4:	28 f0       	brcs	.+10     	; 0x900 <__ltsf2+0x56>
     8f6:	c7 01       	movw	r24, r14
     8f8:	b8 01       	movw	r22, r16
     8fa:	0e 94 ee 06 	call	0xddc	; 0xddc <__fpcmp_parts_f>
     8fe:	01 c0       	rjmp	.+2      	; 0x902 <__ltsf2+0x58>
     900:	81 e0       	ldi	r24, 0x01	; 1
     902:	68 96       	adiw	r28, 0x18	; 24
     904:	e6 e0       	ldi	r30, 0x06	; 6
     906:	0c 94 b9 24 	jmp	0x4972	; 0x4972 <__epilogue_restores__+0x18>

0000090a <__fixsfsi>:
     90a:	ac e0       	ldi	r26, 0x0C	; 12
     90c:	b0 e0       	ldi	r27, 0x00	; 0
     90e:	eb e8       	ldi	r30, 0x8B	; 139
     910:	f4 e0       	ldi	r31, 0x04	; 4
     912:	0c 94 a1 24 	jmp	0x4942	; 0x4942 <__prologue_saves__+0x20>
     916:	69 83       	std	Y+1, r22	; 0x01
     918:	7a 83       	std	Y+2, r23	; 0x02
     91a:	8b 83       	std	Y+3, r24	; 0x03
     91c:	9c 83       	std	Y+4, r25	; 0x04
     91e:	ce 01       	movw	r24, r28
     920:	01 96       	adiw	r24, 0x01	; 1
     922:	be 01       	movw	r22, r28
     924:	6b 5f       	subi	r22, 0xFB	; 251
     926:	7f 4f       	sbci	r23, 0xFF	; 255
     928:	0e 94 76 06 	call	0xcec	; 0xcec <__unpack_f>
     92c:	8d 81       	ldd	r24, Y+5	; 0x05
     92e:	82 30       	cpi	r24, 0x02	; 2
     930:	61 f1       	breq	.+88     	; 0x98a <__fixsfsi+0x80>
     932:	82 30       	cpi	r24, 0x02	; 2
     934:	50 f1       	brcs	.+84     	; 0x98a <__fixsfsi+0x80>
     936:	84 30       	cpi	r24, 0x04	; 4
     938:	21 f4       	brne	.+8      	; 0x942 <__fixsfsi+0x38>
     93a:	8e 81       	ldd	r24, Y+6	; 0x06
     93c:	88 23       	and	r24, r24
     93e:	51 f1       	breq	.+84     	; 0x994 <__fixsfsi+0x8a>
     940:	2e c0       	rjmp	.+92     	; 0x99e <__fixsfsi+0x94>
     942:	2f 81       	ldd	r18, Y+7	; 0x07
     944:	38 85       	ldd	r19, Y+8	; 0x08
     946:	37 fd       	sbrc	r19, 7
     948:	20 c0       	rjmp	.+64     	; 0x98a <__fixsfsi+0x80>
     94a:	6e 81       	ldd	r22, Y+6	; 0x06
     94c:	2f 31       	cpi	r18, 0x1F	; 31
     94e:	31 05       	cpc	r19, r1
     950:	1c f0       	brlt	.+6      	; 0x958 <__fixsfsi+0x4e>
     952:	66 23       	and	r22, r22
     954:	f9 f0       	breq	.+62     	; 0x994 <__fixsfsi+0x8a>
     956:	23 c0       	rjmp	.+70     	; 0x99e <__fixsfsi+0x94>
     958:	8e e1       	ldi	r24, 0x1E	; 30
     95a:	90 e0       	ldi	r25, 0x00	; 0
     95c:	82 1b       	sub	r24, r18
     95e:	93 0b       	sbc	r25, r19
     960:	29 85       	ldd	r18, Y+9	; 0x09
     962:	3a 85       	ldd	r19, Y+10	; 0x0a
     964:	4b 85       	ldd	r20, Y+11	; 0x0b
     966:	5c 85       	ldd	r21, Y+12	; 0x0c
     968:	04 c0       	rjmp	.+8      	; 0x972 <__fixsfsi+0x68>
     96a:	56 95       	lsr	r21
     96c:	47 95       	ror	r20
     96e:	37 95       	ror	r19
     970:	27 95       	ror	r18
     972:	8a 95       	dec	r24
     974:	d2 f7       	brpl	.-12     	; 0x96a <__fixsfsi+0x60>
     976:	66 23       	and	r22, r22
     978:	b1 f0       	breq	.+44     	; 0x9a6 <__fixsfsi+0x9c>
     97a:	50 95       	com	r21
     97c:	40 95       	com	r20
     97e:	30 95       	com	r19
     980:	21 95       	neg	r18
     982:	3f 4f       	sbci	r19, 0xFF	; 255
     984:	4f 4f       	sbci	r20, 0xFF	; 255
     986:	5f 4f       	sbci	r21, 0xFF	; 255
     988:	0e c0       	rjmp	.+28     	; 0x9a6 <__fixsfsi+0x9c>
     98a:	20 e0       	ldi	r18, 0x00	; 0
     98c:	30 e0       	ldi	r19, 0x00	; 0
     98e:	40 e0       	ldi	r20, 0x00	; 0
     990:	50 e0       	ldi	r21, 0x00	; 0
     992:	09 c0       	rjmp	.+18     	; 0x9a6 <__fixsfsi+0x9c>
     994:	2f ef       	ldi	r18, 0xFF	; 255
     996:	3f ef       	ldi	r19, 0xFF	; 255
     998:	4f ef       	ldi	r20, 0xFF	; 255
     99a:	5f e7       	ldi	r21, 0x7F	; 127
     99c:	04 c0       	rjmp	.+8      	; 0x9a6 <__fixsfsi+0x9c>
     99e:	20 e0       	ldi	r18, 0x00	; 0
     9a0:	30 e0       	ldi	r19, 0x00	; 0
     9a2:	40 e0       	ldi	r20, 0x00	; 0
     9a4:	50 e8       	ldi	r21, 0x80	; 128
     9a6:	b9 01       	movw	r22, r18
     9a8:	ca 01       	movw	r24, r20
     9aa:	2c 96       	adiw	r28, 0x0c	; 12
     9ac:	e2 e0       	ldi	r30, 0x02	; 2
     9ae:	0c 94 bd 24 	jmp	0x497a	; 0x497a <__epilogue_restores__+0x20>

000009b2 <__floatunsisf>:
     9b2:	a8 e0       	ldi	r26, 0x08	; 8
     9b4:	b0 e0       	ldi	r27, 0x00	; 0
     9b6:	ef ed       	ldi	r30, 0xDF	; 223
     9b8:	f4 e0       	ldi	r31, 0x04	; 4
     9ba:	0c 94 99 24 	jmp	0x4932	; 0x4932 <__prologue_saves__+0x10>
     9be:	7b 01       	movw	r14, r22
     9c0:	8c 01       	movw	r16, r24
     9c2:	61 15       	cp	r22, r1
     9c4:	71 05       	cpc	r23, r1
     9c6:	81 05       	cpc	r24, r1
     9c8:	91 05       	cpc	r25, r1
     9ca:	19 f4       	brne	.+6      	; 0x9d2 <__floatunsisf+0x20>
     9cc:	82 e0       	ldi	r24, 0x02	; 2
     9ce:	89 83       	std	Y+1, r24	; 0x01
     9d0:	60 c0       	rjmp	.+192    	; 0xa92 <__floatunsisf+0xe0>
     9d2:	83 e0       	ldi	r24, 0x03	; 3
     9d4:	89 83       	std	Y+1, r24	; 0x01
     9d6:	8e e1       	ldi	r24, 0x1E	; 30
     9d8:	c8 2e       	mov	r12, r24
     9da:	d1 2c       	mov	r13, r1
     9dc:	dc 82       	std	Y+4, r13	; 0x04
     9de:	cb 82       	std	Y+3, r12	; 0x03
     9e0:	ed 82       	std	Y+5, r14	; 0x05
     9e2:	fe 82       	std	Y+6, r15	; 0x06
     9e4:	0f 83       	std	Y+7, r16	; 0x07
     9e6:	18 87       	std	Y+8, r17	; 0x08
     9e8:	c8 01       	movw	r24, r16
     9ea:	b7 01       	movw	r22, r14
     9ec:	0e 94 52 05 	call	0xaa4	; 0xaa4 <__clzsi2>
     9f0:	fc 01       	movw	r30, r24
     9f2:	31 97       	sbiw	r30, 0x01	; 1
     9f4:	f7 ff       	sbrs	r31, 7
     9f6:	3b c0       	rjmp	.+118    	; 0xa6e <__floatunsisf+0xbc>
     9f8:	22 27       	eor	r18, r18
     9fa:	33 27       	eor	r19, r19
     9fc:	2e 1b       	sub	r18, r30
     9fe:	3f 0b       	sbc	r19, r31
     a00:	57 01       	movw	r10, r14
     a02:	68 01       	movw	r12, r16
     a04:	02 2e       	mov	r0, r18
     a06:	04 c0       	rjmp	.+8      	; 0xa10 <__floatunsisf+0x5e>
     a08:	d6 94       	lsr	r13
     a0a:	c7 94       	ror	r12
     a0c:	b7 94       	ror	r11
     a0e:	a7 94       	ror	r10
     a10:	0a 94       	dec	r0
     a12:	d2 f7       	brpl	.-12     	; 0xa08 <__floatunsisf+0x56>
     a14:	40 e0       	ldi	r20, 0x00	; 0
     a16:	50 e0       	ldi	r21, 0x00	; 0
     a18:	60 e0       	ldi	r22, 0x00	; 0
     a1a:	70 e0       	ldi	r23, 0x00	; 0
     a1c:	81 e0       	ldi	r24, 0x01	; 1
     a1e:	90 e0       	ldi	r25, 0x00	; 0
     a20:	a0 e0       	ldi	r26, 0x00	; 0
     a22:	b0 e0       	ldi	r27, 0x00	; 0
     a24:	04 c0       	rjmp	.+8      	; 0xa2e <__floatunsisf+0x7c>
     a26:	88 0f       	add	r24, r24
     a28:	99 1f       	adc	r25, r25
     a2a:	aa 1f       	adc	r26, r26
     a2c:	bb 1f       	adc	r27, r27
     a2e:	2a 95       	dec	r18
     a30:	d2 f7       	brpl	.-12     	; 0xa26 <__floatunsisf+0x74>
     a32:	01 97       	sbiw	r24, 0x01	; 1
     a34:	a1 09       	sbc	r26, r1
     a36:	b1 09       	sbc	r27, r1
     a38:	8e 21       	and	r24, r14
     a3a:	9f 21       	and	r25, r15
     a3c:	a0 23       	and	r26, r16
     a3e:	b1 23       	and	r27, r17
     a40:	00 97       	sbiw	r24, 0x00	; 0
     a42:	a1 05       	cpc	r26, r1
     a44:	b1 05       	cpc	r27, r1
     a46:	21 f0       	breq	.+8      	; 0xa50 <__floatunsisf+0x9e>
     a48:	41 e0       	ldi	r20, 0x01	; 1
     a4a:	50 e0       	ldi	r21, 0x00	; 0
     a4c:	60 e0       	ldi	r22, 0x00	; 0
     a4e:	70 e0       	ldi	r23, 0x00	; 0
     a50:	4a 29       	or	r20, r10
     a52:	5b 29       	or	r21, r11
     a54:	6c 29       	or	r22, r12
     a56:	7d 29       	or	r23, r13
     a58:	4d 83       	std	Y+5, r20	; 0x05
     a5a:	5e 83       	std	Y+6, r21	; 0x06
     a5c:	6f 83       	std	Y+7, r22	; 0x07
     a5e:	78 87       	std	Y+8, r23	; 0x08
     a60:	8e e1       	ldi	r24, 0x1E	; 30
     a62:	90 e0       	ldi	r25, 0x00	; 0
     a64:	8e 1b       	sub	r24, r30
     a66:	9f 0b       	sbc	r25, r31
     a68:	9c 83       	std	Y+4, r25	; 0x04
     a6a:	8b 83       	std	Y+3, r24	; 0x03
     a6c:	12 c0       	rjmp	.+36     	; 0xa92 <__floatunsisf+0xe0>
     a6e:	30 97       	sbiw	r30, 0x00	; 0
     a70:	81 f0       	breq	.+32     	; 0xa92 <__floatunsisf+0xe0>
     a72:	0e 2e       	mov	r0, r30
     a74:	04 c0       	rjmp	.+8      	; 0xa7e <__floatunsisf+0xcc>
     a76:	ee 0c       	add	r14, r14
     a78:	ff 1c       	adc	r15, r15
     a7a:	00 1f       	adc	r16, r16
     a7c:	11 1f       	adc	r17, r17
     a7e:	0a 94       	dec	r0
     a80:	d2 f7       	brpl	.-12     	; 0xa76 <__floatunsisf+0xc4>
     a82:	ed 82       	std	Y+5, r14	; 0x05
     a84:	fe 82       	std	Y+6, r15	; 0x06
     a86:	0f 83       	std	Y+7, r16	; 0x07
     a88:	18 87       	std	Y+8, r17	; 0x08
     a8a:	ce 1a       	sub	r12, r30
     a8c:	df 0a       	sbc	r13, r31
     a8e:	dc 82       	std	Y+4, r13	; 0x04
     a90:	cb 82       	std	Y+3, r12	; 0x03
     a92:	1a 82       	std	Y+2, r1	; 0x02
     a94:	ce 01       	movw	r24, r28
     a96:	01 96       	adiw	r24, 0x01	; 1
     a98:	0e 94 a1 05 	call	0xb42	; 0xb42 <__pack_f>
     a9c:	28 96       	adiw	r28, 0x08	; 8
     a9e:	ea e0       	ldi	r30, 0x0A	; 10
     aa0:	0c 94 b5 24 	jmp	0x496a	; 0x496a <__epilogue_restores__+0x10>

00000aa4 <__clzsi2>:
     aa4:	ef 92       	push	r14
     aa6:	ff 92       	push	r15
     aa8:	0f 93       	push	r16
     aaa:	1f 93       	push	r17
     aac:	7b 01       	movw	r14, r22
     aae:	8c 01       	movw	r16, r24
     ab0:	80 e0       	ldi	r24, 0x00	; 0
     ab2:	e8 16       	cp	r14, r24
     ab4:	80 e0       	ldi	r24, 0x00	; 0
     ab6:	f8 06       	cpc	r15, r24
     ab8:	81 e0       	ldi	r24, 0x01	; 1
     aba:	08 07       	cpc	r16, r24
     abc:	80 e0       	ldi	r24, 0x00	; 0
     abe:	18 07       	cpc	r17, r24
     ac0:	88 f4       	brcc	.+34     	; 0xae4 <__clzsi2+0x40>
     ac2:	8f ef       	ldi	r24, 0xFF	; 255
     ac4:	e8 16       	cp	r14, r24
     ac6:	f1 04       	cpc	r15, r1
     ac8:	01 05       	cpc	r16, r1
     aca:	11 05       	cpc	r17, r1
     acc:	31 f0       	breq	.+12     	; 0xada <__clzsi2+0x36>
     ace:	28 f0       	brcs	.+10     	; 0xada <__clzsi2+0x36>
     ad0:	88 e0       	ldi	r24, 0x08	; 8
     ad2:	90 e0       	ldi	r25, 0x00	; 0
     ad4:	a0 e0       	ldi	r26, 0x00	; 0
     ad6:	b0 e0       	ldi	r27, 0x00	; 0
     ad8:	17 c0       	rjmp	.+46     	; 0xb08 <__clzsi2+0x64>
     ada:	80 e0       	ldi	r24, 0x00	; 0
     adc:	90 e0       	ldi	r25, 0x00	; 0
     ade:	a0 e0       	ldi	r26, 0x00	; 0
     ae0:	b0 e0       	ldi	r27, 0x00	; 0
     ae2:	12 c0       	rjmp	.+36     	; 0xb08 <__clzsi2+0x64>
     ae4:	80 e0       	ldi	r24, 0x00	; 0
     ae6:	e8 16       	cp	r14, r24
     ae8:	80 e0       	ldi	r24, 0x00	; 0
     aea:	f8 06       	cpc	r15, r24
     aec:	80 e0       	ldi	r24, 0x00	; 0
     aee:	08 07       	cpc	r16, r24
     af0:	81 e0       	ldi	r24, 0x01	; 1
     af2:	18 07       	cpc	r17, r24
     af4:	28 f0       	brcs	.+10     	; 0xb00 <__clzsi2+0x5c>
     af6:	88 e1       	ldi	r24, 0x18	; 24
     af8:	90 e0       	ldi	r25, 0x00	; 0
     afa:	a0 e0       	ldi	r26, 0x00	; 0
     afc:	b0 e0       	ldi	r27, 0x00	; 0
     afe:	04 c0       	rjmp	.+8      	; 0xb08 <__clzsi2+0x64>
     b00:	80 e1       	ldi	r24, 0x10	; 16
     b02:	90 e0       	ldi	r25, 0x00	; 0
     b04:	a0 e0       	ldi	r26, 0x00	; 0
     b06:	b0 e0       	ldi	r27, 0x00	; 0
     b08:	20 e2       	ldi	r18, 0x20	; 32
     b0a:	30 e0       	ldi	r19, 0x00	; 0
     b0c:	40 e0       	ldi	r20, 0x00	; 0
     b0e:	50 e0       	ldi	r21, 0x00	; 0
     b10:	28 1b       	sub	r18, r24
     b12:	39 0b       	sbc	r19, r25
     b14:	4a 0b       	sbc	r20, r26
     b16:	5b 0b       	sbc	r21, r27
     b18:	04 c0       	rjmp	.+8      	; 0xb22 <__clzsi2+0x7e>
     b1a:	16 95       	lsr	r17
     b1c:	07 95       	ror	r16
     b1e:	f7 94       	ror	r15
     b20:	e7 94       	ror	r14
     b22:	8a 95       	dec	r24
     b24:	d2 f7       	brpl	.-12     	; 0xb1a <__clzsi2+0x76>
     b26:	f7 01       	movw	r30, r14
     b28:	e6 50       	subi	r30, 0x06	; 6
     b2a:	ff 4f       	sbci	r31, 0xFF	; 255
     b2c:	80 81       	ld	r24, Z
     b2e:	28 1b       	sub	r18, r24
     b30:	31 09       	sbc	r19, r1
     b32:	41 09       	sbc	r20, r1
     b34:	51 09       	sbc	r21, r1
     b36:	c9 01       	movw	r24, r18
     b38:	1f 91       	pop	r17
     b3a:	0f 91       	pop	r16
     b3c:	ff 90       	pop	r15
     b3e:	ef 90       	pop	r14
     b40:	08 95       	ret

00000b42 <__pack_f>:
     b42:	df 92       	push	r13
     b44:	ef 92       	push	r14
     b46:	ff 92       	push	r15
     b48:	0f 93       	push	r16
     b4a:	1f 93       	push	r17
     b4c:	fc 01       	movw	r30, r24
     b4e:	e4 80       	ldd	r14, Z+4	; 0x04
     b50:	f5 80       	ldd	r15, Z+5	; 0x05
     b52:	06 81       	ldd	r16, Z+6	; 0x06
     b54:	17 81       	ldd	r17, Z+7	; 0x07
     b56:	d1 80       	ldd	r13, Z+1	; 0x01
     b58:	80 81       	ld	r24, Z
     b5a:	82 30       	cpi	r24, 0x02	; 2
     b5c:	48 f4       	brcc	.+18     	; 0xb70 <__pack_f+0x2e>
     b5e:	80 e0       	ldi	r24, 0x00	; 0
     b60:	90 e0       	ldi	r25, 0x00	; 0
     b62:	a0 e1       	ldi	r26, 0x10	; 16
     b64:	b0 e0       	ldi	r27, 0x00	; 0
     b66:	e8 2a       	or	r14, r24
     b68:	f9 2a       	or	r15, r25
     b6a:	0a 2b       	or	r16, r26
     b6c:	1b 2b       	or	r17, r27
     b6e:	a5 c0       	rjmp	.+330    	; 0xcba <__pack_f+0x178>
     b70:	84 30       	cpi	r24, 0x04	; 4
     b72:	09 f4       	brne	.+2      	; 0xb76 <__pack_f+0x34>
     b74:	9f c0       	rjmp	.+318    	; 0xcb4 <__pack_f+0x172>
     b76:	82 30       	cpi	r24, 0x02	; 2
     b78:	21 f4       	brne	.+8      	; 0xb82 <__pack_f+0x40>
     b7a:	ee 24       	eor	r14, r14
     b7c:	ff 24       	eor	r15, r15
     b7e:	87 01       	movw	r16, r14
     b80:	05 c0       	rjmp	.+10     	; 0xb8c <__pack_f+0x4a>
     b82:	e1 14       	cp	r14, r1
     b84:	f1 04       	cpc	r15, r1
     b86:	01 05       	cpc	r16, r1
     b88:	11 05       	cpc	r17, r1
     b8a:	19 f4       	brne	.+6      	; 0xb92 <__pack_f+0x50>
     b8c:	e0 e0       	ldi	r30, 0x00	; 0
     b8e:	f0 e0       	ldi	r31, 0x00	; 0
     b90:	96 c0       	rjmp	.+300    	; 0xcbe <__pack_f+0x17c>
     b92:	62 81       	ldd	r22, Z+2	; 0x02
     b94:	73 81       	ldd	r23, Z+3	; 0x03
     b96:	9f ef       	ldi	r25, 0xFF	; 255
     b98:	62 38       	cpi	r22, 0x82	; 130
     b9a:	79 07       	cpc	r23, r25
     b9c:	0c f0       	brlt	.+2      	; 0xba0 <__pack_f+0x5e>
     b9e:	5b c0       	rjmp	.+182    	; 0xc56 <__pack_f+0x114>
     ba0:	22 e8       	ldi	r18, 0x82	; 130
     ba2:	3f ef       	ldi	r19, 0xFF	; 255
     ba4:	26 1b       	sub	r18, r22
     ba6:	37 0b       	sbc	r19, r23
     ba8:	2a 31       	cpi	r18, 0x1A	; 26
     baa:	31 05       	cpc	r19, r1
     bac:	2c f0       	brlt	.+10     	; 0xbb8 <__pack_f+0x76>
     bae:	20 e0       	ldi	r18, 0x00	; 0
     bb0:	30 e0       	ldi	r19, 0x00	; 0
     bb2:	40 e0       	ldi	r20, 0x00	; 0
     bb4:	50 e0       	ldi	r21, 0x00	; 0
     bb6:	2a c0       	rjmp	.+84     	; 0xc0c <__pack_f+0xca>
     bb8:	b8 01       	movw	r22, r16
     bba:	a7 01       	movw	r20, r14
     bbc:	02 2e       	mov	r0, r18
     bbe:	04 c0       	rjmp	.+8      	; 0xbc8 <__pack_f+0x86>
     bc0:	76 95       	lsr	r23
     bc2:	67 95       	ror	r22
     bc4:	57 95       	ror	r21
     bc6:	47 95       	ror	r20
     bc8:	0a 94       	dec	r0
     bca:	d2 f7       	brpl	.-12     	; 0xbc0 <__pack_f+0x7e>
     bcc:	81 e0       	ldi	r24, 0x01	; 1
     bce:	90 e0       	ldi	r25, 0x00	; 0
     bd0:	a0 e0       	ldi	r26, 0x00	; 0
     bd2:	b0 e0       	ldi	r27, 0x00	; 0
     bd4:	04 c0       	rjmp	.+8      	; 0xbde <__pack_f+0x9c>
     bd6:	88 0f       	add	r24, r24
     bd8:	99 1f       	adc	r25, r25
     bda:	aa 1f       	adc	r26, r26
     bdc:	bb 1f       	adc	r27, r27
     bde:	2a 95       	dec	r18
     be0:	d2 f7       	brpl	.-12     	; 0xbd6 <__pack_f+0x94>
     be2:	01 97       	sbiw	r24, 0x01	; 1
     be4:	a1 09       	sbc	r26, r1
     be6:	b1 09       	sbc	r27, r1
     be8:	8e 21       	and	r24, r14
     bea:	9f 21       	and	r25, r15
     bec:	a0 23       	and	r26, r16
     bee:	b1 23       	and	r27, r17
     bf0:	00 97       	sbiw	r24, 0x00	; 0
     bf2:	a1 05       	cpc	r26, r1
     bf4:	b1 05       	cpc	r27, r1
     bf6:	21 f0       	breq	.+8      	; 0xc00 <__pack_f+0xbe>
     bf8:	81 e0       	ldi	r24, 0x01	; 1
     bfa:	90 e0       	ldi	r25, 0x00	; 0
     bfc:	a0 e0       	ldi	r26, 0x00	; 0
     bfe:	b0 e0       	ldi	r27, 0x00	; 0
     c00:	9a 01       	movw	r18, r20
     c02:	ab 01       	movw	r20, r22
     c04:	28 2b       	or	r18, r24
     c06:	39 2b       	or	r19, r25
     c08:	4a 2b       	or	r20, r26
     c0a:	5b 2b       	or	r21, r27
     c0c:	da 01       	movw	r26, r20
     c0e:	c9 01       	movw	r24, r18
     c10:	8f 77       	andi	r24, 0x7F	; 127
     c12:	90 70       	andi	r25, 0x00	; 0
     c14:	a0 70       	andi	r26, 0x00	; 0
     c16:	b0 70       	andi	r27, 0x00	; 0
     c18:	80 34       	cpi	r24, 0x40	; 64
     c1a:	91 05       	cpc	r25, r1
     c1c:	a1 05       	cpc	r26, r1
     c1e:	b1 05       	cpc	r27, r1
     c20:	39 f4       	brne	.+14     	; 0xc30 <__pack_f+0xee>
     c22:	27 ff       	sbrs	r18, 7
     c24:	09 c0       	rjmp	.+18     	; 0xc38 <__pack_f+0xf6>
     c26:	20 5c       	subi	r18, 0xC0	; 192
     c28:	3f 4f       	sbci	r19, 0xFF	; 255
     c2a:	4f 4f       	sbci	r20, 0xFF	; 255
     c2c:	5f 4f       	sbci	r21, 0xFF	; 255
     c2e:	04 c0       	rjmp	.+8      	; 0xc38 <__pack_f+0xf6>
     c30:	21 5c       	subi	r18, 0xC1	; 193
     c32:	3f 4f       	sbci	r19, 0xFF	; 255
     c34:	4f 4f       	sbci	r20, 0xFF	; 255
     c36:	5f 4f       	sbci	r21, 0xFF	; 255
     c38:	e0 e0       	ldi	r30, 0x00	; 0
     c3a:	f0 e0       	ldi	r31, 0x00	; 0
     c3c:	20 30       	cpi	r18, 0x00	; 0
     c3e:	a0 e0       	ldi	r26, 0x00	; 0
     c40:	3a 07       	cpc	r19, r26
     c42:	a0 e0       	ldi	r26, 0x00	; 0
     c44:	4a 07       	cpc	r20, r26
     c46:	a0 e4       	ldi	r26, 0x40	; 64
     c48:	5a 07       	cpc	r21, r26
     c4a:	10 f0       	brcs	.+4      	; 0xc50 <__pack_f+0x10e>
     c4c:	e1 e0       	ldi	r30, 0x01	; 1
     c4e:	f0 e0       	ldi	r31, 0x00	; 0
     c50:	79 01       	movw	r14, r18
     c52:	8a 01       	movw	r16, r20
     c54:	27 c0       	rjmp	.+78     	; 0xca4 <__pack_f+0x162>
     c56:	60 38       	cpi	r22, 0x80	; 128
     c58:	71 05       	cpc	r23, r1
     c5a:	64 f5       	brge	.+88     	; 0xcb4 <__pack_f+0x172>
     c5c:	fb 01       	movw	r30, r22
     c5e:	e1 58       	subi	r30, 0x81	; 129
     c60:	ff 4f       	sbci	r31, 0xFF	; 255
     c62:	d8 01       	movw	r26, r16
     c64:	c7 01       	movw	r24, r14
     c66:	8f 77       	andi	r24, 0x7F	; 127
     c68:	90 70       	andi	r25, 0x00	; 0
     c6a:	a0 70       	andi	r26, 0x00	; 0
     c6c:	b0 70       	andi	r27, 0x00	; 0
     c6e:	80 34       	cpi	r24, 0x40	; 64
     c70:	91 05       	cpc	r25, r1
     c72:	a1 05       	cpc	r26, r1
     c74:	b1 05       	cpc	r27, r1
     c76:	39 f4       	brne	.+14     	; 0xc86 <__pack_f+0x144>
     c78:	e7 fe       	sbrs	r14, 7
     c7a:	0d c0       	rjmp	.+26     	; 0xc96 <__pack_f+0x154>
     c7c:	80 e4       	ldi	r24, 0x40	; 64
     c7e:	90 e0       	ldi	r25, 0x00	; 0
     c80:	a0 e0       	ldi	r26, 0x00	; 0
     c82:	b0 e0       	ldi	r27, 0x00	; 0
     c84:	04 c0       	rjmp	.+8      	; 0xc8e <__pack_f+0x14c>
     c86:	8f e3       	ldi	r24, 0x3F	; 63
     c88:	90 e0       	ldi	r25, 0x00	; 0
     c8a:	a0 e0       	ldi	r26, 0x00	; 0
     c8c:	b0 e0       	ldi	r27, 0x00	; 0
     c8e:	e8 0e       	add	r14, r24
     c90:	f9 1e       	adc	r15, r25
     c92:	0a 1f       	adc	r16, r26
     c94:	1b 1f       	adc	r17, r27
     c96:	17 ff       	sbrs	r17, 7
     c98:	05 c0       	rjmp	.+10     	; 0xca4 <__pack_f+0x162>
     c9a:	16 95       	lsr	r17
     c9c:	07 95       	ror	r16
     c9e:	f7 94       	ror	r15
     ca0:	e7 94       	ror	r14
     ca2:	31 96       	adiw	r30, 0x01	; 1
     ca4:	87 e0       	ldi	r24, 0x07	; 7
     ca6:	16 95       	lsr	r17
     ca8:	07 95       	ror	r16
     caa:	f7 94       	ror	r15
     cac:	e7 94       	ror	r14
     cae:	8a 95       	dec	r24
     cb0:	d1 f7       	brne	.-12     	; 0xca6 <__pack_f+0x164>
     cb2:	05 c0       	rjmp	.+10     	; 0xcbe <__pack_f+0x17c>
     cb4:	ee 24       	eor	r14, r14
     cb6:	ff 24       	eor	r15, r15
     cb8:	87 01       	movw	r16, r14
     cba:	ef ef       	ldi	r30, 0xFF	; 255
     cbc:	f0 e0       	ldi	r31, 0x00	; 0
     cbe:	6e 2f       	mov	r22, r30
     cc0:	67 95       	ror	r22
     cc2:	66 27       	eor	r22, r22
     cc4:	67 95       	ror	r22
     cc6:	90 2f       	mov	r25, r16
     cc8:	9f 77       	andi	r25, 0x7F	; 127
     cca:	d7 94       	ror	r13
     ccc:	dd 24       	eor	r13, r13
     cce:	d7 94       	ror	r13
     cd0:	8e 2f       	mov	r24, r30
     cd2:	86 95       	lsr	r24
     cd4:	49 2f       	mov	r20, r25
     cd6:	46 2b       	or	r20, r22
     cd8:	58 2f       	mov	r21, r24
     cda:	5d 29       	or	r21, r13
     cdc:	b7 01       	movw	r22, r14
     cde:	ca 01       	movw	r24, r20
     ce0:	1f 91       	pop	r17
     ce2:	0f 91       	pop	r16
     ce4:	ff 90       	pop	r15
     ce6:	ef 90       	pop	r14
     ce8:	df 90       	pop	r13
     cea:	08 95       	ret

00000cec <__unpack_f>:
     cec:	fc 01       	movw	r30, r24
     cee:	db 01       	movw	r26, r22
     cf0:	40 81       	ld	r20, Z
     cf2:	51 81       	ldd	r21, Z+1	; 0x01
     cf4:	22 81       	ldd	r18, Z+2	; 0x02
     cf6:	62 2f       	mov	r22, r18
     cf8:	6f 77       	andi	r22, 0x7F	; 127
     cfa:	70 e0       	ldi	r23, 0x00	; 0
     cfc:	22 1f       	adc	r18, r18
     cfe:	22 27       	eor	r18, r18
     d00:	22 1f       	adc	r18, r18
     d02:	93 81       	ldd	r25, Z+3	; 0x03
     d04:	89 2f       	mov	r24, r25
     d06:	88 0f       	add	r24, r24
     d08:	82 2b       	or	r24, r18
     d0a:	28 2f       	mov	r18, r24
     d0c:	30 e0       	ldi	r19, 0x00	; 0
     d0e:	99 1f       	adc	r25, r25
     d10:	99 27       	eor	r25, r25
     d12:	99 1f       	adc	r25, r25
     d14:	11 96       	adiw	r26, 0x01	; 1
     d16:	9c 93       	st	X, r25
     d18:	11 97       	sbiw	r26, 0x01	; 1
     d1a:	21 15       	cp	r18, r1
     d1c:	31 05       	cpc	r19, r1
     d1e:	a9 f5       	brne	.+106    	; 0xd8a <__unpack_f+0x9e>
     d20:	41 15       	cp	r20, r1
     d22:	51 05       	cpc	r21, r1
     d24:	61 05       	cpc	r22, r1
     d26:	71 05       	cpc	r23, r1
     d28:	11 f4       	brne	.+4      	; 0xd2e <__unpack_f+0x42>
     d2a:	82 e0       	ldi	r24, 0x02	; 2
     d2c:	37 c0       	rjmp	.+110    	; 0xd9c <__unpack_f+0xb0>
     d2e:	82 e8       	ldi	r24, 0x82	; 130
     d30:	9f ef       	ldi	r25, 0xFF	; 255
     d32:	13 96       	adiw	r26, 0x03	; 3
     d34:	9c 93       	st	X, r25
     d36:	8e 93       	st	-X, r24
     d38:	12 97       	sbiw	r26, 0x02	; 2
     d3a:	9a 01       	movw	r18, r20
     d3c:	ab 01       	movw	r20, r22
     d3e:	67 e0       	ldi	r22, 0x07	; 7
     d40:	22 0f       	add	r18, r18
     d42:	33 1f       	adc	r19, r19
     d44:	44 1f       	adc	r20, r20
     d46:	55 1f       	adc	r21, r21
     d48:	6a 95       	dec	r22
     d4a:	d1 f7       	brne	.-12     	; 0xd40 <__unpack_f+0x54>
     d4c:	83 e0       	ldi	r24, 0x03	; 3
     d4e:	8c 93       	st	X, r24
     d50:	0d c0       	rjmp	.+26     	; 0xd6c <__unpack_f+0x80>
     d52:	22 0f       	add	r18, r18
     d54:	33 1f       	adc	r19, r19
     d56:	44 1f       	adc	r20, r20
     d58:	55 1f       	adc	r21, r21
     d5a:	12 96       	adiw	r26, 0x02	; 2
     d5c:	8d 91       	ld	r24, X+
     d5e:	9c 91       	ld	r25, X
     d60:	13 97       	sbiw	r26, 0x03	; 3
     d62:	01 97       	sbiw	r24, 0x01	; 1
     d64:	13 96       	adiw	r26, 0x03	; 3
     d66:	9c 93       	st	X, r25
     d68:	8e 93       	st	-X, r24
     d6a:	12 97       	sbiw	r26, 0x02	; 2
     d6c:	20 30       	cpi	r18, 0x00	; 0
     d6e:	80 e0       	ldi	r24, 0x00	; 0
     d70:	38 07       	cpc	r19, r24
     d72:	80 e0       	ldi	r24, 0x00	; 0
     d74:	48 07       	cpc	r20, r24
     d76:	80 e4       	ldi	r24, 0x40	; 64
     d78:	58 07       	cpc	r21, r24
     d7a:	58 f3       	brcs	.-42     	; 0xd52 <__unpack_f+0x66>
     d7c:	14 96       	adiw	r26, 0x04	; 4
     d7e:	2d 93       	st	X+, r18
     d80:	3d 93       	st	X+, r19
     d82:	4d 93       	st	X+, r20
     d84:	5c 93       	st	X, r21
     d86:	17 97       	sbiw	r26, 0x07	; 7
     d88:	08 95       	ret
     d8a:	2f 3f       	cpi	r18, 0xFF	; 255
     d8c:	31 05       	cpc	r19, r1
     d8e:	79 f4       	brne	.+30     	; 0xdae <__unpack_f+0xc2>
     d90:	41 15       	cp	r20, r1
     d92:	51 05       	cpc	r21, r1
     d94:	61 05       	cpc	r22, r1
     d96:	71 05       	cpc	r23, r1
     d98:	19 f4       	brne	.+6      	; 0xda0 <__unpack_f+0xb4>
     d9a:	84 e0       	ldi	r24, 0x04	; 4
     d9c:	8c 93       	st	X, r24
     d9e:	08 95       	ret
     da0:	64 ff       	sbrs	r22, 4
     da2:	03 c0       	rjmp	.+6      	; 0xdaa <__unpack_f+0xbe>
     da4:	81 e0       	ldi	r24, 0x01	; 1
     da6:	8c 93       	st	X, r24
     da8:	12 c0       	rjmp	.+36     	; 0xdce <__unpack_f+0xe2>
     daa:	1c 92       	st	X, r1
     dac:	10 c0       	rjmp	.+32     	; 0xdce <__unpack_f+0xe2>
     dae:	2f 57       	subi	r18, 0x7F	; 127
     db0:	30 40       	sbci	r19, 0x00	; 0
     db2:	13 96       	adiw	r26, 0x03	; 3
     db4:	3c 93       	st	X, r19
     db6:	2e 93       	st	-X, r18
     db8:	12 97       	sbiw	r26, 0x02	; 2
     dba:	83 e0       	ldi	r24, 0x03	; 3
     dbc:	8c 93       	st	X, r24
     dbe:	87 e0       	ldi	r24, 0x07	; 7
     dc0:	44 0f       	add	r20, r20
     dc2:	55 1f       	adc	r21, r21
     dc4:	66 1f       	adc	r22, r22
     dc6:	77 1f       	adc	r23, r23
     dc8:	8a 95       	dec	r24
     dca:	d1 f7       	brne	.-12     	; 0xdc0 <__unpack_f+0xd4>
     dcc:	70 64       	ori	r23, 0x40	; 64
     dce:	14 96       	adiw	r26, 0x04	; 4
     dd0:	4d 93       	st	X+, r20
     dd2:	5d 93       	st	X+, r21
     dd4:	6d 93       	st	X+, r22
     dd6:	7c 93       	st	X, r23
     dd8:	17 97       	sbiw	r26, 0x07	; 7
     dda:	08 95       	ret

00000ddc <__fpcmp_parts_f>:
     ddc:	1f 93       	push	r17
     dde:	dc 01       	movw	r26, r24
     de0:	fb 01       	movw	r30, r22
     de2:	9c 91       	ld	r25, X
     de4:	92 30       	cpi	r25, 0x02	; 2
     de6:	08 f4       	brcc	.+2      	; 0xdea <__fpcmp_parts_f+0xe>
     de8:	47 c0       	rjmp	.+142    	; 0xe78 <__fpcmp_parts_f+0x9c>
     dea:	80 81       	ld	r24, Z
     dec:	82 30       	cpi	r24, 0x02	; 2
     dee:	08 f4       	brcc	.+2      	; 0xdf2 <__fpcmp_parts_f+0x16>
     df0:	43 c0       	rjmp	.+134    	; 0xe78 <__fpcmp_parts_f+0x9c>
     df2:	94 30       	cpi	r25, 0x04	; 4
     df4:	51 f4       	brne	.+20     	; 0xe0a <__fpcmp_parts_f+0x2e>
     df6:	11 96       	adiw	r26, 0x01	; 1
     df8:	1c 91       	ld	r17, X
     dfa:	84 30       	cpi	r24, 0x04	; 4
     dfc:	99 f5       	brne	.+102    	; 0xe64 <__fpcmp_parts_f+0x88>
     dfe:	81 81       	ldd	r24, Z+1	; 0x01
     e00:	68 2f       	mov	r22, r24
     e02:	70 e0       	ldi	r23, 0x00	; 0
     e04:	61 1b       	sub	r22, r17
     e06:	71 09       	sbc	r23, r1
     e08:	3f c0       	rjmp	.+126    	; 0xe88 <__fpcmp_parts_f+0xac>
     e0a:	84 30       	cpi	r24, 0x04	; 4
     e0c:	21 f0       	breq	.+8      	; 0xe16 <__fpcmp_parts_f+0x3a>
     e0e:	92 30       	cpi	r25, 0x02	; 2
     e10:	31 f4       	brne	.+12     	; 0xe1e <__fpcmp_parts_f+0x42>
     e12:	82 30       	cpi	r24, 0x02	; 2
     e14:	b9 f1       	breq	.+110    	; 0xe84 <__fpcmp_parts_f+0xa8>
     e16:	81 81       	ldd	r24, Z+1	; 0x01
     e18:	88 23       	and	r24, r24
     e1a:	89 f1       	breq	.+98     	; 0xe7e <__fpcmp_parts_f+0xa2>
     e1c:	2d c0       	rjmp	.+90     	; 0xe78 <__fpcmp_parts_f+0x9c>
     e1e:	11 96       	adiw	r26, 0x01	; 1
     e20:	1c 91       	ld	r17, X
     e22:	11 97       	sbiw	r26, 0x01	; 1
     e24:	82 30       	cpi	r24, 0x02	; 2
     e26:	f1 f0       	breq	.+60     	; 0xe64 <__fpcmp_parts_f+0x88>
     e28:	81 81       	ldd	r24, Z+1	; 0x01
     e2a:	18 17       	cp	r17, r24
     e2c:	d9 f4       	brne	.+54     	; 0xe64 <__fpcmp_parts_f+0x88>
     e2e:	12 96       	adiw	r26, 0x02	; 2
     e30:	2d 91       	ld	r18, X+
     e32:	3c 91       	ld	r19, X
     e34:	13 97       	sbiw	r26, 0x03	; 3
     e36:	82 81       	ldd	r24, Z+2	; 0x02
     e38:	93 81       	ldd	r25, Z+3	; 0x03
     e3a:	82 17       	cp	r24, r18
     e3c:	93 07       	cpc	r25, r19
     e3e:	94 f0       	brlt	.+36     	; 0xe64 <__fpcmp_parts_f+0x88>
     e40:	28 17       	cp	r18, r24
     e42:	39 07       	cpc	r19, r25
     e44:	bc f0       	brlt	.+46     	; 0xe74 <__fpcmp_parts_f+0x98>
     e46:	14 96       	adiw	r26, 0x04	; 4
     e48:	8d 91       	ld	r24, X+
     e4a:	9d 91       	ld	r25, X+
     e4c:	0d 90       	ld	r0, X+
     e4e:	bc 91       	ld	r27, X
     e50:	a0 2d       	mov	r26, r0
     e52:	24 81       	ldd	r18, Z+4	; 0x04
     e54:	35 81       	ldd	r19, Z+5	; 0x05
     e56:	46 81       	ldd	r20, Z+6	; 0x06
     e58:	57 81       	ldd	r21, Z+7	; 0x07
     e5a:	28 17       	cp	r18, r24
     e5c:	39 07       	cpc	r19, r25
     e5e:	4a 07       	cpc	r20, r26
     e60:	5b 07       	cpc	r21, r27
     e62:	18 f4       	brcc	.+6      	; 0xe6a <__fpcmp_parts_f+0x8e>
     e64:	11 23       	and	r17, r17
     e66:	41 f0       	breq	.+16     	; 0xe78 <__fpcmp_parts_f+0x9c>
     e68:	0a c0       	rjmp	.+20     	; 0xe7e <__fpcmp_parts_f+0xa2>
     e6a:	82 17       	cp	r24, r18
     e6c:	93 07       	cpc	r25, r19
     e6e:	a4 07       	cpc	r26, r20
     e70:	b5 07       	cpc	r27, r21
     e72:	40 f4       	brcc	.+16     	; 0xe84 <__fpcmp_parts_f+0xa8>
     e74:	11 23       	and	r17, r17
     e76:	19 f0       	breq	.+6      	; 0xe7e <__fpcmp_parts_f+0xa2>
     e78:	61 e0       	ldi	r22, 0x01	; 1
     e7a:	70 e0       	ldi	r23, 0x00	; 0
     e7c:	05 c0       	rjmp	.+10     	; 0xe88 <__fpcmp_parts_f+0xac>
     e7e:	6f ef       	ldi	r22, 0xFF	; 255
     e80:	7f ef       	ldi	r23, 0xFF	; 255
     e82:	02 c0       	rjmp	.+4      	; 0xe88 <__fpcmp_parts_f+0xac>
     e84:	60 e0       	ldi	r22, 0x00	; 0
     e86:	70 e0       	ldi	r23, 0x00	; 0
     e88:	cb 01       	movw	r24, r22
     e8a:	1f 91       	pop	r17
     e8c:	08 95       	ret

00000e8e <USART_enuInit>:
#include "USART_config.h"
#include "USART_priv.h"


ES_t USART_enuInit()//u16 Copy_u16baud
{
     e8e:	df 93       	push	r29
     e90:	cf 93       	push	r28
     e92:	00 d0       	rcall	.+0      	; 0xe94 <USART_enuInit+0x6>
     e94:	00 d0       	rcall	.+0      	; 0xe96 <USART_enuInit+0x8>
     e96:	cd b7       	in	r28, 0x3d	; 61
     e98:	de b7       	in	r29, 0x3e	; 62
	ES_t Local_enuErrorState=ES_NOK;
     e9a:	1c 82       	std	Y+4, r1	; 0x04

#if SPEED_MODE==NORMAL_SPEED
	UCSRA &=~(1<<UCSRA_U2X);
	Local_enuErrorState=ES_OK;
#elif SPEED_MODE==DOUBLE_SPEED
	UCSRA |=(1<<UCSRA_U2X);
     e9c:	ab e2       	ldi	r26, 0x2B	; 43
     e9e:	b0 e0       	ldi	r27, 0x00	; 0
     ea0:	eb e2       	ldi	r30, 0x2B	; 43
     ea2:	f0 e0       	ldi	r31, 0x00	; 0
     ea4:	80 81       	ld	r24, Z
     ea6:	82 60       	ori	r24, 0x02	; 2
     ea8:	8c 93       	st	X, r24
	Local_enuErrorState=ES_OK;
     eaa:	81 e0       	ldi	r24, 0x01	; 1
     eac:	8c 83       	std	Y+4, r24	; 0x04

#error "SPEED mode selection is wrong"
#endif

#if USART_MODE==TRANSCIEVER
	UCSRB |=(3<<UCSRB_TXEN);
     eae:	aa e2       	ldi	r26, 0x2A	; 42
     eb0:	b0 e0       	ldi	r27, 0x00	; 0
     eb2:	ea e2       	ldi	r30, 0x2A	; 42
     eb4:	f0 e0       	ldi	r31, 0x00	; 0
     eb6:	80 81       	ld	r24, Z
     eb8:	88 61       	ori	r24, 0x18	; 24
     eba:	8c 93       	st	X, r24
	Local_enuErrorState=ES_OK;
     ebc:	81 e0       	ldi	r24, 0x01	; 1
     ebe:	8c 83       	std	Y+4, r24	; 0x04

#error "UART mode selection is wrong"
#endif


	u8 Local_u8UCSRC=0;
     ec0:	1b 82       	std	Y+3, r1	; 0x03
	Local_u8UCSRC |=(3<<UCSRC_UCSZ0);
	UCSRB |=(1<<UCSRB_UCSZ2);
	Local_enuErrorState=ES_OK;

#elif DATA_LEN==EIGHT_BIT
	Local_u8UCSRC |=(3<<UCSRC_UCSZ0);
     ec2:	8b 81       	ldd	r24, Y+3	; 0x03
     ec4:	86 60       	ori	r24, 0x06	; 6
     ec6:	8b 83       	std	Y+3, r24	; 0x03
	UCSRB &=~(1<<UCSRB_UCSZ2);
     ec8:	aa e2       	ldi	r26, 0x2A	; 42
     eca:	b0 e0       	ldi	r27, 0x00	; 0
     ecc:	ea e2       	ldi	r30, 0x2A	; 42
     ece:	f0 e0       	ldi	r31, 0x00	; 0
     ed0:	80 81       	ld	r24, Z
     ed2:	8b 7f       	andi	r24, 0xFB	; 251
     ed4:	8c 93       	st	X, r24
	Local_enuErrorState=ES_OK;
     ed6:	81 e0       	ldi	r24, 0x01	; 1
     ed8:	8c 83       	std	Y+4, r24	; 0x04
#error "UART DATA Length  selection is wrong"
#endif


#if PARITY_STATE==NO_PARITY
	Local_u8UCSRC &=~(3<<UCSRC_UPM0);
     eda:	8b 81       	ldd	r24, Y+3	; 0x03
     edc:	8f 7c       	andi	r24, 0xCF	; 207
     ede:	8b 83       	std	Y+3, r24	; 0x03
	Local_enuErrorState=ES_OK;
     ee0:	81 e0       	ldi	r24, 0x01	; 1
     ee2:	8c 83       	std	Y+4, r24	; 0x04
#error "UART PARITY State  selection is wrong"
#endif


#if STOP_STATE==ONE_STOP_BIT
	Local_u8UCSRC &=~(1<<UCSRC_USBS);
     ee4:	8b 81       	ldd	r24, Y+3	; 0x03
     ee6:	87 7f       	andi	r24, 0xF7	; 247
     ee8:	8b 83       	std	Y+3, r24	; 0x03
	Local_enuErrorState=ES_OK;
     eea:	81 e0       	ldi	r24, 0x01	; 1
     eec:	8c 83       	std	Y+4, r24	; 0x04
#error "UART STOP State  selection is wrong"
#endif


#if CLOCK_MODE==ASYNCH
	Local_u8UCSRC &=~(1<<UCSRC_UMSEL);
     eee:	8b 81       	ldd	r24, Y+3	; 0x03
     ef0:	8f 7b       	andi	r24, 0xBF	; 191
     ef2:	8b 83       	std	Y+3, r24	; 0x03
	Local_enuErrorState=ES_OK;
     ef4:	81 e0       	ldi	r24, 0x01	; 1
     ef6:	8c 83       	std	Y+4, r24	; 0x04

#error "UART CLOCK MODE  selection is wrong"
#endif


	Local_u8UCSRC |=(1<<UCSRC_URSEL);
     ef8:	8b 81       	ldd	r24, Y+3	; 0x03
     efa:	80 68       	ori	r24, 0x80	; 128
     efc:	8b 83       	std	Y+3, r24	; 0x03
	UCSRC = Local_u8UCSRC;
     efe:	e0 e4       	ldi	r30, 0x40	; 64
     f00:	f0 e0       	ldi	r31, 0x00	; 0
     f02:	8b 81       	ldd	r24, Y+3	; 0x03
     f04:	80 83       	st	Z, r24

	u16 Local_u16UBRR = BUAD(BAUDRATE);
     f06:	8c e0       	ldi	r24, 0x0C	; 12
     f08:	90 e0       	ldi	r25, 0x00	; 0
     f0a:	9a 83       	std	Y+2, r25	; 0x02
     f0c:	89 83       	std	Y+1, r24	; 0x01

	Local_u16UBRR &=~(1<<15); //URSEL=0 to select UBRRH
     f0e:	89 81       	ldd	r24, Y+1	; 0x01
     f10:	9a 81       	ldd	r25, Y+2	; 0x02
     f12:	9f 77       	andi	r25, 0x7F	; 127
     f14:	9a 83       	std	Y+2, r25	; 0x02
     f16:	89 83       	std	Y+1, r24	; 0x01

	UBRRL =(u8)Local_u16UBRR; // I think there are error here
     f18:	e9 e2       	ldi	r30, 0x29	; 41
     f1a:	f0 e0       	ldi	r31, 0x00	; 0
     f1c:	89 81       	ldd	r24, Y+1	; 0x01
     f1e:	80 83       	st	Z, r24
	UBRRH =(Local_u16UBRR>>8);
     f20:	e0 e4       	ldi	r30, 0x40	; 64
     f22:	f0 e0       	ldi	r31, 0x00	; 0
     f24:	89 81       	ldd	r24, Y+1	; 0x01
     f26:	9a 81       	ldd	r25, Y+2	; 0x02
     f28:	89 2f       	mov	r24, r25
     f2a:	99 27       	eor	r25, r25
     f2c:	80 83       	st	Z, r24
	Local_enuErrorState=ES_OK;
     f2e:	81 e0       	ldi	r24, 0x01	; 1
     f30:	8c 83       	std	Y+4, r24	; 0x04


	return Local_enuErrorState;
     f32:	8c 81       	ldd	r24, Y+4	; 0x04
}
     f34:	0f 90       	pop	r0
     f36:	0f 90       	pop	r0
     f38:	0f 90       	pop	r0
     f3a:	0f 90       	pop	r0
     f3c:	cf 91       	pop	r28
     f3e:	df 91       	pop	r29
     f40:	08 95       	ret

00000f42 <USART_enuSendChar>:


ES_t USART_enuSendChar(u8 Copy_u8data)
{
     f42:	df 93       	push	r29
     f44:	cf 93       	push	r28
     f46:	00 d0       	rcall	.+0      	; 0xf48 <USART_enuSendChar+0x6>
     f48:	cd b7       	in	r28, 0x3d	; 61
     f4a:	de b7       	in	r29, 0x3e	; 62
     f4c:	8a 83       	std	Y+2, r24	; 0x02
	ES_t Local_enuErrorState=ES_NOK;
     f4e:	19 82       	std	Y+1, r1	; 0x01

	/* Wait for empty transmit buffer */
	while ( !( UCSRA & (1<<UCSRA_UDRE)));
     f50:	eb e2       	ldi	r30, 0x2B	; 43
     f52:	f0 e0       	ldi	r31, 0x00	; 0
     f54:	80 81       	ld	r24, Z
     f56:	88 2f       	mov	r24, r24
     f58:	90 e0       	ldi	r25, 0x00	; 0
     f5a:	80 72       	andi	r24, 0x20	; 32
     f5c:	90 70       	andi	r25, 0x00	; 0
     f5e:	00 97       	sbiw	r24, 0x00	; 0
     f60:	b9 f3       	breq	.-18     	; 0xf50 <USART_enuSendChar+0xe>

	UDR = Copy_u8data;
     f62:	ec e2       	ldi	r30, 0x2C	; 44
     f64:	f0 e0       	ldi	r31, 0x00	; 0
     f66:	8a 81       	ldd	r24, Y+2	; 0x02
     f68:	80 83       	st	Z, r24

	Local_enuErrorState=ES_OK;
     f6a:	81 e0       	ldi	r24, 0x01	; 1
     f6c:	89 83       	std	Y+1, r24	; 0x01

	return Local_enuErrorState;
     f6e:	89 81       	ldd	r24, Y+1	; 0x01
}
     f70:	0f 90       	pop	r0
     f72:	0f 90       	pop	r0
     f74:	cf 91       	pop	r28
     f76:	df 91       	pop	r29
     f78:	08 95       	ret

00000f7a <USART_enuRecieveChar>:

ES_t USART_enuRecieveChar(u8 *Copy_pu8data)
{
     f7a:	df 93       	push	r29
     f7c:	cf 93       	push	r28
     f7e:	00 d0       	rcall	.+0      	; 0xf80 <USART_enuRecieveChar+0x6>
     f80:	0f 92       	push	r0
     f82:	cd b7       	in	r28, 0x3d	; 61
     f84:	de b7       	in	r29, 0x3e	; 62
     f86:	9b 83       	std	Y+3, r25	; 0x03
     f88:	8a 83       	std	Y+2, r24	; 0x02
	ES_t Local_enuErrorState=ES_NOK;
     f8a:	19 82       	std	Y+1, r1	; 0x01


	if (Copy_pu8data!=NULL)
     f8c:	8a 81       	ldd	r24, Y+2	; 0x02
     f8e:	9b 81       	ldd	r25, Y+3	; 0x03
     f90:	00 97       	sbiw	r24, 0x00	; 0
     f92:	71 f0       	breq	.+28     	; 0xfb0 <USART_enuRecieveChar+0x36>
	{
		/* Wait for data to be received */
		while ( !(UCSRA & (1<<UCSRA_RXC)) );
     f94:	eb e2       	ldi	r30, 0x2B	; 43
     f96:	f0 e0       	ldi	r31, 0x00	; 0
     f98:	80 81       	ld	r24, Z
     f9a:	88 23       	and	r24, r24
     f9c:	dc f7       	brge	.-10     	; 0xf94 <USART_enuRecieveChar+0x1a>

		*Copy_pu8data = UDR;
     f9e:	ec e2       	ldi	r30, 0x2C	; 44
     fa0:	f0 e0       	ldi	r31, 0x00	; 0
     fa2:	80 81       	ld	r24, Z
     fa4:	ea 81       	ldd	r30, Y+2	; 0x02
     fa6:	fb 81       	ldd	r31, Y+3	; 0x03
     fa8:	80 83       	st	Z, r24

		Local_enuErrorState=ES_OK;
     faa:	81 e0       	ldi	r24, 0x01	; 1
     fac:	89 83       	std	Y+1, r24	; 0x01
     fae:	02 c0       	rjmp	.+4      	; 0xfb4 <USART_enuRecieveChar+0x3a>
	}
	else
	{
		Local_enuErrorState=ES_NULL_POINTER;
     fb0:	82 e0       	ldi	r24, 0x02	; 2
     fb2:	89 83       	std	Y+1, r24	; 0x01
	}

	return Local_enuErrorState;
     fb4:	89 81       	ldd	r24, Y+1	; 0x01
}
     fb6:	0f 90       	pop	r0
     fb8:	0f 90       	pop	r0
     fba:	0f 90       	pop	r0
     fbc:	cf 91       	pop	r28
     fbe:	df 91       	pop	r29
     fc0:	08 95       	ret

00000fc2 <USART_enuSendString>:

ES_t USART_enuSendString(const char *Copy_pcData)
{
     fc2:	df 93       	push	r29
     fc4:	cf 93       	push	r28
     fc6:	00 d0       	rcall	.+0      	; 0xfc8 <USART_enuSendString+0x6>
     fc8:	0f 92       	push	r0
     fca:	cd b7       	in	r28, 0x3d	; 61
     fcc:	de b7       	in	r29, 0x3e	; 62
     fce:	9b 83       	std	Y+3, r25	; 0x03
     fd0:	8a 83       	std	Y+2, r24	; 0x02
	ES_t Local_enuErrorState=ES_NOK;
     fd2:	19 82       	std	Y+1, r1	; 0x01
     fd4:	14 c0       	rjmp	.+40     	; 0xffe <USART_enuSendString+0x3c>

	while(*Copy_pcData != '\0')
	{
		/* Wait for empty transmit buffer */
		while ( !( UCSRA & (1<<UCSRA_UDRE)));
     fd6:	eb e2       	ldi	r30, 0x2B	; 43
     fd8:	f0 e0       	ldi	r31, 0x00	; 0
     fda:	80 81       	ld	r24, Z
     fdc:	88 2f       	mov	r24, r24
     fde:	90 e0       	ldi	r25, 0x00	; 0
     fe0:	80 72       	andi	r24, 0x20	; 32
     fe2:	90 70       	andi	r25, 0x00	; 0
     fe4:	00 97       	sbiw	r24, 0x00	; 0
     fe6:	b9 f3       	breq	.-18     	; 0xfd6 <USART_enuSendString+0x14>

		UDR = *Copy_pcData;
     fe8:	ac e2       	ldi	r26, 0x2C	; 44
     fea:	b0 e0       	ldi	r27, 0x00	; 0
     fec:	ea 81       	ldd	r30, Y+2	; 0x02
     fee:	fb 81       	ldd	r31, Y+3	; 0x03
     ff0:	80 81       	ld	r24, Z
     ff2:	8c 93       	st	X, r24
		Copy_pcData++;
     ff4:	8a 81       	ldd	r24, Y+2	; 0x02
     ff6:	9b 81       	ldd	r25, Y+3	; 0x03
     ff8:	01 96       	adiw	r24, 0x01	; 1
     ffa:	9b 83       	std	Y+3, r25	; 0x03
     ffc:	8a 83       	std	Y+2, r24	; 0x02

ES_t USART_enuSendString(const char *Copy_pcData)
{
	ES_t Local_enuErrorState=ES_NOK;

	while(*Copy_pcData != '\0')
     ffe:	ea 81       	ldd	r30, Y+2	; 0x02
    1000:	fb 81       	ldd	r31, Y+3	; 0x03
    1002:	80 81       	ld	r24, Z
    1004:	88 23       	and	r24, r24
    1006:	39 f7       	brne	.-50     	; 0xfd6 <USART_enuSendString+0x14>

		UDR = *Copy_pcData;
		Copy_pcData++;
	}

	Local_enuErrorState=ES_OK;
    1008:	81 e0       	ldi	r24, 0x01	; 1
    100a:	89 83       	std	Y+1, r24	; 0x01

	return Local_enuErrorState;
    100c:	89 81       	ldd	r24, Y+1	; 0x01
}
    100e:	0f 90       	pop	r0
    1010:	0f 90       	pop	r0
    1012:	0f 90       	pop	r0
    1014:	cf 91       	pop	r28
    1016:	df 91       	pop	r29
    1018:	08 95       	ret

0000101a <USART_enuRecieveString>:

/* Enter  >> \r=13  , \n */

ES_t USART_enuRecieveString(char *Copy_pcData)
{
    101a:	df 93       	push	r29
    101c:	cf 93       	push	r28
    101e:	00 d0       	rcall	.+0      	; 0x1020 <USART_enuRecieveString+0x6>
    1020:	00 d0       	rcall	.+0      	; 0x1022 <USART_enuRecieveString+0x8>
    1022:	00 d0       	rcall	.+0      	; 0x1024 <USART_enuRecieveString+0xa>
    1024:	cd b7       	in	r28, 0x3d	; 61
    1026:	de b7       	in	r29, 0x3e	; 62
    1028:	9e 83       	std	Y+6, r25	; 0x06
    102a:	8d 83       	std	Y+5, r24	; 0x05
	ES_t Local_enuErrorState=ES_NOK;
    102c:	1c 82       	std	Y+4, r1	; 0x04

	u8 Local_u8Data=0,Local_u8Index=0;
    102e:	1b 82       	std	Y+3, r1	; 0x03
    1030:	1a 82       	std	Y+2, r1	; 0x02


	// Receive using first char user send

	/* Wait for data to be received */
	while ( !(UCSRA & (1<<UCSRA_RXC)) );
    1032:	eb e2       	ldi	r30, 0x2B	; 43
    1034:	f0 e0       	ldi	r31, 0x00	; 0
    1036:	80 81       	ld	r24, Z
    1038:	88 23       	and	r24, r24
    103a:	dc f7       	brge	.-10     	; 0x1032 <USART_enuRecieveString+0x18>

	u8 Local_u8Exit=UDR;
    103c:	ec e2       	ldi	r30, 0x2C	; 44
    103e:	f0 e0       	ldi	r31, 0x00	; 0
    1040:	80 81       	ld	r24, Z
    1042:	89 83       	std	Y+1, r24	; 0x01

	while(1)
	{
		/* Wait for data to be received */
		while ( !(UCSRA & (1<<UCSRA_RXC)) );
    1044:	eb e2       	ldi	r30, 0x2B	; 43
    1046:	f0 e0       	ldi	r31, 0x00	; 0
    1048:	80 81       	ld	r24, Z
    104a:	88 23       	and	r24, r24
    104c:	dc f7       	brge	.-10     	; 0x1044 <USART_enuRecieveString+0x2a>

		Local_u8Data = UDR;
    104e:	ec e2       	ldi	r30, 0x2C	; 44
    1050:	f0 e0       	ldi	r31, 0x00	; 0
    1052:	80 81       	ld	r24, Z
    1054:	8b 83       	std	Y+3, r24	; 0x03

		if(Local_u8Data ==Local_u8Exit)
    1056:	9b 81       	ldd	r25, Y+3	; 0x03
    1058:	89 81       	ldd	r24, Y+1	; 0x01
    105a:	98 17       	cp	r25, r24
    105c:	a9 f4       	brne	.+42     	; 0x1088 <USART_enuRecieveString+0x6e>
		{
			Copy_pcData[Local_u8Index]='\0';
    105e:	8a 81       	ldd	r24, Y+2	; 0x02
    1060:	28 2f       	mov	r18, r24
    1062:	30 e0       	ldi	r19, 0x00	; 0
    1064:	8d 81       	ldd	r24, Y+5	; 0x05
    1066:	9e 81       	ldd	r25, Y+6	; 0x06
    1068:	fc 01       	movw	r30, r24
    106a:	e2 0f       	add	r30, r18
    106c:	f3 1f       	adc	r31, r19
    106e:	10 82       	st	Z, r1
			Copy_pcData[Local_u8Index]=Local_u8Data;
			Local_u8Index++;
		}
	}

	Local_enuErrorState=ES_OK;
    1070:	81 e0       	ldi	r24, 0x01	; 1
    1072:	8c 83       	std	Y+4, r24	; 0x04

	return Local_enuErrorState;
    1074:	8c 81       	ldd	r24, Y+4	; 0x04
}
    1076:	26 96       	adiw	r28, 0x06	; 6
    1078:	0f b6       	in	r0, 0x3f	; 63
    107a:	f8 94       	cli
    107c:	de bf       	out	0x3e, r29	; 62
    107e:	0f be       	out	0x3f, r0	; 63
    1080:	cd bf       	out	0x3d, r28	; 61
    1082:	cf 91       	pop	r28
    1084:	df 91       	pop	r29
    1086:	08 95       	ret
			Copy_pcData[Local_u8Index]='\0';
			break;
		}
		else
		{
			Copy_pcData[Local_u8Index]=Local_u8Data;
    1088:	8a 81       	ldd	r24, Y+2	; 0x02
    108a:	28 2f       	mov	r18, r24
    108c:	30 e0       	ldi	r19, 0x00	; 0
    108e:	8d 81       	ldd	r24, Y+5	; 0x05
    1090:	9e 81       	ldd	r25, Y+6	; 0x06
    1092:	fc 01       	movw	r30, r24
    1094:	e2 0f       	add	r30, r18
    1096:	f3 1f       	adc	r31, r19
    1098:	8b 81       	ldd	r24, Y+3	; 0x03
    109a:	80 83       	st	Z, r24
			Local_u8Index++;
    109c:	8a 81       	ldd	r24, Y+2	; 0x02
    109e:	8f 5f       	subi	r24, 0xFF	; 255
    10a0:	8a 83       	std	Y+2, r24	; 0x02
    10a2:	d0 cf       	rjmp	.-96     	; 0x1044 <USART_enuRecieveString+0x2a>

000010a4 <USART_enuTransmit>:
	return Local_enuErrorState;
}


ES_t USART_enuTransmit(u16 Copy_u16data)
{
    10a4:	df 93       	push	r29
    10a6:	cf 93       	push	r28
    10a8:	00 d0       	rcall	.+0      	; 0x10aa <USART_enuTransmit+0x6>
    10aa:	0f 92       	push	r0
    10ac:	cd b7       	in	r28, 0x3d	; 61
    10ae:	de b7       	in	r29, 0x3e	; 62
    10b0:	9b 83       	std	Y+3, r25	; 0x03
    10b2:	8a 83       	std	Y+2, r24	; 0x02
	ES_t Local_enuErrorState=ES_NOK;
    10b4:	19 82       	std	Y+1, r1	; 0x01
	/* Put data into buffer, sends the data *
	UDR = Copy_data;
*/

	/* Wait for empty transmit buffer */
	while ( !( UCSRA & (1<<UCSRA_UDRE)));
    10b6:	eb e2       	ldi	r30, 0x2B	; 43
    10b8:	f0 e0       	ldi	r31, 0x00	; 0
    10ba:	80 81       	ld	r24, Z
    10bc:	88 2f       	mov	r24, r24
    10be:	90 e0       	ldi	r25, 0x00	; 0
    10c0:	80 72       	andi	r24, 0x20	; 32
    10c2:	90 70       	andi	r25, 0x00	; 0
    10c4:	00 97       	sbiw	r24, 0x00	; 0
    10c6:	b9 f3       	breq	.-18     	; 0x10b6 <USART_enuTransmit+0x12>

	/* Copy 9th bit to TXB8 */
	UCSRB &= ~(1<<UCSRB_TXB8);
    10c8:	aa e2       	ldi	r26, 0x2A	; 42
    10ca:	b0 e0       	ldi	r27, 0x00	; 0
    10cc:	ea e2       	ldi	r30, 0x2A	; 42
    10ce:	f0 e0       	ldi	r31, 0x00	; 0
    10d0:	80 81       	ld	r24, Z
    10d2:	8e 7f       	andi	r24, 0xFE	; 254
    10d4:	8c 93       	st	X, r24
	if ( Copy_u16data & 0x0100 )
    10d6:	8a 81       	ldd	r24, Y+2	; 0x02
    10d8:	9b 81       	ldd	r25, Y+3	; 0x03
    10da:	80 70       	andi	r24, 0x00	; 0
    10dc:	91 70       	andi	r25, 0x01	; 1
    10de:	00 97       	sbiw	r24, 0x00	; 0
    10e0:	39 f0       	breq	.+14     	; 0x10f0 <USART_enuTransmit+0x4c>
	{
		UCSRB |= (1<<UCSRB_TXB8);
    10e2:	aa e2       	ldi	r26, 0x2A	; 42
    10e4:	b0 e0       	ldi	r27, 0x00	; 0
    10e6:	ea e2       	ldi	r30, 0x2A	; 42
    10e8:	f0 e0       	ldi	r31, 0x00	; 0
    10ea:	80 81       	ld	r24, Z
    10ec:	81 60       	ori	r24, 0x01	; 1
    10ee:	8c 93       	st	X, r24
	}
	/* Put data into buffer, sends the data */
	UDR = Copy_u16data;
    10f0:	ec e2       	ldi	r30, 0x2C	; 44
    10f2:	f0 e0       	ldi	r31, 0x00	; 0
    10f4:	8a 81       	ldd	r24, Y+2	; 0x02
    10f6:	80 83       	st	Z, r24

	Local_enuErrorState=ES_OK;
    10f8:	81 e0       	ldi	r24, 0x01	; 1
    10fa:	89 83       	std	Y+1, r24	; 0x01

	return Local_enuErrorState;
    10fc:	89 81       	ldd	r24, Y+1	; 0x01
}
    10fe:	0f 90       	pop	r0
    1100:	0f 90       	pop	r0
    1102:	0f 90       	pop	r0
    1104:	cf 91       	pop	r28
    1106:	df 91       	pop	r29
    1108:	08 95       	ret

0000110a <USART_enuRecieve>:

ES_t USART_enuRecieve(u16 *Copy_pu16data)
{
    110a:	df 93       	push	r29
    110c:	cf 93       	push	r28
    110e:	00 d0       	rcall	.+0      	; 0x1110 <USART_enuRecieve+0x6>
    1110:	0f 92       	push	r0
    1112:	cd b7       	in	r28, 0x3d	; 61
    1114:	de b7       	in	r29, 0x3e	; 62
    1116:	9b 83       	std	Y+3, r25	; 0x03
    1118:	8a 83       	std	Y+2, r24	; 0x02
	ES_t Local_enuErrorState=ES_NOK;
    111a:	19 82       	std	Y+1, r1	; 0x01

	/* Wait for data to be received */
	while ( !(UCSRA & (1<<UCSRA_RXC)) );
    111c:	eb e2       	ldi	r30, 0x2B	; 43
    111e:	f0 e0       	ldi	r31, 0x00	; 0
    1120:	80 81       	ld	r24, Z
    1122:	88 23       	and	r24, r24
    1124:	dc f7       	brge	.-10     	; 0x111c <USART_enuRecieve+0x12>
	/*  9th bit, then data */

	*Copy_pu16data = (UCSRB &(1<<UCSRB_RXB8));
    1126:	ea e2       	ldi	r30, 0x2A	; 42
    1128:	f0 e0       	ldi	r31, 0x00	; 0
    112a:	80 81       	ld	r24, Z
    112c:	88 2f       	mov	r24, r24
    112e:	90 e0       	ldi	r25, 0x00	; 0
    1130:	82 70       	andi	r24, 0x02	; 2
    1132:	90 70       	andi	r25, 0x00	; 0
    1134:	ea 81       	ldd	r30, Y+2	; 0x02
    1136:	fb 81       	ldd	r31, Y+3	; 0x03
    1138:	91 83       	std	Z+1, r25	; 0x01
    113a:	80 83       	st	Z, r24
	*Copy_pu16data= (*Copy_pu16data<<8) |UDR ;
    113c:	ea 81       	ldd	r30, Y+2	; 0x02
    113e:	fb 81       	ldd	r31, Y+3	; 0x03
    1140:	80 81       	ld	r24, Z
    1142:	91 81       	ldd	r25, Z+1	; 0x01
    1144:	38 2f       	mov	r19, r24
    1146:	22 27       	eor	r18, r18
    1148:	ec e2       	ldi	r30, 0x2C	; 44
    114a:	f0 e0       	ldi	r31, 0x00	; 0
    114c:	80 81       	ld	r24, Z
    114e:	88 2f       	mov	r24, r24
    1150:	90 e0       	ldi	r25, 0x00	; 0
    1152:	82 2b       	or	r24, r18
    1154:	93 2b       	or	r25, r19
    1156:	ea 81       	ldd	r30, Y+2	; 0x02
    1158:	fb 81       	ldd	r31, Y+3	; 0x03
    115a:	91 83       	std	Z+1, r25	; 0x01
    115c:	80 83       	st	Z, r24
	//*Copy_data= UDR;


	Local_enuErrorState=ES_OK;
    115e:	81 e0       	ldi	r24, 0x01	; 1
    1160:	89 83       	std	Y+1, r24	; 0x01

	return Local_enuErrorState;
    1162:	89 81       	ldd	r24, Y+1	; 0x01
}
    1164:	0f 90       	pop	r0
    1166:	0f 90       	pop	r0
    1168:	0f 90       	pop	r0
    116a:	cf 91       	pop	r28
    116c:	df 91       	pop	r29
    116e:	08 95       	ret

00001170 <USART_enuEnableTransmitter>:

ES_t USART_enuEnableTransmitter(void)
{
    1170:	df 93       	push	r29
    1172:	cf 93       	push	r28
    1174:	0f 92       	push	r0
    1176:	cd b7       	in	r28, 0x3d	; 61
    1178:	de b7       	in	r29, 0x3e	; 62
	ES_t Local_enuErrorState=ES_NOK;
    117a:	19 82       	std	Y+1, r1	; 0x01

	UCSRB |=(1<<UCSRB_TXEN);
    117c:	aa e2       	ldi	r26, 0x2A	; 42
    117e:	b0 e0       	ldi	r27, 0x00	; 0
    1180:	ea e2       	ldi	r30, 0x2A	; 42
    1182:	f0 e0       	ldi	r31, 0x00	; 0
    1184:	80 81       	ld	r24, Z
    1186:	88 60       	ori	r24, 0x08	; 8
    1188:	8c 93       	st	X, r24
	Local_enuErrorState=ES_OK;
    118a:	81 e0       	ldi	r24, 0x01	; 1
    118c:	89 83       	std	Y+1, r24	; 0x01

	return Local_enuErrorState;
    118e:	89 81       	ldd	r24, Y+1	; 0x01
}
    1190:	0f 90       	pop	r0
    1192:	cf 91       	pop	r28
    1194:	df 91       	pop	r29
    1196:	08 95       	ret

00001198 <USART_enuEnableReceiver>:



ES_t USART_enuEnableReceiver(void)
{
    1198:	df 93       	push	r29
    119a:	cf 93       	push	r28
    119c:	0f 92       	push	r0
    119e:	cd b7       	in	r28, 0x3d	; 61
    11a0:	de b7       	in	r29, 0x3e	; 62
	ES_t Local_enuErrorState=ES_NOK;
    11a2:	19 82       	std	Y+1, r1	; 0x01

	UCSRB |=(1<<UCSRB_RXEN);
    11a4:	aa e2       	ldi	r26, 0x2A	; 42
    11a6:	b0 e0       	ldi	r27, 0x00	; 0
    11a8:	ea e2       	ldi	r30, 0x2A	; 42
    11aa:	f0 e0       	ldi	r31, 0x00	; 0
    11ac:	80 81       	ld	r24, Z
    11ae:	80 61       	ori	r24, 0x10	; 16
    11b0:	8c 93       	st	X, r24
	Local_enuErrorState=ES_OK;
    11b2:	81 e0       	ldi	r24, 0x01	; 1
    11b4:	89 83       	std	Y+1, r24	; 0x01

	return Local_enuErrorState;
    11b6:	89 81       	ldd	r24, Y+1	; 0x01
}
    11b8:	0f 90       	pop	r0
    11ba:	cf 91       	pop	r28
    11bc:	df 91       	pop	r29
    11be:	08 95       	ret

000011c0 <WDT_enuSleep>:
#include "WDT_config.h"
#include "WDT_priv.h"


ES_t WDT_enuSleep(u8 Copy_u8SleepTime)
{
    11c0:	df 93       	push	r29
    11c2:	cf 93       	push	r28
    11c4:	00 d0       	rcall	.+0      	; 0x11c6 <WDT_enuSleep+0x6>
    11c6:	cd b7       	in	r28, 0x3d	; 61
    11c8:	de b7       	in	r29, 0x3e	; 62
    11ca:	8a 83       	std	Y+2, r24	; 0x02
	ES_t Local_enuErrorState=ES_NOK;
    11cc:	19 82       	std	Y+1, r1	; 0x01

	if(Copy_u8SleepTime<8)
    11ce:	8a 81       	ldd	r24, Y+2	; 0x02
    11d0:	88 30       	cpi	r24, 0x08	; 8
    11d2:	90 f4       	brcc	.+36     	; 0x11f8 <WDT_enuSleep+0x38>
	{

		WDTCR &= 0b11111000;//Clear prescaler bits
    11d4:	a1 e4       	ldi	r26, 0x41	; 65
    11d6:	b0 e0       	ldi	r27, 0x00	; 0
    11d8:	e1 e4       	ldi	r30, 0x41	; 65
    11da:	f0 e0       	ldi	r31, 0x00	; 0
    11dc:	80 81       	ld	r24, Z
    11de:	88 7f       	andi	r24, 0xF8	; 248
    11e0:	8c 93       	st	X, r24

		WDTCR |=Copy_u8SleepTime;//Set required prescaler
    11e2:	a1 e4       	ldi	r26, 0x41	; 65
    11e4:	b0 e0       	ldi	r27, 0x00	; 0
    11e6:	e1 e4       	ldi	r30, 0x41	; 65
    11e8:	f0 e0       	ldi	r31, 0x00	; 0
    11ea:	90 81       	ld	r25, Z
    11ec:	8a 81       	ldd	r24, Y+2	; 0x02
    11ee:	89 2b       	or	r24, r25
    11f0:	8c 93       	st	X, r24

		Local_enuErrorState=ES_OK;
    11f2:	81 e0       	ldi	r24, 0x01	; 1
    11f4:	89 83       	std	Y+1, r24	; 0x01
    11f6:	02 c0       	rjmp	.+4      	; 0x11fc <WDT_enuSleep+0x3c>
	}
	else
	{
		Local_enuErrorState=ES_OUT_OF_RANGE;
    11f8:	83 e0       	ldi	r24, 0x03	; 3
    11fa:	89 83       	std	Y+1, r24	; 0x01
	}

	return Local_enuErrorState;
    11fc:	89 81       	ldd	r24, Y+1	; 0x01
}
    11fe:	0f 90       	pop	r0
    1200:	0f 90       	pop	r0
    1202:	cf 91       	pop	r28
    1204:	df 91       	pop	r29
    1206:	08 95       	ret

00001208 <WDT_enuEnable>:

ES_t WDT_enuEnable(void)
{
    1208:	df 93       	push	r29
    120a:	cf 93       	push	r28
    120c:	0f 92       	push	r0
    120e:	cd b7       	in	r28, 0x3d	; 61
    1210:	de b7       	in	r29, 0x3e	; 62
	ES_t Local_enuErrorState=ES_NOK;
    1212:	19 82       	std	Y+1, r1	; 0x01

	WDTCR |=(1<<WDTCR_WDE);
    1214:	a1 e4       	ldi	r26, 0x41	; 65
    1216:	b0 e0       	ldi	r27, 0x00	; 0
    1218:	e1 e4       	ldi	r30, 0x41	; 65
    121a:	f0 e0       	ldi	r31, 0x00	; 0
    121c:	80 81       	ld	r24, Z
    121e:	88 60       	ori	r24, 0x08	; 8
    1220:	8c 93       	st	X, r24
	Local_enuErrorState=ES_OK;
    1222:	81 e0       	ldi	r24, 0x01	; 1
    1224:	89 83       	std	Y+1, r24	; 0x01

	return Local_enuErrorState;
    1226:	89 81       	ldd	r24, Y+1	; 0x01
}
    1228:	0f 90       	pop	r0
    122a:	cf 91       	pop	r28
    122c:	df 91       	pop	r29
    122e:	08 95       	ret

00001230 <WDT_enuDisable>:

ES_t WDT_enuDisable(void)
{
    1230:	df 93       	push	r29
    1232:	cf 93       	push	r28
    1234:	0f 92       	push	r0
    1236:	cd b7       	in	r28, 0x3d	; 61
    1238:	de b7       	in	r29, 0x3e	; 62
	ES_t Local_enuErrorState=ES_NOK;
    123a:	19 82       	std	Y+1, r1	; 0x01

	WDTCR |=0b00011000;//In the same operation, write a logic one to WDTOE and WDE
    123c:	a1 e4       	ldi	r26, 0x41	; 65
    123e:	b0 e0       	ldi	r27, 0x00	; 0
    1240:	e1 e4       	ldi	r30, 0x41	; 65
    1242:	f0 e0       	ldi	r31, 0x00	; 0
    1244:	80 81       	ld	r24, Z
    1246:	88 61       	ori	r24, 0x18	; 24
    1248:	8c 93       	st	X, r24

	WDTCR =0; //Within the next four clock cycles, write a logic 0 to WDE
    124a:	e1 e4       	ldi	r30, 0x41	; 65
    124c:	f0 e0       	ldi	r31, 0x00	; 0
    124e:	10 82       	st	Z, r1
	Local_enuErrorState=ES_OK;
    1250:	81 e0       	ldi	r24, 0x01	; 1
    1252:	89 83       	std	Y+1, r24	; 0x01

	return Local_enuErrorState;
    1254:	89 81       	ldd	r24, Y+1	; 0x01
}
    1256:	0f 90       	pop	r0
    1258:	cf 91       	pop	r28
    125a:	df 91       	pop	r29
    125c:	08 95       	ret

0000125e <TIMER1_enuInit>:
static void (*TIMER1_APfunCallBack [TIMER1_CALL_BACK])(void*)= {NULL,NULL,NULL};
static void  *TIMER1_APvidParameter[TIMER1_CALL_BACK]        = {NULL,NULL,NULL};


ES_t  TIMER1_enuInit(void)
{
    125e:	df 93       	push	r29
    1260:	cf 93       	push	r28
    1262:	0f 92       	push	r0
    1264:	cd b7       	in	r28, 0x3d	; 61
    1266:	de b7       	in	r29, 0x3e	; 62
	ES_t Local_enuErrorState=ES_NOK;
    1268:	19 82       	std	Y+1, r1	; 0x01

	//MODE

#if TIMER1_MODE == TIMER1_NORMAL
	TCCR1A &=~(1<<TCCR1A_WGM10);
    126a:	af e4       	ldi	r26, 0x4F	; 79
    126c:	b0 e0       	ldi	r27, 0x00	; 0
    126e:	ef e4       	ldi	r30, 0x4F	; 79
    1270:	f0 e0       	ldi	r31, 0x00	; 0
    1272:	80 81       	ld	r24, Z
    1274:	8e 7f       	andi	r24, 0xFE	; 254
    1276:	8c 93       	st	X, r24
	TCCR1A &=~(1<<TCCR1A_WGM11);
    1278:	af e4       	ldi	r26, 0x4F	; 79
    127a:	b0 e0       	ldi	r27, 0x00	; 0
    127c:	ef e4       	ldi	r30, 0x4F	; 79
    127e:	f0 e0       	ldi	r31, 0x00	; 0
    1280:	80 81       	ld	r24, Z
    1282:	8d 7f       	andi	r24, 0xFD	; 253
    1284:	8c 93       	st	X, r24
	TCCR1B &=~(1<<TCCR1B_WGM12);
    1286:	ae e4       	ldi	r26, 0x4E	; 78
    1288:	b0 e0       	ldi	r27, 0x00	; 0
    128a:	ee e4       	ldi	r30, 0x4E	; 78
    128c:	f0 e0       	ldi	r31, 0x00	; 0
    128e:	80 81       	ld	r24, Z
    1290:	87 7f       	andi	r24, 0xF7	; 247
    1292:	8c 93       	st	X, r24
	TCCR1B &=~(1<<TCCR1B_WGM13);
    1294:	ae e4       	ldi	r26, 0x4E	; 78
    1296:	b0 e0       	ldi	r27, 0x00	; 0
    1298:	ee e4       	ldi	r30, 0x4E	; 78
    129a:	f0 e0       	ldi	r31, 0x00	; 0
    129c:	80 81       	ld	r24, Z
    129e:	8f 7e       	andi	r24, 0xEF	; 239
    12a0:	8c 93       	st	X, r24
	#if TIMER1_OC1A_B_PIN_STATE == TIMER1_NORMAL_DISCONNECT_OC1A_B
			TCCR1A &=~(1<<TCCR1A_COM1A0);
    12a2:	af e4       	ldi	r26, 0x4F	; 79
    12a4:	b0 e0       	ldi	r27, 0x00	; 0
    12a6:	ef e4       	ldi	r30, 0x4F	; 79
    12a8:	f0 e0       	ldi	r31, 0x00	; 0
    12aa:	80 81       	ld	r24, Z
    12ac:	8f 7b       	andi	r24, 0xBF	; 191
    12ae:	8c 93       	st	X, r24
			TCCR1A &=~(1<<TCCR1A_COM1A1);
    12b0:	af e4       	ldi	r26, 0x4F	; 79
    12b2:	b0 e0       	ldi	r27, 0x00	; 0
    12b4:	ef e4       	ldi	r30, 0x4F	; 79
    12b6:	f0 e0       	ldi	r31, 0x00	; 0
    12b8:	80 81       	ld	r24, Z
    12ba:	8f 77       	andi	r24, 0x7F	; 127
    12bc:	8c 93       	st	X, r24
			TCCR1A &=~(1<<TCCR1A_COM1B0);
    12be:	af e4       	ldi	r26, 0x4F	; 79
    12c0:	b0 e0       	ldi	r27, 0x00	; 0
    12c2:	ef e4       	ldi	r30, 0x4F	; 79
    12c4:	f0 e0       	ldi	r31, 0x00	; 0
    12c6:	80 81       	ld	r24, Z
    12c8:	8f 7e       	andi	r24, 0xEF	; 239
    12ca:	8c 93       	st	X, r24
			TCCR1A &=~(1<<TCCR1A_COM1B1);
    12cc:	af e4       	ldi	r26, 0x4F	; 79
    12ce:	b0 e0       	ldi	r27, 0x00	; 0
    12d0:	ef e4       	ldi	r30, 0x4F	; 79
    12d2:	f0 e0       	ldi	r31, 0x00	; 0
    12d4:	80 81       	ld	r24, Z
    12d6:	8f 7d       	andi	r24, 0xDF	; 223
    12d8:	8c 93       	st	X, r24
			Local_enuErrorState =ES_OK;
    12da:	81 e0       	ldi	r24, 0x01	; 1
    12dc:	89 83       	std	Y+1, r24	; 0x01
	TCCR1B &=~(1<<TCCR1B_CS12);
	TCCR1B &=~(1<<TCCR1B_CS11);
	TCCR1B |= (1<<TCCR1B_CS10);
	Local_enuErrorState =ES_OK;
#elif TIMER1_PRESCALER == TIMER1_PRESCALER_8
	TCCR1B &=~(1<<TCCR1B_CS12);
    12de:	ae e4       	ldi	r26, 0x4E	; 78
    12e0:	b0 e0       	ldi	r27, 0x00	; 0
    12e2:	ee e4       	ldi	r30, 0x4E	; 78
    12e4:	f0 e0       	ldi	r31, 0x00	; 0
    12e6:	80 81       	ld	r24, Z
    12e8:	8b 7f       	andi	r24, 0xFB	; 251
    12ea:	8c 93       	st	X, r24
	TCCR1B |= (1<<TCCR1B_CS11);
    12ec:	ae e4       	ldi	r26, 0x4E	; 78
    12ee:	b0 e0       	ldi	r27, 0x00	; 0
    12f0:	ee e4       	ldi	r30, 0x4E	; 78
    12f2:	f0 e0       	ldi	r31, 0x00	; 0
    12f4:	80 81       	ld	r24, Z
    12f6:	82 60       	ori	r24, 0x02	; 2
    12f8:	8c 93       	st	X, r24
	TCCR1B &=~(1<<TCCR1B_CS10);
    12fa:	ae e4       	ldi	r26, 0x4E	; 78
    12fc:	b0 e0       	ldi	r27, 0x00	; 0
    12fe:	ee e4       	ldi	r30, 0x4E	; 78
    1300:	f0 e0       	ldi	r31, 0x00	; 0
    1302:	80 81       	ld	r24, Z
    1304:	8e 7f       	andi	r24, 0xFE	; 254
    1306:	8c 93       	st	X, r24
	Local_enuErrorState =ES_OK;
    1308:	81 e0       	ldi	r24, 0x01	; 1
    130a:	89 83       	std	Y+1, r24	; 0x01
#else
#error "Attention!!, your TIMER1_PRESCALER Selection is Wrong...."

#endif

	return Local_enuErrorState;
    130c:	89 81       	ldd	r24, Y+1	; 0x01
}
    130e:	0f 90       	pop	r0
    1310:	cf 91       	pop	r28
    1312:	df 91       	pop	r29
    1314:	08 95       	ret

00001316 <TIMER1_enuSetChannelACTC>:

ES_t  TIMER1_enuSetChannelACTC(u16 Copy_u16OCR1AValue)
{
    1316:	df 93       	push	r29
    1318:	cf 93       	push	r28
    131a:	00 d0       	rcall	.+0      	; 0x131c <TIMER1_enuSetChannelACTC+0x6>
    131c:	0f 92       	push	r0
    131e:	cd b7       	in	r28, 0x3d	; 61
    1320:	de b7       	in	r29, 0x3e	; 62
    1322:	9b 83       	std	Y+3, r25	; 0x03
    1324:	8a 83       	std	Y+2, r24	; 0x02
	ES_t Local_enuErrorState=ES_NOK;
    1326:	19 82       	std	Y+1, r1	; 0x01

	OCR1A=Copy_u16OCR1AValue;
    1328:	ea e4       	ldi	r30, 0x4A	; 74
    132a:	f0 e0       	ldi	r31, 0x00	; 0
    132c:	8a 81       	ldd	r24, Y+2	; 0x02
    132e:	9b 81       	ldd	r25, Y+3	; 0x03
    1330:	91 83       	std	Z+1, r25	; 0x01
    1332:	80 83       	st	Z, r24
	Local_enuErrorState=ES_OK;
    1334:	81 e0       	ldi	r24, 0x01	; 1
    1336:	89 83       	std	Y+1, r24	; 0x01

	return Local_enuErrorState;
    1338:	89 81       	ldd	r24, Y+1	; 0x01
}
    133a:	0f 90       	pop	r0
    133c:	0f 90       	pop	r0
    133e:	0f 90       	pop	r0
    1340:	cf 91       	pop	r28
    1342:	df 91       	pop	r29
    1344:	08 95       	ret

00001346 <TIMER1_enuSetChannelBCTC>:
ES_t  TIMER1_enuSetChannelBCTC(u16 Copy_u16OCR1AValue)
{
    1346:	df 93       	push	r29
    1348:	cf 93       	push	r28
    134a:	00 d0       	rcall	.+0      	; 0x134c <TIMER1_enuSetChannelBCTC+0x6>
    134c:	0f 92       	push	r0
    134e:	cd b7       	in	r28, 0x3d	; 61
    1350:	de b7       	in	r29, 0x3e	; 62
    1352:	9b 83       	std	Y+3, r25	; 0x03
    1354:	8a 83       	std	Y+2, r24	; 0x02
	ES_t Local_enuErrorState=ES_NOK;
    1356:	19 82       	std	Y+1, r1	; 0x01

	OCR1B=Copy_u16OCR1AValue;
    1358:	e8 e4       	ldi	r30, 0x48	; 72
    135a:	f0 e0       	ldi	r31, 0x00	; 0
    135c:	8a 81       	ldd	r24, Y+2	; 0x02
    135e:	9b 81       	ldd	r25, Y+3	; 0x03
    1360:	91 83       	std	Z+1, r25	; 0x01
    1362:	80 83       	st	Z, r24
	Local_enuErrorState=ES_OK;
    1364:	81 e0       	ldi	r24, 0x01	; 1
    1366:	89 83       	std	Y+1, r24	; 0x01

	return Local_enuErrorState;
    1368:	89 81       	ldd	r24, Y+1	; 0x01
}
    136a:	0f 90       	pop	r0
    136c:	0f 90       	pop	r0
    136e:	0f 90       	pop	r0
    1370:	cf 91       	pop	r28
    1372:	df 91       	pop	r29
    1374:	08 95       	ret

00001376 <TIMER1_enuSetICR>:

ES_t  TIMER1_enuSetICR(u16 Copy_u16ICR1Value)
{
    1376:	df 93       	push	r29
    1378:	cf 93       	push	r28
    137a:	00 d0       	rcall	.+0      	; 0x137c <TIMER1_enuSetICR+0x6>
    137c:	0f 92       	push	r0
    137e:	cd b7       	in	r28, 0x3d	; 61
    1380:	de b7       	in	r29, 0x3e	; 62
    1382:	9b 83       	std	Y+3, r25	; 0x03
    1384:	8a 83       	std	Y+2, r24	; 0x02
	ES_t Local_enuErrorState=ES_NOK;
    1386:	19 82       	std	Y+1, r1	; 0x01

	ICR1=Copy_u16ICR1Value;
    1388:	e6 e4       	ldi	r30, 0x46	; 70
    138a:	f0 e0       	ldi	r31, 0x00	; 0
    138c:	8a 81       	ldd	r24, Y+2	; 0x02
    138e:	9b 81       	ldd	r25, Y+3	; 0x03
    1390:	91 83       	std	Z+1, r25	; 0x01
    1392:	80 83       	st	Z, r24
	Local_enuErrorState=ES_OK;
    1394:	81 e0       	ldi	r24, 0x01	; 1
    1396:	89 83       	std	Y+1, r24	; 0x01

	return Local_enuErrorState;
    1398:	89 81       	ldd	r24, Y+1	; 0x01
}
    139a:	0f 90       	pop	r0
    139c:	0f 90       	pop	r0
    139e:	0f 90       	pop	r0
    13a0:	cf 91       	pop	r28
    13a2:	df 91       	pop	r29
    13a4:	08 95       	ret

000013a6 <TIMER1_enuSetTimerValue>:

ES_t TIMER1_enuSetTimerValue(u16 Copy_u16Value)
{
    13a6:	df 93       	push	r29
    13a8:	cf 93       	push	r28
    13aa:	00 d0       	rcall	.+0      	; 0x13ac <TIMER1_enuSetTimerValue+0x6>
    13ac:	0f 92       	push	r0
    13ae:	cd b7       	in	r28, 0x3d	; 61
    13b0:	de b7       	in	r29, 0x3e	; 62
    13b2:	9b 83       	std	Y+3, r25	; 0x03
    13b4:	8a 83       	std	Y+2, r24	; 0x02
	ES_t Local_enuErrorState=ES_NOK;
    13b6:	19 82       	std	Y+1, r1	; 0x01

	TCNT1=Copy_u16Value;
    13b8:	ec e4       	ldi	r30, 0x4C	; 76
    13ba:	f0 e0       	ldi	r31, 0x00	; 0
    13bc:	8a 81       	ldd	r24, Y+2	; 0x02
    13be:	9b 81       	ldd	r25, Y+3	; 0x03
    13c0:	91 83       	std	Z+1, r25	; 0x01
    13c2:	80 83       	st	Z, r24
	Local_enuErrorState=ES_OK;
    13c4:	81 e0       	ldi	r24, 0x01	; 1
    13c6:	89 83       	std	Y+1, r24	; 0x01

	return Local_enuErrorState;
    13c8:	89 81       	ldd	r24, Y+1	; 0x01
}
    13ca:	0f 90       	pop	r0
    13cc:	0f 90       	pop	r0
    13ce:	0f 90       	pop	r0
    13d0:	cf 91       	pop	r28
    13d2:	df 91       	pop	r29
    13d4:	08 95       	ret

000013d6 <TIMER1_enuReadTimerValue>:

ES_t  TIMER1_enuReadTimerValue(u16 *Copy_pu16Value)
{
    13d6:	df 93       	push	r29
    13d8:	cf 93       	push	r28
    13da:	00 d0       	rcall	.+0      	; 0x13dc <TIMER1_enuReadTimerValue+0x6>
    13dc:	0f 92       	push	r0
    13de:	cd b7       	in	r28, 0x3d	; 61
    13e0:	de b7       	in	r29, 0x3e	; 62
    13e2:	9b 83       	std	Y+3, r25	; 0x03
    13e4:	8a 83       	std	Y+2, r24	; 0x02
	ES_t Local_enuErrorState=ES_NOK;
    13e6:	19 82       	std	Y+1, r1	; 0x01

	if(Copy_pu16Value!=NULL)
    13e8:	8a 81       	ldd	r24, Y+2	; 0x02
    13ea:	9b 81       	ldd	r25, Y+3	; 0x03
    13ec:	00 97       	sbiw	r24, 0x00	; 0
    13ee:	59 f0       	breq	.+22     	; 0x1406 <TIMER1_enuReadTimerValue+0x30>
	{
		*Copy_pu16Value=TCNT1;
    13f0:	ec e4       	ldi	r30, 0x4C	; 76
    13f2:	f0 e0       	ldi	r31, 0x00	; 0
    13f4:	80 81       	ld	r24, Z
    13f6:	91 81       	ldd	r25, Z+1	; 0x01
    13f8:	ea 81       	ldd	r30, Y+2	; 0x02
    13fa:	fb 81       	ldd	r31, Y+3	; 0x03
    13fc:	91 83       	std	Z+1, r25	; 0x01
    13fe:	80 83       	st	Z, r24
		Local_enuErrorState=ES_OK;
    1400:	81 e0       	ldi	r24, 0x01	; 1
    1402:	89 83       	std	Y+1, r24	; 0x01
    1404:	02 c0       	rjmp	.+4      	; 0x140a <TIMER1_enuReadTimerValue+0x34>
	}
	else
	{
		Local_enuErrorState=ES_NULL_POINTER;
    1406:	82 e0       	ldi	r24, 0x02	; 2
    1408:	89 83       	std	Y+1, r24	; 0x01
	}

	return Local_enuErrorState;
    140a:	89 81       	ldd	r24, Y+1	; 0x01
}
    140c:	0f 90       	pop	r0
    140e:	0f 90       	pop	r0
    1410:	0f 90       	pop	r0
    1412:	cf 91       	pop	r28
    1414:	df 91       	pop	r29
    1416:	08 95       	ret

00001418 <TIMER1_enuCallBack>:


ES_t TIMER1_enuCallBack(void (*Copy_PfunCallBack)(void*) , void * Copy_PvidParameter,u8 Copy_CallBackSource)
{
    1418:	df 93       	push	r29
    141a:	cf 93       	push	r28
    141c:	cd b7       	in	r28, 0x3d	; 61
    141e:	de b7       	in	r29, 0x3e	; 62
    1420:	28 97       	sbiw	r28, 0x08	; 8
    1422:	0f b6       	in	r0, 0x3f	; 63
    1424:	f8 94       	cli
    1426:	de bf       	out	0x3e, r29	; 62
    1428:	0f be       	out	0x3f, r0	; 63
    142a:	cd bf       	out	0x3d, r28	; 61
    142c:	9b 83       	std	Y+3, r25	; 0x03
    142e:	8a 83       	std	Y+2, r24	; 0x02
    1430:	7d 83       	std	Y+5, r23	; 0x05
    1432:	6c 83       	std	Y+4, r22	; 0x04
    1434:	4e 83       	std	Y+6, r20	; 0x06
	ES_t Local_enuErrorState=ES_NOK;
    1436:	19 82       	std	Y+1, r1	; 0x01

	if(Copy_PfunCallBack!=NULL)
    1438:	8a 81       	ldd	r24, Y+2	; 0x02
    143a:	9b 81       	ldd	r25, Y+3	; 0x03
    143c:	00 97       	sbiw	r24, 0x00	; 0
    143e:	09 f4       	brne	.+2      	; 0x1442 <TIMER1_enuCallBack+0x2a>
    1440:	44 c0       	rjmp	.+136    	; 0x14ca <TIMER1_enuCallBack+0xb2>
	{
		switch(Copy_CallBackSource)
    1442:	8e 81       	ldd	r24, Y+6	; 0x06
    1444:	28 2f       	mov	r18, r24
    1446:	30 e0       	ldi	r19, 0x00	; 0
    1448:	38 87       	std	Y+8, r19	; 0x08
    144a:	2f 83       	std	Y+7, r18	; 0x07
    144c:	8f 81       	ldd	r24, Y+7	; 0x07
    144e:	98 85       	ldd	r25, Y+8	; 0x08
    1450:	81 30       	cpi	r24, 0x01	; 1
    1452:	91 05       	cpc	r25, r1
    1454:	41 f1       	breq	.+80     	; 0x14a6 <TIMER1_enuCallBack+0x8e>
    1456:	2f 81       	ldd	r18, Y+7	; 0x07
    1458:	38 85       	ldd	r19, Y+8	; 0x08
    145a:	22 30       	cpi	r18, 0x02	; 2
    145c:	31 05       	cpc	r19, r1
    145e:	29 f0       	breq	.+10     	; 0x146a <TIMER1_enuCallBack+0x52>
    1460:	8f 81       	ldd	r24, Y+7	; 0x07
    1462:	98 85       	ldd	r25, Y+8	; 0x08
    1464:	00 97       	sbiw	r24, 0x00	; 0
    1466:	81 f0       	breq	.+32     	; 0x1488 <TIMER1_enuCallBack+0x70>
    1468:	2d c0       	rjmp	.+90     	; 0x14c4 <TIMER1_enuCallBack+0xac>
		{
		case TIMER1_OVF_CALLBACK:
			TIMER1_APfunCallBack[TIMER1_OVF_CALLBACK]=Copy_PfunCallBack;
    146a:	8a 81       	ldd	r24, Y+2	; 0x02
    146c:	9b 81       	ldd	r25, Y+3	; 0x03
    146e:	90 93 2d 02 	sts	0x022D, r25
    1472:	80 93 2c 02 	sts	0x022C, r24
			TIMER1_APvidParameter[TIMER1_OVF_CALLBACK]=Copy_PvidParameter;
    1476:	8c 81       	ldd	r24, Y+4	; 0x04
    1478:	9d 81       	ldd	r25, Y+5	; 0x05
    147a:	90 93 33 02 	sts	0x0233, r25
    147e:	80 93 32 02 	sts	0x0232, r24
			Local_enuErrorState=ES_OK;
    1482:	81 e0       	ldi	r24, 0x01	; 1
    1484:	89 83       	std	Y+1, r24	; 0x01
    1486:	23 c0       	rjmp	.+70     	; 0x14ce <TIMER1_enuCallBack+0xb6>
			break;
		case TIMER1_COMA_CALLBACK:
			TIMER1_APfunCallBack[TIMER1_COMA_CALLBACK]=Copy_PfunCallBack;
    1488:	8a 81       	ldd	r24, Y+2	; 0x02
    148a:	9b 81       	ldd	r25, Y+3	; 0x03
    148c:	90 93 29 02 	sts	0x0229, r25
    1490:	80 93 28 02 	sts	0x0228, r24
			TIMER1_APvidParameter[TIMER1_COMA_CALLBACK]=Copy_PvidParameter;
    1494:	8c 81       	ldd	r24, Y+4	; 0x04
    1496:	9d 81       	ldd	r25, Y+5	; 0x05
    1498:	90 93 2f 02 	sts	0x022F, r25
    149c:	80 93 2e 02 	sts	0x022E, r24
			Local_enuErrorState=ES_OK;
    14a0:	81 e0       	ldi	r24, 0x01	; 1
    14a2:	89 83       	std	Y+1, r24	; 0x01
    14a4:	14 c0       	rjmp	.+40     	; 0x14ce <TIMER1_enuCallBack+0xb6>
			break;
		case TIMER1_COMB_CALLBACK:
			TIMER1_APfunCallBack[TIMER1_COMB_CALLBACK]=Copy_PfunCallBack;
    14a6:	8a 81       	ldd	r24, Y+2	; 0x02
    14a8:	9b 81       	ldd	r25, Y+3	; 0x03
    14aa:	90 93 2b 02 	sts	0x022B, r25
    14ae:	80 93 2a 02 	sts	0x022A, r24
			TIMER1_APvidParameter[TIMER1_COMB_CALLBACK]=Copy_PvidParameter;
    14b2:	8c 81       	ldd	r24, Y+4	; 0x04
    14b4:	9d 81       	ldd	r25, Y+5	; 0x05
    14b6:	90 93 31 02 	sts	0x0231, r25
    14ba:	80 93 30 02 	sts	0x0230, r24
			Local_enuErrorState=ES_OK;
    14be:	81 e0       	ldi	r24, 0x01	; 1
    14c0:	89 83       	std	Y+1, r24	; 0x01
    14c2:	05 c0       	rjmp	.+10     	; 0x14ce <TIMER1_enuCallBack+0xb6>
			break;
		default:
			Local_enuErrorState=ES_OUT_OF_RANGE;
    14c4:	83 e0       	ldi	r24, 0x03	; 3
    14c6:	89 83       	std	Y+1, r24	; 0x01
    14c8:	02 c0       	rjmp	.+4      	; 0x14ce <TIMER1_enuCallBack+0xb6>
			break;
		}
	}
	else
	{
		Local_enuErrorState =ES_NULL_POINTER;
    14ca:	82 e0       	ldi	r24, 0x02	; 2
    14cc:	89 83       	std	Y+1, r24	; 0x01
	}

	return Local_enuErrorState;
    14ce:	89 81       	ldd	r24, Y+1	; 0x01
}
    14d0:	28 96       	adiw	r28, 0x08	; 8
    14d2:	0f b6       	in	r0, 0x3f	; 63
    14d4:	f8 94       	cli
    14d6:	de bf       	out	0x3e, r29	; 62
    14d8:	0f be       	out	0x3f, r0	; 63
    14da:	cd bf       	out	0x3d, r28	; 61
    14dc:	cf 91       	pop	r28
    14de:	df 91       	pop	r29
    14e0:	08 95       	ret

000014e2 <__vector_7>:




ISR(VECT_TIMER1_COMA)
{
    14e2:	1f 92       	push	r1
    14e4:	0f 92       	push	r0
    14e6:	0f b6       	in	r0, 0x3f	; 63
    14e8:	0f 92       	push	r0
    14ea:	11 24       	eor	r1, r1
    14ec:	2f 93       	push	r18
    14ee:	3f 93       	push	r19
    14f0:	4f 93       	push	r20
    14f2:	5f 93       	push	r21
    14f4:	6f 93       	push	r22
    14f6:	7f 93       	push	r23
    14f8:	8f 93       	push	r24
    14fa:	9f 93       	push	r25
    14fc:	af 93       	push	r26
    14fe:	bf 93       	push	r27
    1500:	ef 93       	push	r30
    1502:	ff 93       	push	r31
    1504:	df 93       	push	r29
    1506:	cf 93       	push	r28
    1508:	cd b7       	in	r28, 0x3d	; 61
    150a:	de b7       	in	r29, 0x3e	; 62
	if(TIMER1_APfunCallBack[TIMER1_COMA_CALLBACK]!=NULL)
    150c:	80 91 28 02 	lds	r24, 0x0228
    1510:	90 91 29 02 	lds	r25, 0x0229
    1514:	00 97       	sbiw	r24, 0x00	; 0
    1516:	49 f0       	breq	.+18     	; 0x152a <__vector_7+0x48>
	{
		TIMER1_APfunCallBack[TIMER1_COMA_CALLBACK](TIMER1_APvidParameter[TIMER1_COMA_CALLBACK]);
    1518:	e0 91 28 02 	lds	r30, 0x0228
    151c:	f0 91 29 02 	lds	r31, 0x0229
    1520:	80 91 2e 02 	lds	r24, 0x022E
    1524:	90 91 2f 02 	lds	r25, 0x022F
    1528:	09 95       	icall
	}
}
    152a:	cf 91       	pop	r28
    152c:	df 91       	pop	r29
    152e:	ff 91       	pop	r31
    1530:	ef 91       	pop	r30
    1532:	bf 91       	pop	r27
    1534:	af 91       	pop	r26
    1536:	9f 91       	pop	r25
    1538:	8f 91       	pop	r24
    153a:	7f 91       	pop	r23
    153c:	6f 91       	pop	r22
    153e:	5f 91       	pop	r21
    1540:	4f 91       	pop	r20
    1542:	3f 91       	pop	r19
    1544:	2f 91       	pop	r18
    1546:	0f 90       	pop	r0
    1548:	0f be       	out	0x3f, r0	; 63
    154a:	0f 90       	pop	r0
    154c:	1f 90       	pop	r1
    154e:	18 95       	reti

00001550 <__vector_8>:

ISR(VECT_TIMER1_COMB)
{
    1550:	1f 92       	push	r1
    1552:	0f 92       	push	r0
    1554:	0f b6       	in	r0, 0x3f	; 63
    1556:	0f 92       	push	r0
    1558:	11 24       	eor	r1, r1
    155a:	2f 93       	push	r18
    155c:	3f 93       	push	r19
    155e:	4f 93       	push	r20
    1560:	5f 93       	push	r21
    1562:	6f 93       	push	r22
    1564:	7f 93       	push	r23
    1566:	8f 93       	push	r24
    1568:	9f 93       	push	r25
    156a:	af 93       	push	r26
    156c:	bf 93       	push	r27
    156e:	ef 93       	push	r30
    1570:	ff 93       	push	r31
    1572:	df 93       	push	r29
    1574:	cf 93       	push	r28
    1576:	cd b7       	in	r28, 0x3d	; 61
    1578:	de b7       	in	r29, 0x3e	; 62
	if(TIMER1_APfunCallBack[TIMER1_COMB_CALLBACK]!=NULL)
    157a:	80 91 2a 02 	lds	r24, 0x022A
    157e:	90 91 2b 02 	lds	r25, 0x022B
    1582:	00 97       	sbiw	r24, 0x00	; 0
    1584:	49 f0       	breq	.+18     	; 0x1598 <__vector_8+0x48>
	{
		TIMER1_APfunCallBack[TIMER1_COMB_CALLBACK](TIMER1_APvidParameter[TIMER1_COMB_CALLBACK]);
    1586:	e0 91 2a 02 	lds	r30, 0x022A
    158a:	f0 91 2b 02 	lds	r31, 0x022B
    158e:	80 91 30 02 	lds	r24, 0x0230
    1592:	90 91 31 02 	lds	r25, 0x0231
    1596:	09 95       	icall
	}
}
    1598:	cf 91       	pop	r28
    159a:	df 91       	pop	r29
    159c:	ff 91       	pop	r31
    159e:	ef 91       	pop	r30
    15a0:	bf 91       	pop	r27
    15a2:	af 91       	pop	r26
    15a4:	9f 91       	pop	r25
    15a6:	8f 91       	pop	r24
    15a8:	7f 91       	pop	r23
    15aa:	6f 91       	pop	r22
    15ac:	5f 91       	pop	r21
    15ae:	4f 91       	pop	r20
    15b0:	3f 91       	pop	r19
    15b2:	2f 91       	pop	r18
    15b4:	0f 90       	pop	r0
    15b6:	0f be       	out	0x3f, r0	; 63
    15b8:	0f 90       	pop	r0
    15ba:	1f 90       	pop	r1
    15bc:	18 95       	reti

000015be <__vector_9>:

ISR(VECT_TIMER1_OVF)
{
    15be:	1f 92       	push	r1
    15c0:	0f 92       	push	r0
    15c2:	0f b6       	in	r0, 0x3f	; 63
    15c4:	0f 92       	push	r0
    15c6:	11 24       	eor	r1, r1
    15c8:	2f 93       	push	r18
    15ca:	3f 93       	push	r19
    15cc:	4f 93       	push	r20
    15ce:	5f 93       	push	r21
    15d0:	6f 93       	push	r22
    15d2:	7f 93       	push	r23
    15d4:	8f 93       	push	r24
    15d6:	9f 93       	push	r25
    15d8:	af 93       	push	r26
    15da:	bf 93       	push	r27
    15dc:	ef 93       	push	r30
    15de:	ff 93       	push	r31
    15e0:	df 93       	push	r29
    15e2:	cf 93       	push	r28
    15e4:	cd b7       	in	r28, 0x3d	; 61
    15e6:	de b7       	in	r29, 0x3e	; 62
	if(TIMER1_APfunCallBack[TIMER1_OVF_CALLBACK]!=NULL)
    15e8:	80 91 2c 02 	lds	r24, 0x022C
    15ec:	90 91 2d 02 	lds	r25, 0x022D
    15f0:	00 97       	sbiw	r24, 0x00	; 0
    15f2:	49 f0       	breq	.+18     	; 0x1606 <__vector_9+0x48>
	{
		TIMER1_APfunCallBack[TIMER1_OVF_CALLBACK](TIMER1_APvidParameter[TIMER1_OVF_CALLBACK]);
    15f4:	e0 91 2c 02 	lds	r30, 0x022C
    15f8:	f0 91 2d 02 	lds	r31, 0x022D
    15fc:	80 91 32 02 	lds	r24, 0x0232
    1600:	90 91 33 02 	lds	r25, 0x0233
    1604:	09 95       	icall
	}
}
    1606:	cf 91       	pop	r28
    1608:	df 91       	pop	r29
    160a:	ff 91       	pop	r31
    160c:	ef 91       	pop	r30
    160e:	bf 91       	pop	r27
    1610:	af 91       	pop	r26
    1612:	9f 91       	pop	r25
    1614:	8f 91       	pop	r24
    1616:	7f 91       	pop	r23
    1618:	6f 91       	pop	r22
    161a:	5f 91       	pop	r21
    161c:	4f 91       	pop	r20
    161e:	3f 91       	pop	r19
    1620:	2f 91       	pop	r18
    1622:	0f 90       	pop	r0
    1624:	0f be       	out	0x3f, r0	; 63
    1626:	0f 90       	pop	r0
    1628:	1f 90       	pop	r1
    162a:	18 95       	reti

0000162c <TIMER0_enuInit>:

static u32 Timer0_NumOVF=0;
static u32 Timer0_Preload=0;

ES_t TIMER0_enuInit(void)
{
    162c:	df 93       	push	r29
    162e:	cf 93       	push	r28
    1630:	0f 92       	push	r0
    1632:	cd b7       	in	r28, 0x3d	; 61
    1634:	de b7       	in	r29, 0x3e	; 62
	ES_t Local_enuErrorState=ES_NOK;
    1636:	19 82       	std	Y+1, r1	; 0x01
	TCCR0 &=~(1<<TCCR0_CS02);
	TCCR0 |= (1<<TCCR0_CS01);
	TCCR0 &=~(1<<TCCR0_CS00);
	Local_enuErrorState =ES_OK;
#elif TIMER0_PRESCALER == TIMER0_PRESCALER_64
	TCCR0 &=~(1<<TCCR0_CS02);
    1638:	a3 e5       	ldi	r26, 0x53	; 83
    163a:	b0 e0       	ldi	r27, 0x00	; 0
    163c:	e3 e5       	ldi	r30, 0x53	; 83
    163e:	f0 e0       	ldi	r31, 0x00	; 0
    1640:	80 81       	ld	r24, Z
    1642:	8b 7f       	andi	r24, 0xFB	; 251
    1644:	8c 93       	st	X, r24
	TCCR0 |= (1<<TCCR0_CS01);
    1646:	a3 e5       	ldi	r26, 0x53	; 83
    1648:	b0 e0       	ldi	r27, 0x00	; 0
    164a:	e3 e5       	ldi	r30, 0x53	; 83
    164c:	f0 e0       	ldi	r31, 0x00	; 0
    164e:	80 81       	ld	r24, Z
    1650:	82 60       	ori	r24, 0x02	; 2
    1652:	8c 93       	st	X, r24
	TCCR0 |= (1<<TCCR0_CS00);
    1654:	a3 e5       	ldi	r26, 0x53	; 83
    1656:	b0 e0       	ldi	r27, 0x00	; 0
    1658:	e3 e5       	ldi	r30, 0x53	; 83
    165a:	f0 e0       	ldi	r31, 0x00	; 0
    165c:	80 81       	ld	r24, Z
    165e:	81 60       	ori	r24, 0x01	; 1
    1660:	8c 93       	st	X, r24
	Local_enuErrorState =ES_OK;
    1662:	81 e0       	ldi	r24, 0x01	; 1
    1664:	89 83       	std	Y+1, r24	; 0x01

#endif

	  // MODE
#if TIMER0_MODE == TIMER0_OVER_FLOW
	TCCR0 &=~(1<<TCCR0_WGM01);
    1666:	a3 e5       	ldi	r26, 0x53	; 83
    1668:	b0 e0       	ldi	r27, 0x00	; 0
    166a:	e3 e5       	ldi	r30, 0x53	; 83
    166c:	f0 e0       	ldi	r31, 0x00	; 0
    166e:	80 81       	ld	r24, Z
    1670:	87 7f       	andi	r24, 0xF7	; 247
    1672:	8c 93       	st	X, r24
	TCCR0 &=~(1<<TCCR0_WGM00);
    1674:	a3 e5       	ldi	r26, 0x53	; 83
    1676:	b0 e0       	ldi	r27, 0x00	; 0
    1678:	e3 e5       	ldi	r30, 0x53	; 83
    167a:	f0 e0       	ldi	r31, 0x00	; 0
    167c:	80 81       	ld	r24, Z
    167e:	8f 7b       	andi	r24, 0xBF	; 191
    1680:	8c 93       	st	X, r24
	#if TIMER0_OC0_PIN_STATE == TIMER0_OVF_DISCONNECT_OC0
		TCCR0 &=~(1<<TCCR0_COM00);
    1682:	a3 e5       	ldi	r26, 0x53	; 83
    1684:	b0 e0       	ldi	r27, 0x00	; 0
    1686:	e3 e5       	ldi	r30, 0x53	; 83
    1688:	f0 e0       	ldi	r31, 0x00	; 0
    168a:	80 81       	ld	r24, Z
    168c:	8f 7e       	andi	r24, 0xEF	; 239
    168e:	8c 93       	st	X, r24
		TCCR0 &=~(1<<TCCR0_COM01);
    1690:	a3 e5       	ldi	r26, 0x53	; 83
    1692:	b0 e0       	ldi	r27, 0x00	; 0
    1694:	e3 e5       	ldi	r30, 0x53	; 83
    1696:	f0 e0       	ldi	r31, 0x00	; 0
    1698:	80 81       	ld	r24, Z
    169a:	8f 7d       	andi	r24, 0xDF	; 223
    169c:	8c 93       	st	X, r24
		Local_enuErrorState =ES_OK;
    169e:	81 e0       	ldi	r24, 0x01	; 1
    16a0:	89 83       	std	Y+1, r24	; 0x01
		#endif
#else
#error "Attention!!, your TIMER0_MODE Selection is Wrong...."
#endif

	return Local_enuErrorState;
    16a2:	89 81       	ldd	r24, Y+1	; 0x01
}
    16a4:	0f 90       	pop	r0
    16a6:	cf 91       	pop	r28
    16a8:	df 91       	pop	r29
    16aa:	08 95       	ret

000016ac <TIMER0_enuSetCTC>:

ES_t  TIMER0_enuSetCTC(u8 Copy_u8OCR0Value)
{
    16ac:	df 93       	push	r29
    16ae:	cf 93       	push	r28
    16b0:	00 d0       	rcall	.+0      	; 0x16b2 <TIMER0_enuSetCTC+0x6>
    16b2:	cd b7       	in	r28, 0x3d	; 61
    16b4:	de b7       	in	r29, 0x3e	; 62
    16b6:	8a 83       	std	Y+2, r24	; 0x02
	ES_t Local_enuErrorState=ES_NOK;
    16b8:	19 82       	std	Y+1, r1	; 0x01

	OCR0 =Copy_u8OCR0Value;
    16ba:	ec e5       	ldi	r30, 0x5C	; 92
    16bc:	f0 e0       	ldi	r31, 0x00	; 0
    16be:	8a 81       	ldd	r24, Y+2	; 0x02
    16c0:	80 83       	st	Z, r24
	Local_enuErrorState=ES_OK;
    16c2:	81 e0       	ldi	r24, 0x01	; 1
    16c4:	89 83       	std	Y+1, r24	; 0x01

	return Local_enuErrorState;
    16c6:	89 81       	ldd	r24, Y+1	; 0x01
}
    16c8:	0f 90       	pop	r0
    16ca:	0f 90       	pop	r0
    16cc:	cf 91       	pop	r28
    16ce:	df 91       	pop	r29
    16d0:	08 95       	ret

000016d2 <TIMER0_enuSetPreload>:

ES_t  TIMER0_enuSetPreload(u8 Copy_u8Preload)
{
    16d2:	df 93       	push	r29
    16d4:	cf 93       	push	r28
    16d6:	00 d0       	rcall	.+0      	; 0x16d8 <TIMER0_enuSetPreload+0x6>
    16d8:	cd b7       	in	r28, 0x3d	; 61
    16da:	de b7       	in	r29, 0x3e	; 62
    16dc:	8a 83       	std	Y+2, r24	; 0x02
	ES_t Local_enuErrorState=ES_NOK;
    16de:	19 82       	std	Y+1, r1	; 0x01

	TCNT0 =Copy_u8Preload;
    16e0:	e2 e5       	ldi	r30, 0x52	; 82
    16e2:	f0 e0       	ldi	r31, 0x00	; 0
    16e4:	8a 81       	ldd	r24, Y+2	; 0x02
    16e6:	80 83       	st	Z, r24
	Local_enuErrorState=ES_OK;
    16e8:	81 e0       	ldi	r24, 0x01	; 1
    16ea:	89 83       	std	Y+1, r24	; 0x01

	return Local_enuErrorState;
    16ec:	89 81       	ldd	r24, Y+1	; 0x01
}
    16ee:	0f 90       	pop	r0
    16f0:	0f 90       	pop	r0
    16f2:	cf 91       	pop	r28
    16f4:	df 91       	pop	r29
    16f6:	08 95       	ret

000016f8 <TIMER0_enuDelayMilliSecond>:


ES_t TIMER0_enuDelayMilliSecond(void (*Copy_PfunCallBack)(void*) , void * Copy_PvidParameter , u32 Copy_u32StartDelay , u32 Copy_u32StopTime)
{
    16f8:	ef 92       	push	r14
    16fa:	ff 92       	push	r15
    16fc:	0f 93       	push	r16
    16fe:	1f 93       	push	r17
    1700:	df 93       	push	r29
    1702:	cf 93       	push	r28
    1704:	cd b7       	in	r28, 0x3d	; 61
    1706:	de b7       	in	r29, 0x3e	; 62
    1708:	2d 97       	sbiw	r28, 0x0d	; 13
    170a:	0f b6       	in	r0, 0x3f	; 63
    170c:	f8 94       	cli
    170e:	de bf       	out	0x3e, r29	; 62
    1710:	0f be       	out	0x3f, r0	; 63
    1712:	cd bf       	out	0x3d, r28	; 61
    1714:	9b 83       	std	Y+3, r25	; 0x03
    1716:	8a 83       	std	Y+2, r24	; 0x02
    1718:	7d 83       	std	Y+5, r23	; 0x05
    171a:	6c 83       	std	Y+4, r22	; 0x04
    171c:	2e 83       	std	Y+6, r18	; 0x06
    171e:	3f 83       	std	Y+7, r19	; 0x07
    1720:	48 87       	std	Y+8, r20	; 0x08
    1722:	59 87       	std	Y+9, r21	; 0x09
    1724:	ea 86       	std	Y+10, r14	; 0x0a
    1726:	fb 86       	std	Y+11, r15	; 0x0b
    1728:	0c 87       	std	Y+12, r16	; 0x0c
    172a:	1d 87       	std	Y+13, r17	; 0x0d
	ES_t Local_enuErrorState=ES_NOK;
    172c:	19 82       	std	Y+1, r1	; 0x01
#else
#warning "Attention!!, Delay function has no effect at this mode or prescaler...."
#warning "To take high accuracy on Delay function, Choose OVF mode and one or eight prescaler OR CTC mode , 64 prescaler and OCR0 = 124"
#endif

	return Local_enuErrorState;
    172e:	89 81       	ldd	r24, Y+1	; 0x01
}
    1730:	2d 96       	adiw	r28, 0x0d	; 13
    1732:	0f b6       	in	r0, 0x3f	; 63
    1734:	f8 94       	cli
    1736:	de bf       	out	0x3e, r29	; 62
    1738:	0f be       	out	0x3f, r0	; 63
    173a:	cd bf       	out	0x3d, r28	; 61
    173c:	cf 91       	pop	r28
    173e:	df 91       	pop	r29
    1740:	1f 91       	pop	r17
    1742:	0f 91       	pop	r16
    1744:	ff 90       	pop	r15
    1746:	ef 90       	pop	r14
    1748:	08 95       	ret

0000174a <TIMER0_enuGeneratePWM>:

ES_t TIMER0_enuGeneratePWM(u8 Copy_u8DutyCycle)
{
    174a:	df 93       	push	r29
    174c:	cf 93       	push	r28
    174e:	00 d0       	rcall	.+0      	; 0x1750 <TIMER0_enuGeneratePWM+0x6>
    1750:	cd b7       	in	r28, 0x3d	; 61
    1752:	de b7       	in	r29, 0x3e	; 62
    1754:	8a 83       	std	Y+2, r24	; 0x02
	ES_t Local_enuErrorState=ES_NOK;
    1756:	19 82       	std	Y+1, r1	; 0x01
	#endif
#else
#warning "Attention!!, Generation of PWM doesn't work at this mode...."
#endif

	return Local_enuErrorState;
    1758:	89 81       	ldd	r24, Y+1	; 0x01
}
    175a:	0f 90       	pop	r0
    175c:	0f 90       	pop	r0
    175e:	cf 91       	pop	r28
    1760:	df 91       	pop	r29
    1762:	08 95       	ret

00001764 <TIMER0_enuCallBackOVF>:

ES_t TIMER0_enuCallBackOVF(void (*Copy_PfunCallBack)(void*) , void * Copy_PvidParameter)
{
    1764:	df 93       	push	r29
    1766:	cf 93       	push	r28
    1768:	00 d0       	rcall	.+0      	; 0x176a <TIMER0_enuCallBackOVF+0x6>
    176a:	00 d0       	rcall	.+0      	; 0x176c <TIMER0_enuCallBackOVF+0x8>
    176c:	0f 92       	push	r0
    176e:	cd b7       	in	r28, 0x3d	; 61
    1770:	de b7       	in	r29, 0x3e	; 62
    1772:	9b 83       	std	Y+3, r25	; 0x03
    1774:	8a 83       	std	Y+2, r24	; 0x02
    1776:	7d 83       	std	Y+5, r23	; 0x05
    1778:	6c 83       	std	Y+4, r22	; 0x04
	ES_t Local_enuErrorState=ES_NOK;
    177a:	19 82       	std	Y+1, r1	; 0x01

	if(Copy_PfunCallBack!=NULL)
    177c:	8a 81       	ldd	r24, Y+2	; 0x02
    177e:	9b 81       	ldd	r25, Y+3	; 0x03
    1780:	00 97       	sbiw	r24, 0x00	; 0
    1782:	79 f0       	breq	.+30     	; 0x17a2 <TIMER0_enuCallBackOVF+0x3e>
	{
		TIMER0_APfunCallBack [TIMER0_OVF_CALLBACK] = Copy_PfunCallBack;
    1784:	8a 81       	ldd	r24, Y+2	; 0x02
    1786:	9b 81       	ldd	r25, Y+3	; 0x03
    1788:	90 93 45 02 	sts	0x0245, r25
    178c:	80 93 44 02 	sts	0x0244, r24
		TIMER0_APvidParameter[TIMER0_OVF_CALLBACK] = Copy_PvidParameter;
    1790:	8c 81       	ldd	r24, Y+4	; 0x04
    1792:	9d 81       	ldd	r25, Y+5	; 0x05
    1794:	90 93 4b 02 	sts	0x024B, r25
    1798:	80 93 4a 02 	sts	0x024A, r24
		Local_enuErrorState =ES_OK;
    179c:	81 e0       	ldi	r24, 0x01	; 1
    179e:	89 83       	std	Y+1, r24	; 0x01
    17a0:	02 c0       	rjmp	.+4      	; 0x17a6 <TIMER0_enuCallBackOVF+0x42>
	}
	else
	{
		Local_enuErrorState =ES_NULL_POINTER;
    17a2:	82 e0       	ldi	r24, 0x02	; 2
    17a4:	89 83       	std	Y+1, r24	; 0x01
	}

	return Local_enuErrorState;
    17a6:	89 81       	ldd	r24, Y+1	; 0x01
}
    17a8:	0f 90       	pop	r0
    17aa:	0f 90       	pop	r0
    17ac:	0f 90       	pop	r0
    17ae:	0f 90       	pop	r0
    17b0:	0f 90       	pop	r0
    17b2:	cf 91       	pop	r28
    17b4:	df 91       	pop	r29
    17b6:	08 95       	ret

000017b8 <TIMER0_enuCallBackCTC>:

ES_t TIMER0_enuCallBackCTC(void (*Copy_PfunCallBack)(void*) , void * Copy_PvidParameter)
{
    17b8:	df 93       	push	r29
    17ba:	cf 93       	push	r28
    17bc:	00 d0       	rcall	.+0      	; 0x17be <TIMER0_enuCallBackCTC+0x6>
    17be:	00 d0       	rcall	.+0      	; 0x17c0 <TIMER0_enuCallBackCTC+0x8>
    17c0:	0f 92       	push	r0
    17c2:	cd b7       	in	r28, 0x3d	; 61
    17c4:	de b7       	in	r29, 0x3e	; 62
    17c6:	9b 83       	std	Y+3, r25	; 0x03
    17c8:	8a 83       	std	Y+2, r24	; 0x02
    17ca:	7d 83       	std	Y+5, r23	; 0x05
    17cc:	6c 83       	std	Y+4, r22	; 0x04
	ES_t Local_enuErrorState=ES_NOK;
    17ce:	19 82       	std	Y+1, r1	; 0x01

	if(Copy_PfunCallBack!=NULL)
    17d0:	8a 81       	ldd	r24, Y+2	; 0x02
    17d2:	9b 81       	ldd	r25, Y+3	; 0x03
    17d4:	00 97       	sbiw	r24, 0x00	; 0
    17d6:	79 f0       	breq	.+30     	; 0x17f6 <TIMER0_enuCallBackCTC+0x3e>
	{

		TIMER0_APfunCallBack [TIMER0_CTC_CALLBACK] = Copy_PfunCallBack;
    17d8:	8a 81       	ldd	r24, Y+2	; 0x02
    17da:	9b 81       	ldd	r25, Y+3	; 0x03
    17dc:	90 93 47 02 	sts	0x0247, r25
    17e0:	80 93 46 02 	sts	0x0246, r24
		TIMER0_APvidParameter[TIMER0_CTC_CALLBACK] = Copy_PvidParameter;
    17e4:	8c 81       	ldd	r24, Y+4	; 0x04
    17e6:	9d 81       	ldd	r25, Y+5	; 0x05
    17e8:	90 93 4d 02 	sts	0x024D, r25
    17ec:	80 93 4c 02 	sts	0x024C, r24
		Local_enuErrorState=ES_OK;
    17f0:	81 e0       	ldi	r24, 0x01	; 1
    17f2:	89 83       	std	Y+1, r24	; 0x01
    17f4:	02 c0       	rjmp	.+4      	; 0x17fa <TIMER0_enuCallBackCTC+0x42>
	}
	else
	{
		Local_enuErrorState =ES_NULL_POINTER;
    17f6:	82 e0       	ldi	r24, 0x02	; 2
    17f8:	89 83       	std	Y+1, r24	; 0x01
	}

	return Local_enuErrorState;
    17fa:	89 81       	ldd	r24, Y+1	; 0x01
}
    17fc:	0f 90       	pop	r0
    17fe:	0f 90       	pop	r0
    1800:	0f 90       	pop	r0
    1802:	0f 90       	pop	r0
    1804:	0f 90       	pop	r0
    1806:	cf 91       	pop	r28
    1808:	df 91       	pop	r29
    180a:	08 95       	ret

0000180c <TIMER0_enuEnableOVFINTERRUPT>:




ES_t TIMER0_enuEnableOVFINTERRUPT(void)
{
    180c:	df 93       	push	r29
    180e:	cf 93       	push	r28
    1810:	0f 92       	push	r0
    1812:	cd b7       	in	r28, 0x3d	; 61
    1814:	de b7       	in	r29, 0x3e	; 62
	ES_t Local_enuErrorState=ES_NOK;
    1816:	19 82       	std	Y+1, r1	; 0x01

	TIMSK |=(1<<TIMSK_TOIE0);
    1818:	a9 e5       	ldi	r26, 0x59	; 89
    181a:	b0 e0       	ldi	r27, 0x00	; 0
    181c:	e9 e5       	ldi	r30, 0x59	; 89
    181e:	f0 e0       	ldi	r31, 0x00	; 0
    1820:	80 81       	ld	r24, Z
    1822:	81 60       	ori	r24, 0x01	; 1
    1824:	8c 93       	st	X, r24
	Local_enuErrorState=ES_OK;
    1826:	81 e0       	ldi	r24, 0x01	; 1
    1828:	89 83       	std	Y+1, r24	; 0x01

	return Local_enuErrorState;
    182a:	89 81       	ldd	r24, Y+1	; 0x01
}
    182c:	0f 90       	pop	r0
    182e:	cf 91       	pop	r28
    1830:	df 91       	pop	r29
    1832:	08 95       	ret

00001834 <TIMER0_enuEnableCTCINTERRUPT>:

ES_t TIMER0_enuEnableCTCINTERRUPT(void)
{
    1834:	df 93       	push	r29
    1836:	cf 93       	push	r28
    1838:	0f 92       	push	r0
    183a:	cd b7       	in	r28, 0x3d	; 61
    183c:	de b7       	in	r29, 0x3e	; 62
	ES_t Local_enuErrorState=ES_NOK;
    183e:	19 82       	std	Y+1, r1	; 0x01

	TIMSK |=(1<<TIMSK_OCIE0);
    1840:	a9 e5       	ldi	r26, 0x59	; 89
    1842:	b0 e0       	ldi	r27, 0x00	; 0
    1844:	e9 e5       	ldi	r30, 0x59	; 89
    1846:	f0 e0       	ldi	r31, 0x00	; 0
    1848:	80 81       	ld	r24, Z
    184a:	82 60       	ori	r24, 0x02	; 2
    184c:	8c 93       	st	X, r24
	Local_enuErrorState=ES_OK;
    184e:	81 e0       	ldi	r24, 0x01	; 1
    1850:	89 83       	std	Y+1, r24	; 0x01

	return Local_enuErrorState;
    1852:	89 81       	ldd	r24, Y+1	; 0x01
}
    1854:	0f 90       	pop	r0
    1856:	cf 91       	pop	r28
    1858:	df 91       	pop	r29
    185a:	08 95       	ret

0000185c <TIMER0_enuSetAsychDelay>:


ES_t TIMER0_enuSetAsychDelay(u32 Copy_u8Time ,void(*Copy_pfunApp)(void*),void* Parameter)
{
    185c:	df 93       	push	r29
    185e:	cf 93       	push	r28
    1860:	cd b7       	in	r28, 0x3d	; 61
    1862:	de b7       	in	r29, 0x3e	; 62
    1864:	66 97       	sbiw	r28, 0x16	; 22
    1866:	0f b6       	in	r0, 0x3f	; 63
    1868:	f8 94       	cli
    186a:	de bf       	out	0x3e, r29	; 62
    186c:	0f be       	out	0x3f, r0	; 63
    186e:	cd bf       	out	0x3d, r28	; 61
    1870:	6f 87       	std	Y+15, r22	; 0x0f
    1872:	78 8b       	std	Y+16, r23	; 0x10
    1874:	89 8b       	std	Y+17, r24	; 0x11
    1876:	9a 8b       	std	Y+18, r25	; 0x12
    1878:	5c 8b       	std	Y+20, r21	; 0x14
    187a:	4b 8b       	std	Y+19, r20	; 0x13
    187c:	3e 8b       	std	Y+22, r19	; 0x16
    187e:	2d 8b       	std	Y+21, r18	; 0x15
	ES_t Local_enuErrorState=ES_NOK;
    1880:	1e 86       	std	Y+14, r1	; 0x0e

	f32 Local_f32OVFTime=256 *((f32)TIMER0_PRESCALER/TIMER0_F_CPU);
    1882:	8f e6       	ldi	r24, 0x6F	; 111
    1884:	92 e1       	ldi	r25, 0x12	; 18
    1886:	a3 e0       	ldi	r26, 0x03	; 3
    1888:	b0 e4       	ldi	r27, 0x40	; 64
    188a:	8a 87       	std	Y+10, r24	; 0x0a
    188c:	9b 87       	std	Y+11, r25	; 0x0b
    188e:	ac 87       	std	Y+12, r26	; 0x0c
    1890:	bd 87       	std	Y+13, r27	; 0x0d

	f32 Local_f32NumOVF = (Copy_u8Time)/(Local_f32OVFTime);
    1892:	6f 85       	ldd	r22, Y+15	; 0x0f
    1894:	78 89       	ldd	r23, Y+16	; 0x10
    1896:	89 89       	ldd	r24, Y+17	; 0x11
    1898:	9a 89       	ldd	r25, Y+18	; 0x12
    189a:	0e 94 d9 04 	call	0x9b2	; 0x9b2 <__floatunsisf>
    189e:	dc 01       	movw	r26, r24
    18a0:	cb 01       	movw	r24, r22
    18a2:	bc 01       	movw	r22, r24
    18a4:	cd 01       	movw	r24, r26
    18a6:	2a 85       	ldd	r18, Y+10	; 0x0a
    18a8:	3b 85       	ldd	r19, Y+11	; 0x0b
    18aa:	4c 85       	ldd	r20, Y+12	; 0x0c
    18ac:	5d 85       	ldd	r21, Y+13	; 0x0d
    18ae:	0e 94 19 03 	call	0x632	; 0x632 <__divsf3>
    18b2:	dc 01       	movw	r26, r24
    18b4:	cb 01       	movw	r24, r22
    18b6:	8e 83       	std	Y+6, r24	; 0x06
    18b8:	9f 83       	std	Y+7, r25	; 0x07
    18ba:	a8 87       	std	Y+8, r26	; 0x08
    18bc:	b9 87       	std	Y+9, r27	; 0x09

	if((Local_f32NumOVF-(u32)Local_f32NumOVF) != 0.0)
    18be:	6e 81       	ldd	r22, Y+6	; 0x06
    18c0:	7f 81       	ldd	r23, Y+7	; 0x07
    18c2:	88 85       	ldd	r24, Y+8	; 0x08
    18c4:	99 85       	ldd	r25, Y+9	; 0x09
    18c6:	0e 94 49 00 	call	0x92	; 0x92 <__fixunssfsi>
    18ca:	dc 01       	movw	r26, r24
    18cc:	cb 01       	movw	r24, r22
    18ce:	bc 01       	movw	r22, r24
    18d0:	cd 01       	movw	r24, r26
    18d2:	0e 94 d9 04 	call	0x9b2	; 0x9b2 <__floatunsisf>
    18d6:	9b 01       	movw	r18, r22
    18d8:	ac 01       	movw	r20, r24
    18da:	6e 81       	ldd	r22, Y+6	; 0x06
    18dc:	7f 81       	ldd	r23, Y+7	; 0x07
    18de:	88 85       	ldd	r24, Y+8	; 0x08
    18e0:	99 85       	ldd	r25, Y+9	; 0x09
    18e2:	0e 94 c1 01 	call	0x382	; 0x382 <__subsf3>
    18e6:	dc 01       	movw	r26, r24
    18e8:	cb 01       	movw	r24, r22
    18ea:	bc 01       	movw	r22, r24
    18ec:	cd 01       	movw	r24, r26
    18ee:	20 e0       	ldi	r18, 0x00	; 0
    18f0:	30 e0       	ldi	r19, 0x00	; 0
    18f2:	40 e0       	ldi	r20, 0x00	; 0
    18f4:	50 e0       	ldi	r21, 0x00	; 0
    18f6:	0e 94 c5 03 	call	0x78a	; 0x78a <__nesf2>
    18fa:	88 23       	and	r24, r24
    18fc:	09 f4       	brne	.+2      	; 0x1900 <TIMER0_enuSetAsychDelay+0xa4>
    18fe:	64 c0       	rjmp	.+200    	; 0x19c8 <TIMER0_enuSetAsychDelay+0x16c>
	{
		u32 Local_u32NumOVF =(u32)Local_f32NumOVF +1;
    1900:	6e 81       	ldd	r22, Y+6	; 0x06
    1902:	7f 81       	ldd	r23, Y+7	; 0x07
    1904:	88 85       	ldd	r24, Y+8	; 0x08
    1906:	99 85       	ldd	r25, Y+9	; 0x09
    1908:	0e 94 49 00 	call	0x92	; 0x92 <__fixunssfsi>
    190c:	dc 01       	movw	r26, r24
    190e:	cb 01       	movw	r24, r22
    1910:	01 96       	adiw	r24, 0x01	; 1
    1912:	a1 1d       	adc	r26, r1
    1914:	b1 1d       	adc	r27, r1
    1916:	8a 83       	std	Y+2, r24	; 0x02
    1918:	9b 83       	std	Y+3, r25	; 0x03
    191a:	ac 83       	std	Y+4, r26	; 0x04
    191c:	bd 83       	std	Y+5, r27	; 0x05
		Local_f32NumOVF = Local_f32NumOVF-(u32)Local_f32NumOVF;
    191e:	6e 81       	ldd	r22, Y+6	; 0x06
    1920:	7f 81       	ldd	r23, Y+7	; 0x07
    1922:	88 85       	ldd	r24, Y+8	; 0x08
    1924:	99 85       	ldd	r25, Y+9	; 0x09
    1926:	0e 94 49 00 	call	0x92	; 0x92 <__fixunssfsi>
    192a:	dc 01       	movw	r26, r24
    192c:	cb 01       	movw	r24, r22
    192e:	bc 01       	movw	r22, r24
    1930:	cd 01       	movw	r24, r26
    1932:	0e 94 d9 04 	call	0x9b2	; 0x9b2 <__floatunsisf>
    1936:	9b 01       	movw	r18, r22
    1938:	ac 01       	movw	r20, r24
    193a:	6e 81       	ldd	r22, Y+6	; 0x06
    193c:	7f 81       	ldd	r23, Y+7	; 0x07
    193e:	88 85       	ldd	r24, Y+8	; 0x08
    1940:	99 85       	ldd	r25, Y+9	; 0x09
    1942:	0e 94 c1 01 	call	0x382	; 0x382 <__subsf3>
    1946:	dc 01       	movw	r26, r24
    1948:	cb 01       	movw	r24, r22
    194a:	8e 83       	std	Y+6, r24	; 0x06
    194c:	9f 83       	std	Y+7, r25	; 0x07
    194e:	a8 87       	std	Y+8, r26	; 0x08
    1950:	b9 87       	std	Y+9, r27	; 0x09
		u8 Local_u8Preload =256 - (Local_f32NumOVF * 256);
    1952:	6e 81       	ldd	r22, Y+6	; 0x06
    1954:	7f 81       	ldd	r23, Y+7	; 0x07
    1956:	88 85       	ldd	r24, Y+8	; 0x08
    1958:	99 85       	ldd	r25, Y+9	; 0x09
    195a:	20 e0       	ldi	r18, 0x00	; 0
    195c:	30 e0       	ldi	r19, 0x00	; 0
    195e:	40 e8       	ldi	r20, 0x80	; 128
    1960:	53 ec       	ldi	r21, 0xC3	; 195
    1962:	0e 94 1f 02 	call	0x43e	; 0x43e <__mulsf3>
    1966:	dc 01       	movw	r26, r24
    1968:	cb 01       	movw	r24, r22
    196a:	bc 01       	movw	r22, r24
    196c:	cd 01       	movw	r24, r26
    196e:	20 e0       	ldi	r18, 0x00	; 0
    1970:	30 e0       	ldi	r19, 0x00	; 0
    1972:	40 e8       	ldi	r20, 0x80	; 128
    1974:	53 e4       	ldi	r21, 0x43	; 67
    1976:	0e 94 f2 01 	call	0x3e4	; 0x3e4 <__addsf3>
    197a:	dc 01       	movw	r26, r24
    197c:	cb 01       	movw	r24, r22
    197e:	bc 01       	movw	r22, r24
    1980:	cd 01       	movw	r24, r26
    1982:	0e 94 49 00 	call	0x92	; 0x92 <__fixunssfsi>
    1986:	dc 01       	movw	r26, r24
    1988:	cb 01       	movw	r24, r22
    198a:	89 83       	std	Y+1, r24	; 0x01
		Timer0_NumOVF =Local_u32NumOVF;
    198c:	8a 81       	ldd	r24, Y+2	; 0x02
    198e:	9b 81       	ldd	r25, Y+3	; 0x03
    1990:	ac 81       	ldd	r26, Y+4	; 0x04
    1992:	bd 81       	ldd	r27, Y+5	; 0x05
    1994:	80 93 4e 02 	sts	0x024E, r24
    1998:	90 93 4f 02 	sts	0x024F, r25
    199c:	a0 93 50 02 	sts	0x0250, r26
    19a0:	b0 93 51 02 	sts	0x0251, r27
		Timer0_Preload =Local_u8Preload;
    19a4:	89 81       	ldd	r24, Y+1	; 0x01
    19a6:	88 2f       	mov	r24, r24
    19a8:	90 e0       	ldi	r25, 0x00	; 0
    19aa:	a0 e0       	ldi	r26, 0x00	; 0
    19ac:	b0 e0       	ldi	r27, 0x00	; 0
    19ae:	80 93 52 02 	sts	0x0252, r24
    19b2:	90 93 53 02 	sts	0x0253, r25
    19b6:	a0 93 54 02 	sts	0x0254, r26
    19ba:	b0 93 55 02 	sts	0x0255, r27
		TCNT0 =Local_u8Preload;
    19be:	e2 e5       	ldi	r30, 0x52	; 82
    19c0:	f0 e0       	ldi	r31, 0x00	; 0
    19c2:	89 81       	ldd	r24, Y+1	; 0x01
    19c4:	80 83       	st	Z, r24
    19c6:	10 c0       	rjmp	.+32     	; 0x19e8 <TIMER0_enuSetAsychDelay+0x18c>
	}
	else
	{
		Timer0_NumOVF =(u32)Local_f32NumOVF;
    19c8:	6e 81       	ldd	r22, Y+6	; 0x06
    19ca:	7f 81       	ldd	r23, Y+7	; 0x07
    19cc:	88 85       	ldd	r24, Y+8	; 0x08
    19ce:	99 85       	ldd	r25, Y+9	; 0x09
    19d0:	0e 94 49 00 	call	0x92	; 0x92 <__fixunssfsi>
    19d4:	dc 01       	movw	r26, r24
    19d6:	cb 01       	movw	r24, r22
    19d8:	80 93 4e 02 	sts	0x024E, r24
    19dc:	90 93 4f 02 	sts	0x024F, r25
    19e0:	a0 93 50 02 	sts	0x0250, r26
    19e4:	b0 93 51 02 	sts	0x0251, r27
	}

	if(Copy_pfunApp!=NULL)
    19e8:	8b 89       	ldd	r24, Y+19	; 0x13
    19ea:	9c 89       	ldd	r25, Y+20	; 0x14
    19ec:	00 97       	sbiw	r24, 0x00	; 0
    19ee:	69 f0       	breq	.+26     	; 0x1a0a <TIMER0_enuSetAsychDelay+0x1ae>
	{
		TIMER0_APfunCallBack[TIMER0_OVF_CALLBACK]=Copy_pfunApp;
    19f0:	8b 89       	ldd	r24, Y+19	; 0x13
    19f2:	9c 89       	ldd	r25, Y+20	; 0x14
    19f4:	90 93 45 02 	sts	0x0245, r25
    19f8:	80 93 44 02 	sts	0x0244, r24
		TIMER0_APvidParameter[TIMER0_OVF_CALLBACK]=Parameter;
    19fc:	8d 89       	ldd	r24, Y+21	; 0x15
    19fe:	9e 89       	ldd	r25, Y+22	; 0x16
    1a00:	90 93 4b 02 	sts	0x024B, r25
    1a04:	80 93 4a 02 	sts	0x024A, r24
    1a08:	02 c0       	rjmp	.+4      	; 0x1a0e <TIMER0_enuSetAsychDelay+0x1b2>
	}
	else
	{
		Local_enuErrorState=ES_NULL_POINTER;
    1a0a:	82 e0       	ldi	r24, 0x02	; 2
    1a0c:	8e 87       	std	Y+14, r24	; 0x0e
	}

	TIMSK |=(1<<0);
    1a0e:	a9 e5       	ldi	r26, 0x59	; 89
    1a10:	b0 e0       	ldi	r27, 0x00	; 0
    1a12:	e9 e5       	ldi	r30, 0x59	; 89
    1a14:	f0 e0       	ldi	r31, 0x00	; 0
    1a16:	80 81       	ld	r24, Z
    1a18:	81 60       	ori	r24, 0x01	; 1
    1a1a:	8c 93       	st	X, r24


	return Local_enuErrorState;
    1a1c:	8e 85       	ldd	r24, Y+14	; 0x0e
}
    1a1e:	66 96       	adiw	r28, 0x16	; 22
    1a20:	0f b6       	in	r0, 0x3f	; 63
    1a22:	f8 94       	cli
    1a24:	de bf       	out	0x3e, r29	; 62
    1a26:	0f be       	out	0x3f, r0	; 63
    1a28:	cd bf       	out	0x3d, r28	; 61
    1a2a:	cf 91       	pop	r28
    1a2c:	df 91       	pop	r29
    1a2e:	08 95       	ret

00001a30 <TIMER0_enuSetSychDelay>:

ES_t TIMER0_enuSetSychDelay(u32 Copy_u8Time)
{
    1a30:	df 93       	push	r29
    1a32:	cf 93       	push	r28
    1a34:	cd b7       	in	r28, 0x3d	; 61
    1a36:	de b7       	in	r29, 0x3e	; 62
    1a38:	66 97       	sbiw	r28, 0x16	; 22
    1a3a:	0f b6       	in	r0, 0x3f	; 63
    1a3c:	f8 94       	cli
    1a3e:	de bf       	out	0x3e, r29	; 62
    1a40:	0f be       	out	0x3f, r0	; 63
    1a42:	cd bf       	out	0x3d, r28	; 61
    1a44:	6b 8b       	std	Y+19, r22	; 0x13
    1a46:	7c 8b       	std	Y+20, r23	; 0x14
    1a48:	8d 8b       	std	Y+21, r24	; 0x15
    1a4a:	9e 8b       	std	Y+22, r25	; 0x16
	ES_t Local_enuErrorState=ES_NOK;
    1a4c:	1a 8a       	std	Y+18, r1	; 0x12

	TIMSK &=~(1<<0);
    1a4e:	a9 e5       	ldi	r26, 0x59	; 89
    1a50:	b0 e0       	ldi	r27, 0x00	; 0
    1a52:	e9 e5       	ldi	r30, 0x59	; 89
    1a54:	f0 e0       	ldi	r31, 0x00	; 0
    1a56:	80 81       	ld	r24, Z
    1a58:	8e 7f       	andi	r24, 0xFE	; 254
    1a5a:	8c 93       	st	X, r24
	f32 Local_f32OVFTime=256.0 *((f32)TIMER0_PRESCALER/TIMER0_F_CPU);
    1a5c:	8f e6       	ldi	r24, 0x6F	; 111
    1a5e:	92 e1       	ldi	r25, 0x12	; 18
    1a60:	a3 e0       	ldi	r26, 0x03	; 3
    1a62:	b0 e4       	ldi	r27, 0x40	; 64
    1a64:	8e 87       	std	Y+14, r24	; 0x0e
    1a66:	9f 87       	std	Y+15, r25	; 0x0f
    1a68:	a8 8b       	std	Y+16, r26	; 0x10
    1a6a:	b9 8b       	std	Y+17, r27	; 0x11

	f32 Local_f32NumOVF = (Copy_u8Time)/(Local_f32OVFTime);
    1a6c:	6b 89       	ldd	r22, Y+19	; 0x13
    1a6e:	7c 89       	ldd	r23, Y+20	; 0x14
    1a70:	8d 89       	ldd	r24, Y+21	; 0x15
    1a72:	9e 89       	ldd	r25, Y+22	; 0x16
    1a74:	0e 94 d9 04 	call	0x9b2	; 0x9b2 <__floatunsisf>
    1a78:	dc 01       	movw	r26, r24
    1a7a:	cb 01       	movw	r24, r22
    1a7c:	bc 01       	movw	r22, r24
    1a7e:	cd 01       	movw	r24, r26
    1a80:	2e 85       	ldd	r18, Y+14	; 0x0e
    1a82:	3f 85       	ldd	r19, Y+15	; 0x0f
    1a84:	48 89       	ldd	r20, Y+16	; 0x10
    1a86:	59 89       	ldd	r21, Y+17	; 0x11
    1a88:	0e 94 19 03 	call	0x632	; 0x632 <__divsf3>
    1a8c:	dc 01       	movw	r26, r24
    1a8e:	cb 01       	movw	r24, r22
    1a90:	8a 87       	std	Y+10, r24	; 0x0a
    1a92:	9b 87       	std	Y+11, r25	; 0x0b
    1a94:	ac 87       	std	Y+12, r26	; 0x0c
    1a96:	bd 87       	std	Y+13, r27	; 0x0d

	if((Local_f32NumOVF-(u32)Local_f32NumOVF) != 0.0)
    1a98:	6a 85       	ldd	r22, Y+10	; 0x0a
    1a9a:	7b 85       	ldd	r23, Y+11	; 0x0b
    1a9c:	8c 85       	ldd	r24, Y+12	; 0x0c
    1a9e:	9d 85       	ldd	r25, Y+13	; 0x0d
    1aa0:	0e 94 49 00 	call	0x92	; 0x92 <__fixunssfsi>
    1aa4:	dc 01       	movw	r26, r24
    1aa6:	cb 01       	movw	r24, r22
    1aa8:	bc 01       	movw	r22, r24
    1aaa:	cd 01       	movw	r24, r26
    1aac:	0e 94 d9 04 	call	0x9b2	; 0x9b2 <__floatunsisf>
    1ab0:	9b 01       	movw	r18, r22
    1ab2:	ac 01       	movw	r20, r24
    1ab4:	6a 85       	ldd	r22, Y+10	; 0x0a
    1ab6:	7b 85       	ldd	r23, Y+11	; 0x0b
    1ab8:	8c 85       	ldd	r24, Y+12	; 0x0c
    1aba:	9d 85       	ldd	r25, Y+13	; 0x0d
    1abc:	0e 94 c1 01 	call	0x382	; 0x382 <__subsf3>
    1ac0:	dc 01       	movw	r26, r24
    1ac2:	cb 01       	movw	r24, r22
    1ac4:	bc 01       	movw	r22, r24
    1ac6:	cd 01       	movw	r24, r26
    1ac8:	20 e0       	ldi	r18, 0x00	; 0
    1aca:	30 e0       	ldi	r19, 0x00	; 0
    1acc:	40 e0       	ldi	r20, 0x00	; 0
    1ace:	50 e0       	ldi	r21, 0x00	; 0
    1ad0:	0e 94 c5 03 	call	0x78a	; 0x78a <__nesf2>
    1ad4:	88 23       	and	r24, r24
    1ad6:	09 f4       	brne	.+2      	; 0x1ada <TIMER0_enuSetSychDelay+0xaa>
    1ad8:	6f c0       	rjmp	.+222    	; 0x1bb8 <TIMER0_enuSetSychDelay+0x188>
	{
		u32 Local_u32NumOVF =(u32)Local_f32NumOVF +1;
    1ada:	6a 85       	ldd	r22, Y+10	; 0x0a
    1adc:	7b 85       	ldd	r23, Y+11	; 0x0b
    1ade:	8c 85       	ldd	r24, Y+12	; 0x0c
    1ae0:	9d 85       	ldd	r25, Y+13	; 0x0d
    1ae2:	0e 94 49 00 	call	0x92	; 0x92 <__fixunssfsi>
    1ae6:	dc 01       	movw	r26, r24
    1ae8:	cb 01       	movw	r24, r22
    1aea:	01 96       	adiw	r24, 0x01	; 1
    1aec:	a1 1d       	adc	r26, r1
    1aee:	b1 1d       	adc	r27, r1
    1af0:	8e 83       	std	Y+6, r24	; 0x06
    1af2:	9f 83       	std	Y+7, r25	; 0x07
    1af4:	a8 87       	std	Y+8, r26	; 0x08
    1af6:	b9 87       	std	Y+9, r27	; 0x09
		Local_f32NumOVF = Local_f32NumOVF-(u32)Local_f32NumOVF;
    1af8:	6a 85       	ldd	r22, Y+10	; 0x0a
    1afa:	7b 85       	ldd	r23, Y+11	; 0x0b
    1afc:	8c 85       	ldd	r24, Y+12	; 0x0c
    1afe:	9d 85       	ldd	r25, Y+13	; 0x0d
    1b00:	0e 94 49 00 	call	0x92	; 0x92 <__fixunssfsi>
    1b04:	dc 01       	movw	r26, r24
    1b06:	cb 01       	movw	r24, r22
    1b08:	bc 01       	movw	r22, r24
    1b0a:	cd 01       	movw	r24, r26
    1b0c:	0e 94 d9 04 	call	0x9b2	; 0x9b2 <__floatunsisf>
    1b10:	9b 01       	movw	r18, r22
    1b12:	ac 01       	movw	r20, r24
    1b14:	6a 85       	ldd	r22, Y+10	; 0x0a
    1b16:	7b 85       	ldd	r23, Y+11	; 0x0b
    1b18:	8c 85       	ldd	r24, Y+12	; 0x0c
    1b1a:	9d 85       	ldd	r25, Y+13	; 0x0d
    1b1c:	0e 94 c1 01 	call	0x382	; 0x382 <__subsf3>
    1b20:	dc 01       	movw	r26, r24
    1b22:	cb 01       	movw	r24, r22
    1b24:	8a 87       	std	Y+10, r24	; 0x0a
    1b26:	9b 87       	std	Y+11, r25	; 0x0b
    1b28:	ac 87       	std	Y+12, r26	; 0x0c
    1b2a:	bd 87       	std	Y+13, r27	; 0x0d
		u8 Local_u8Preload =256 - (Local_f32NumOVF * 256);
    1b2c:	6a 85       	ldd	r22, Y+10	; 0x0a
    1b2e:	7b 85       	ldd	r23, Y+11	; 0x0b
    1b30:	8c 85       	ldd	r24, Y+12	; 0x0c
    1b32:	9d 85       	ldd	r25, Y+13	; 0x0d
    1b34:	20 e0       	ldi	r18, 0x00	; 0
    1b36:	30 e0       	ldi	r19, 0x00	; 0
    1b38:	40 e8       	ldi	r20, 0x80	; 128
    1b3a:	53 ec       	ldi	r21, 0xC3	; 195
    1b3c:	0e 94 1f 02 	call	0x43e	; 0x43e <__mulsf3>
    1b40:	dc 01       	movw	r26, r24
    1b42:	cb 01       	movw	r24, r22
    1b44:	bc 01       	movw	r22, r24
    1b46:	cd 01       	movw	r24, r26
    1b48:	20 e0       	ldi	r18, 0x00	; 0
    1b4a:	30 e0       	ldi	r19, 0x00	; 0
    1b4c:	40 e8       	ldi	r20, 0x80	; 128
    1b4e:	53 e4       	ldi	r21, 0x43	; 67
    1b50:	0e 94 f2 01 	call	0x3e4	; 0x3e4 <__addsf3>
    1b54:	dc 01       	movw	r26, r24
    1b56:	cb 01       	movw	r24, r22
    1b58:	bc 01       	movw	r22, r24
    1b5a:	cd 01       	movw	r24, r26
    1b5c:	0e 94 49 00 	call	0x92	; 0x92 <__fixunssfsi>
    1b60:	dc 01       	movw	r26, r24
    1b62:	cb 01       	movw	r24, r22
    1b64:	8d 83       	std	Y+5, r24	; 0x05
		TCNT0=Local_u8Preload;
    1b66:	e2 e5       	ldi	r30, 0x52	; 82
    1b68:	f0 e0       	ldi	r31, 0x00	; 0
    1b6a:	8d 81       	ldd	r24, Y+5	; 0x05
    1b6c:	80 83       	st	Z, r24
    1b6e:	1b c0       	rjmp	.+54     	; 0x1ba6 <TIMER0_enuSetSychDelay+0x176>
		while(Local_u32NumOVF>0)
		{
			while(((TIFR>>TIFR_TOV0)&1)==0);//wait flag
    1b70:	e8 e5       	ldi	r30, 0x58	; 88
    1b72:	f0 e0       	ldi	r31, 0x00	; 0
    1b74:	80 81       	ld	r24, Z
    1b76:	88 2f       	mov	r24, r24
    1b78:	90 e0       	ldi	r25, 0x00	; 0
    1b7a:	81 70       	andi	r24, 0x01	; 1
    1b7c:	90 70       	andi	r25, 0x00	; 0
    1b7e:	00 97       	sbiw	r24, 0x00	; 0
    1b80:	b9 f3       	breq	.-18     	; 0x1b70 <TIMER0_enuSetSychDelay+0x140>
			TIFR |=(1<<0); // clear it by write one
    1b82:	a8 e5       	ldi	r26, 0x58	; 88
    1b84:	b0 e0       	ldi	r27, 0x00	; 0
    1b86:	e8 e5       	ldi	r30, 0x58	; 88
    1b88:	f0 e0       	ldi	r31, 0x00	; 0
    1b8a:	80 81       	ld	r24, Z
    1b8c:	81 60       	ori	r24, 0x01	; 1
    1b8e:	8c 93       	st	X, r24
			Local_u32NumOVF--;
    1b90:	8e 81       	ldd	r24, Y+6	; 0x06
    1b92:	9f 81       	ldd	r25, Y+7	; 0x07
    1b94:	a8 85       	ldd	r26, Y+8	; 0x08
    1b96:	b9 85       	ldd	r27, Y+9	; 0x09
    1b98:	01 97       	sbiw	r24, 0x01	; 1
    1b9a:	a1 09       	sbc	r26, r1
    1b9c:	b1 09       	sbc	r27, r1
    1b9e:	8e 83       	std	Y+6, r24	; 0x06
    1ba0:	9f 83       	std	Y+7, r25	; 0x07
    1ba2:	a8 87       	std	Y+8, r26	; 0x08
    1ba4:	b9 87       	std	Y+9, r27	; 0x09
	{
		u32 Local_u32NumOVF =(u32)Local_f32NumOVF +1;
		Local_f32NumOVF = Local_f32NumOVF-(u32)Local_f32NumOVF;
		u8 Local_u8Preload =256 - (Local_f32NumOVF * 256);
		TCNT0=Local_u8Preload;
		while(Local_u32NumOVF>0)
    1ba6:	8e 81       	ldd	r24, Y+6	; 0x06
    1ba8:	9f 81       	ldd	r25, Y+7	; 0x07
    1baa:	a8 85       	ldd	r26, Y+8	; 0x08
    1bac:	b9 85       	ldd	r27, Y+9	; 0x09
    1bae:	00 97       	sbiw	r24, 0x00	; 0
    1bb0:	a1 05       	cpc	r26, r1
    1bb2:	b1 05       	cpc	r27, r1
    1bb4:	e9 f6       	brne	.-70     	; 0x1b70 <TIMER0_enuSetSychDelay+0x140>
    1bb6:	30 c0       	rjmp	.+96     	; 0x1c18 <TIMER0_enuSetSychDelay+0x1e8>

		}
	}
	else
	{
		u32 Local_u32NumOVF =(u32)Local_f32NumOVF;
    1bb8:	6a 85       	ldd	r22, Y+10	; 0x0a
    1bba:	7b 85       	ldd	r23, Y+11	; 0x0b
    1bbc:	8c 85       	ldd	r24, Y+12	; 0x0c
    1bbe:	9d 85       	ldd	r25, Y+13	; 0x0d
    1bc0:	0e 94 49 00 	call	0x92	; 0x92 <__fixunssfsi>
    1bc4:	dc 01       	movw	r26, r24
    1bc6:	cb 01       	movw	r24, r22
    1bc8:	89 83       	std	Y+1, r24	; 0x01
    1bca:	9a 83       	std	Y+2, r25	; 0x02
    1bcc:	ab 83       	std	Y+3, r26	; 0x03
    1bce:	bc 83       	std	Y+4, r27	; 0x04
    1bd0:	1b c0       	rjmp	.+54     	; 0x1c08 <TIMER0_enuSetSychDelay+0x1d8>
		while(Local_u32NumOVF>0)
		{
			while(((TIFR>>TIFR_TOV0)&1)==0);
    1bd2:	e8 e5       	ldi	r30, 0x58	; 88
    1bd4:	f0 e0       	ldi	r31, 0x00	; 0
    1bd6:	80 81       	ld	r24, Z
    1bd8:	88 2f       	mov	r24, r24
    1bda:	90 e0       	ldi	r25, 0x00	; 0
    1bdc:	81 70       	andi	r24, 0x01	; 1
    1bde:	90 70       	andi	r25, 0x00	; 0
    1be0:	00 97       	sbiw	r24, 0x00	; 0
    1be2:	b9 f3       	breq	.-18     	; 0x1bd2 <TIMER0_enuSetSychDelay+0x1a2>
			TIFR |=(1<<0);
    1be4:	a8 e5       	ldi	r26, 0x58	; 88
    1be6:	b0 e0       	ldi	r27, 0x00	; 0
    1be8:	e8 e5       	ldi	r30, 0x58	; 88
    1bea:	f0 e0       	ldi	r31, 0x00	; 0
    1bec:	80 81       	ld	r24, Z
    1bee:	81 60       	ori	r24, 0x01	; 1
    1bf0:	8c 93       	st	X, r24
			Local_u32NumOVF--;
    1bf2:	89 81       	ldd	r24, Y+1	; 0x01
    1bf4:	9a 81       	ldd	r25, Y+2	; 0x02
    1bf6:	ab 81       	ldd	r26, Y+3	; 0x03
    1bf8:	bc 81       	ldd	r27, Y+4	; 0x04
    1bfa:	01 97       	sbiw	r24, 0x01	; 1
    1bfc:	a1 09       	sbc	r26, r1
    1bfe:	b1 09       	sbc	r27, r1
    1c00:	89 83       	std	Y+1, r24	; 0x01
    1c02:	9a 83       	std	Y+2, r25	; 0x02
    1c04:	ab 83       	std	Y+3, r26	; 0x03
    1c06:	bc 83       	std	Y+4, r27	; 0x04
		}
	}
	else
	{
		u32 Local_u32NumOVF =(u32)Local_f32NumOVF;
		while(Local_u32NumOVF>0)
    1c08:	89 81       	ldd	r24, Y+1	; 0x01
    1c0a:	9a 81       	ldd	r25, Y+2	; 0x02
    1c0c:	ab 81       	ldd	r26, Y+3	; 0x03
    1c0e:	bc 81       	ldd	r27, Y+4	; 0x04
    1c10:	00 97       	sbiw	r24, 0x00	; 0
    1c12:	a1 05       	cpc	r26, r1
    1c14:	b1 05       	cpc	r27, r1
    1c16:	e9 f6       	brne	.-70     	; 0x1bd2 <TIMER0_enuSetSychDelay+0x1a2>

		}
	}


	return Local_enuErrorState;
    1c18:	8a 89       	ldd	r24, Y+18	; 0x12
}
    1c1a:	66 96       	adiw	r28, 0x16	; 22
    1c1c:	0f b6       	in	r0, 0x3f	; 63
    1c1e:	f8 94       	cli
    1c20:	de bf       	out	0x3e, r29	; 62
    1c22:	0f be       	out	0x3f, r0	; 63
    1c24:	cd bf       	out	0x3d, r28	; 61
    1c26:	cf 91       	pop	r28
    1c28:	df 91       	pop	r29
    1c2a:	08 95       	ret

00001c2c <__vector_11>:



ISR(VECT_TIMER0_OVF)
{
    1c2c:	1f 92       	push	r1
    1c2e:	0f 92       	push	r0
    1c30:	0f b6       	in	r0, 0x3f	; 63
    1c32:	0f 92       	push	r0
    1c34:	11 24       	eor	r1, r1
    1c36:	2f 93       	push	r18
    1c38:	3f 93       	push	r19
    1c3a:	4f 93       	push	r20
    1c3c:	5f 93       	push	r21
    1c3e:	6f 93       	push	r22
    1c40:	7f 93       	push	r23
    1c42:	8f 93       	push	r24
    1c44:	9f 93       	push	r25
    1c46:	af 93       	push	r26
    1c48:	bf 93       	push	r27
    1c4a:	ef 93       	push	r30
    1c4c:	ff 93       	push	r31
    1c4e:	df 93       	push	r29
    1c50:	cf 93       	push	r28
    1c52:	cd b7       	in	r28, 0x3d	; 61
    1c54:	de b7       	in	r29, 0x3e	; 62
	if (TIMER0_APfunCallBack[TIMER0_DELAY_CALLBACK] != NULL && (ISR_u32Counter == (TIMER0_u8NumberOfOverflow * TIMER0_u32StartDelay)) && (ISR_u32ActionCounter * TIMER0_u32StartDelay) <= TIMER0_u32StopTime)
    1c56:	80 91 42 02 	lds	r24, 0x0242
    1c5a:	90 91 43 02 	lds	r25, 0x0243
    1c5e:	00 97       	sbiw	r24, 0x00	; 0
    1c60:	09 f4       	brne	.+2      	; 0x1c64 <__vector_11+0x38>
    1c62:	6a c0       	rjmp	.+212    	; 0x1d38 <__vector_11+0x10c>
    1c64:	80 91 34 02 	lds	r24, 0x0234
    1c68:	88 2f       	mov	r24, r24
    1c6a:	90 e0       	ldi	r25, 0x00	; 0
    1c6c:	a0 e0       	ldi	r26, 0x00	; 0
    1c6e:	b0 e0       	ldi	r27, 0x00	; 0
    1c70:	20 91 36 02 	lds	r18, 0x0236
    1c74:	30 91 37 02 	lds	r19, 0x0237
    1c78:	40 91 38 02 	lds	r20, 0x0238
    1c7c:	50 91 39 02 	lds	r21, 0x0239
    1c80:	bc 01       	movw	r22, r24
    1c82:	cd 01       	movw	r24, r26
    1c84:	0e 94 50 24 	call	0x48a0	; 0x48a0 <__mulsi3>
    1c88:	9b 01       	movw	r18, r22
    1c8a:	ac 01       	movw	r20, r24
    1c8c:	80 91 3e 02 	lds	r24, 0x023E
    1c90:	90 91 3f 02 	lds	r25, 0x023F
    1c94:	a0 91 40 02 	lds	r26, 0x0240
    1c98:	b0 91 41 02 	lds	r27, 0x0241
    1c9c:	28 17       	cp	r18, r24
    1c9e:	39 07       	cpc	r19, r25
    1ca0:	4a 07       	cpc	r20, r26
    1ca2:	5b 07       	cpc	r21, r27
    1ca4:	09 f0       	breq	.+2      	; 0x1ca8 <__vector_11+0x7c>
    1ca6:	48 c0       	rjmp	.+144    	; 0x1d38 <__vector_11+0x10c>
    1ca8:	80 91 fa 01 	lds	r24, 0x01FA
    1cac:	90 91 fb 01 	lds	r25, 0x01FB
    1cb0:	a0 91 fc 01 	lds	r26, 0x01FC
    1cb4:	b0 91 fd 01 	lds	r27, 0x01FD
    1cb8:	20 91 36 02 	lds	r18, 0x0236
    1cbc:	30 91 37 02 	lds	r19, 0x0237
    1cc0:	40 91 38 02 	lds	r20, 0x0238
    1cc4:	50 91 39 02 	lds	r21, 0x0239
    1cc8:	bc 01       	movw	r22, r24
    1cca:	cd 01       	movw	r24, r26
    1ccc:	0e 94 50 24 	call	0x48a0	; 0x48a0 <__mulsi3>
    1cd0:	9b 01       	movw	r18, r22
    1cd2:	ac 01       	movw	r20, r24
    1cd4:	80 91 3a 02 	lds	r24, 0x023A
    1cd8:	90 91 3b 02 	lds	r25, 0x023B
    1cdc:	a0 91 3c 02 	lds	r26, 0x023C
    1ce0:	b0 91 3d 02 	lds	r27, 0x023D
    1ce4:	82 17       	cp	r24, r18
    1ce6:	93 07       	cpc	r25, r19
    1ce8:	a4 07       	cpc	r26, r20
    1cea:	b5 07       	cpc	r27, r21
    1cec:	28 f1       	brcs	.+74     	; 0x1d38 <__vector_11+0x10c>
	{
		ISR_u32ActionCounter++;
    1cee:	80 91 fa 01 	lds	r24, 0x01FA
    1cf2:	90 91 fb 01 	lds	r25, 0x01FB
    1cf6:	a0 91 fc 01 	lds	r26, 0x01FC
    1cfa:	b0 91 fd 01 	lds	r27, 0x01FD
    1cfe:	01 96       	adiw	r24, 0x01	; 1
    1d00:	a1 1d       	adc	r26, r1
    1d02:	b1 1d       	adc	r27, r1
    1d04:	80 93 fa 01 	sts	0x01FA, r24
    1d08:	90 93 fb 01 	sts	0x01FB, r25
    1d0c:	a0 93 fc 01 	sts	0x01FC, r26
    1d10:	b0 93 fd 01 	sts	0x01FD, r27
		TIMER0_APfunCallBack[TIMER0_DELAY_CALLBACK](TIMER0_APvidParameter[TIMER0_DELAY_CALLBACK]);
    1d14:	e0 91 42 02 	lds	r30, 0x0242
    1d18:	f0 91 43 02 	lds	r31, 0x0243
    1d1c:	80 91 48 02 	lds	r24, 0x0248
    1d20:	90 91 49 02 	lds	r25, 0x0249
    1d24:	09 95       	icall
		ISR_u32Counter=0;
    1d26:	10 92 3e 02 	sts	0x023E, r1
    1d2a:	10 92 3f 02 	sts	0x023F, r1
    1d2e:	10 92 40 02 	sts	0x0240, r1
    1d32:	10 92 41 02 	sts	0x0241, r1
    1d36:	33 c0       	rjmp	.+102    	; 0x1d9e <__vector_11+0x172>
	}
	else
	{
		ISR_u32Counter++;
    1d38:	80 91 3e 02 	lds	r24, 0x023E
    1d3c:	90 91 3f 02 	lds	r25, 0x023F
    1d40:	a0 91 40 02 	lds	r26, 0x0240
    1d44:	b0 91 41 02 	lds	r27, 0x0241
    1d48:	01 96       	adiw	r24, 0x01	; 1
    1d4a:	a1 1d       	adc	r26, r1
    1d4c:	b1 1d       	adc	r27, r1
    1d4e:	80 93 3e 02 	sts	0x023E, r24
    1d52:	90 93 3f 02 	sts	0x023F, r25
    1d56:	a0 93 40 02 	sts	0x0240, r26
    1d5a:	b0 93 41 02 	sts	0x0241, r27
		if ( ((ISR_u32Counter % TIMER0_u8NumberOfOverflow) ==0 ) && TIMER0_u8Preload !=0 )
    1d5e:	80 91 3e 02 	lds	r24, 0x023E
    1d62:	90 91 3f 02 	lds	r25, 0x023F
    1d66:	a0 91 40 02 	lds	r26, 0x0240
    1d6a:	b0 91 41 02 	lds	r27, 0x0241
    1d6e:	20 91 34 02 	lds	r18, 0x0234
    1d72:	22 2f       	mov	r18, r18
    1d74:	30 e0       	ldi	r19, 0x00	; 0
    1d76:	40 e0       	ldi	r20, 0x00	; 0
    1d78:	50 e0       	ldi	r21, 0x00	; 0
    1d7a:	bc 01       	movw	r22, r24
    1d7c:	cd 01       	movw	r24, r26
    1d7e:	0e 94 6f 24 	call	0x48de	; 0x48de <__udivmodsi4>
    1d82:	dc 01       	movw	r26, r24
    1d84:	cb 01       	movw	r24, r22
    1d86:	00 97       	sbiw	r24, 0x00	; 0
    1d88:	a1 05       	cpc	r26, r1
    1d8a:	b1 05       	cpc	r27, r1
    1d8c:	41 f4       	brne	.+16     	; 0x1d9e <__vector_11+0x172>
    1d8e:	80 91 35 02 	lds	r24, 0x0235
    1d92:	88 23       	and	r24, r24
    1d94:	21 f0       	breq	.+8      	; 0x1d9e <__vector_11+0x172>
		{
			TIMER0_enuSetPreload(TIMER0_u8Preload);
    1d96:	80 91 35 02 	lds	r24, 0x0235
    1d9a:	0e 94 69 0b 	call	0x16d2	; 0x16d2 <TIMER0_enuSetPreload>
		}
	}

	if (TIMER0_APfunCallBack[TIMER0_OVF_CALLBACK] != NULL)
    1d9e:	80 91 44 02 	lds	r24, 0x0244
    1da2:	90 91 45 02 	lds	r25, 0x0245
    1da6:	00 97       	sbiw	r24, 0x00	; 0
    1da8:	49 f0       	breq	.+18     	; 0x1dbc <__vector_11+0x190>
	{
		TIMER0_APfunCallBack[TIMER0_OVF_CALLBACK](TIMER0_APvidParameter[TIMER0_OVF_CALLBACK]);
    1daa:	e0 91 44 02 	lds	r30, 0x0244
    1dae:	f0 91 45 02 	lds	r31, 0x0245
    1db2:	80 91 4a 02 	lds	r24, 0x024A
    1db6:	90 91 4b 02 	lds	r25, 0x024B
    1dba:	09 95       	icall
	}

}
    1dbc:	cf 91       	pop	r28
    1dbe:	df 91       	pop	r29
    1dc0:	ff 91       	pop	r31
    1dc2:	ef 91       	pop	r30
    1dc4:	bf 91       	pop	r27
    1dc6:	af 91       	pop	r26
    1dc8:	9f 91       	pop	r25
    1dca:	8f 91       	pop	r24
    1dcc:	7f 91       	pop	r23
    1dce:	6f 91       	pop	r22
    1dd0:	5f 91       	pop	r21
    1dd2:	4f 91       	pop	r20
    1dd4:	3f 91       	pop	r19
    1dd6:	2f 91       	pop	r18
    1dd8:	0f 90       	pop	r0
    1dda:	0f be       	out	0x3f, r0	; 63
    1ddc:	0f 90       	pop	r0
    1dde:	1f 90       	pop	r1
    1de0:	18 95       	reti

00001de2 <__vector_10>:

ISR(VECT_TIMER0_CTC)
{
    1de2:	1f 92       	push	r1
    1de4:	0f 92       	push	r0
    1de6:	0f b6       	in	r0, 0x3f	; 63
    1de8:	0f 92       	push	r0
    1dea:	11 24       	eor	r1, r1
    1dec:	2f 93       	push	r18
    1dee:	3f 93       	push	r19
    1df0:	4f 93       	push	r20
    1df2:	5f 93       	push	r21
    1df4:	6f 93       	push	r22
    1df6:	7f 93       	push	r23
    1df8:	8f 93       	push	r24
    1dfa:	9f 93       	push	r25
    1dfc:	af 93       	push	r26
    1dfe:	bf 93       	push	r27
    1e00:	ef 93       	push	r30
    1e02:	ff 93       	push	r31
    1e04:	df 93       	push	r29
    1e06:	cf 93       	push	r28
    1e08:	cd b7       	in	r28, 0x3d	; 61
    1e0a:	de b7       	in	r29, 0x3e	; 62
			TIMER0_enuSetPreload(TIMER0_u8Preload);
		}
	}
	*/

	if (TIMER0_APfunCallBack[TIMER0_CTC_CALLBACK] != NULL)
    1e0c:	80 91 46 02 	lds	r24, 0x0246
    1e10:	90 91 47 02 	lds	r25, 0x0247
    1e14:	00 97       	sbiw	r24, 0x00	; 0
    1e16:	49 f0       	breq	.+18     	; 0x1e2a <__vector_10+0x48>
	{
		TIMER0_APfunCallBack[TIMER0_CTC_CALLBACK](TIMER0_APvidParameter[TIMER0_CTC_CALLBACK]);
    1e18:	e0 91 46 02 	lds	r30, 0x0246
    1e1c:	f0 91 47 02 	lds	r31, 0x0247
    1e20:	80 91 4c 02 	lds	r24, 0x024C
    1e24:	90 91 4d 02 	lds	r25, 0x024D
    1e28:	09 95       	icall
	}
}
    1e2a:	cf 91       	pop	r28
    1e2c:	df 91       	pop	r29
    1e2e:	ff 91       	pop	r31
    1e30:	ef 91       	pop	r30
    1e32:	bf 91       	pop	r27
    1e34:	af 91       	pop	r26
    1e36:	9f 91       	pop	r25
    1e38:	8f 91       	pop	r24
    1e3a:	7f 91       	pop	r23
    1e3c:	6f 91       	pop	r22
    1e3e:	5f 91       	pop	r21
    1e40:	4f 91       	pop	r20
    1e42:	3f 91       	pop	r19
    1e44:	2f 91       	pop	r18
    1e46:	0f 90       	pop	r0
    1e48:	0f be       	out	0x3f, r0	; 63
    1e4a:	0f 90       	pop	r0
    1e4c:	1f 90       	pop	r1
    1e4e:	18 95       	reti

00001e50 <ICU_enuInit>:

static void (*ICU_PvCallBackFunc) (void*)=NULL;
static void *ICU_PvCallBackParameter=NULL;

ES_t ICU_enuInit(void)
{
    1e50:	df 93       	push	r29
    1e52:	cf 93       	push	r28
    1e54:	0f 92       	push	r0
    1e56:	cd b7       	in	r28, 0x3d	; 61
    1e58:	de b7       	in	r29, 0x3e	; 62
	ES_t Local_enuErrorState=ES_NOK;
    1e5a:	19 82       	std	Y+1, r1	; 0x01

#if ICU_TRIGGER_SOURCE==ICU_RISING_EDGE
	TCCR1B |= (1<<TCCR1B_ICES1);
    1e5c:	ae e4       	ldi	r26, 0x4E	; 78
    1e5e:	b0 e0       	ldi	r27, 0x00	; 0
    1e60:	ee e4       	ldi	r30, 0x4E	; 78
    1e62:	f0 e0       	ldi	r31, 0x00	; 0
    1e64:	80 81       	ld	r24, Z
    1e66:	80 64       	ori	r24, 0x40	; 64
    1e68:	8c 93       	st	X, r24
	Local_enuErrorState=ES_OK;
    1e6a:	81 e0       	ldi	r24, 0x01	; 1
    1e6c:	89 83       	std	Y+1, r24	; 0x01
#error "Attention!!, your ICU_TRIGGER_SOURCE Selection is Wrong...."

#endif


	return Local_enuErrorState;
    1e6e:	89 81       	ldd	r24, Y+1	; 0x01
}
    1e70:	0f 90       	pop	r0
    1e72:	cf 91       	pop	r28
    1e74:	df 91       	pop	r29
    1e76:	08 95       	ret

00001e78 <ICU_enuEnableINTERRUPT>:

ES_t ICU_enuEnableINTERRUPT(void)
{
    1e78:	df 93       	push	r29
    1e7a:	cf 93       	push	r28
    1e7c:	0f 92       	push	r0
    1e7e:	cd b7       	in	r28, 0x3d	; 61
    1e80:	de b7       	in	r29, 0x3e	; 62
	ES_t Local_enuErrorState=ES_NOK;
    1e82:	19 82       	std	Y+1, r1	; 0x01

	TIMSK |=(1<<TIMSK_TICIE1);
    1e84:	a9 e5       	ldi	r26, 0x59	; 89
    1e86:	b0 e0       	ldi	r27, 0x00	; 0
    1e88:	e9 e5       	ldi	r30, 0x59	; 89
    1e8a:	f0 e0       	ldi	r31, 0x00	; 0
    1e8c:	80 81       	ld	r24, Z
    1e8e:	80 62       	ori	r24, 0x20	; 32
    1e90:	8c 93       	st	X, r24
	Local_enuErrorState=ES_OK;
    1e92:	81 e0       	ldi	r24, 0x01	; 1
    1e94:	89 83       	std	Y+1, r24	; 0x01

	return Local_enuErrorState;
    1e96:	89 81       	ldd	r24, Y+1	; 0x01
}
    1e98:	0f 90       	pop	r0
    1e9a:	cf 91       	pop	r28
    1e9c:	df 91       	pop	r29
    1e9e:	08 95       	ret

00001ea0 <ICU_enuDisableINTERRUPT>:

ES_t ICU_enuDisableINTERRUPT(void)
{
    1ea0:	df 93       	push	r29
    1ea2:	cf 93       	push	r28
    1ea4:	0f 92       	push	r0
    1ea6:	cd b7       	in	r28, 0x3d	; 61
    1ea8:	de b7       	in	r29, 0x3e	; 62
	ES_t Local_enuErrorState=ES_NOK;
    1eaa:	19 82       	std	Y+1, r1	; 0x01

	TIMSK &=~(1<<TIMSK_TICIE1);
    1eac:	a9 e5       	ldi	r26, 0x59	; 89
    1eae:	b0 e0       	ldi	r27, 0x00	; 0
    1eb0:	e9 e5       	ldi	r30, 0x59	; 89
    1eb2:	f0 e0       	ldi	r31, 0x00	; 0
    1eb4:	80 81       	ld	r24, Z
    1eb6:	8f 7d       	andi	r24, 0xDF	; 223
    1eb8:	8c 93       	st	X, r24
	Local_enuErrorState=ES_OK;
    1eba:	81 e0       	ldi	r24, 0x01	; 1
    1ebc:	89 83       	std	Y+1, r24	; 0x01

	return Local_enuErrorState;
    1ebe:	89 81       	ldd	r24, Y+1	; 0x01
}
    1ec0:	0f 90       	pop	r0
    1ec2:	cf 91       	pop	r28
    1ec4:	df 91       	pop	r29
    1ec6:	08 95       	ret

00001ec8 <ICU_enuSetTriggerEdge>:

ES_t ICU_enuSetTriggerEdge(u8 Copy_u8Edge)
{
    1ec8:	df 93       	push	r29
    1eca:	cf 93       	push	r28
    1ecc:	00 d0       	rcall	.+0      	; 0x1ece <ICU_enuSetTriggerEdge+0x6>
    1ece:	cd b7       	in	r28, 0x3d	; 61
    1ed0:	de b7       	in	r29, 0x3e	; 62
    1ed2:	8a 83       	std	Y+2, r24	; 0x02
	ES_t Local_enuErrorState=ES_NOK;
    1ed4:	19 82       	std	Y+1, r1	; 0x01

	if(Copy_u8Edge==ICU_RISING_EDGE)
    1ed6:	8a 81       	ldd	r24, Y+2	; 0x02
    1ed8:	81 30       	cpi	r24, 0x01	; 1
    1eda:	51 f4       	brne	.+20     	; 0x1ef0 <ICU_enuSetTriggerEdge+0x28>
	{
		TCCR1B |= (1<<TCCR1B_ICES1);
    1edc:	ae e4       	ldi	r26, 0x4E	; 78
    1ede:	b0 e0       	ldi	r27, 0x00	; 0
    1ee0:	ee e4       	ldi	r30, 0x4E	; 78
    1ee2:	f0 e0       	ldi	r31, 0x00	; 0
    1ee4:	80 81       	ld	r24, Z
    1ee6:	80 64       	ori	r24, 0x40	; 64
    1ee8:	8c 93       	st	X, r24
		Local_enuErrorState=ES_OK;
    1eea:	81 e0       	ldi	r24, 0x01	; 1
    1eec:	89 83       	std	Y+1, r24	; 0x01
    1eee:	0f c0       	rjmp	.+30     	; 0x1f0e <ICU_enuSetTriggerEdge+0x46>
	}
	else if(Copy_u8Edge==ICU_FALLING_EDGE)
    1ef0:	8a 81       	ldd	r24, Y+2	; 0x02
    1ef2:	82 30       	cpi	r24, 0x02	; 2
    1ef4:	51 f4       	brne	.+20     	; 0x1f0a <ICU_enuSetTriggerEdge+0x42>
	{
		TCCR1B &=~(1<<TCCR1B_ICES1);
    1ef6:	ae e4       	ldi	r26, 0x4E	; 78
    1ef8:	b0 e0       	ldi	r27, 0x00	; 0
    1efa:	ee e4       	ldi	r30, 0x4E	; 78
    1efc:	f0 e0       	ldi	r31, 0x00	; 0
    1efe:	80 81       	ld	r24, Z
    1f00:	8f 7b       	andi	r24, 0xBF	; 191
    1f02:	8c 93       	st	X, r24
		Local_enuErrorState=ES_OK;
    1f04:	81 e0       	ldi	r24, 0x01	; 1
    1f06:	89 83       	std	Y+1, r24	; 0x01
    1f08:	02 c0       	rjmp	.+4      	; 0x1f0e <ICU_enuSetTriggerEdge+0x46>
	}
	else
	{
		Local_enuErrorState=ES_OUT_OF_RANGE;
    1f0a:	83 e0       	ldi	r24, 0x03	; 3
    1f0c:	89 83       	std	Y+1, r24	; 0x01
	}

	return Local_enuErrorState;
    1f0e:	89 81       	ldd	r24, Y+1	; 0x01
}
    1f10:	0f 90       	pop	r0
    1f12:	0f 90       	pop	r0
    1f14:	cf 91       	pop	r28
    1f16:	df 91       	pop	r29
    1f18:	08 95       	ret

00001f1a <ICU_enuReadInputCapture>:

ES_t ICU_enuReadInputCapture(u16 *Copy_pu16Value)
{
    1f1a:	df 93       	push	r29
    1f1c:	cf 93       	push	r28
    1f1e:	00 d0       	rcall	.+0      	; 0x1f20 <ICU_enuReadInputCapture+0x6>
    1f20:	0f 92       	push	r0
    1f22:	cd b7       	in	r28, 0x3d	; 61
    1f24:	de b7       	in	r29, 0x3e	; 62
    1f26:	9b 83       	std	Y+3, r25	; 0x03
    1f28:	8a 83       	std	Y+2, r24	; 0x02
	ES_t Local_enuErrorState=ES_NOK;
    1f2a:	19 82       	std	Y+1, r1	; 0x01

	*Copy_pu16Value=ICR1;
    1f2c:	e6 e4       	ldi	r30, 0x46	; 70
    1f2e:	f0 e0       	ldi	r31, 0x00	; 0
    1f30:	80 81       	ld	r24, Z
    1f32:	91 81       	ldd	r25, Z+1	; 0x01
    1f34:	ea 81       	ldd	r30, Y+2	; 0x02
    1f36:	fb 81       	ldd	r31, Y+3	; 0x03
    1f38:	91 83       	std	Z+1, r25	; 0x01
    1f3a:	80 83       	st	Z, r24
	Local_enuErrorState=ES_OK;
    1f3c:	81 e0       	ldi	r24, 0x01	; 1
    1f3e:	89 83       	std	Y+1, r24	; 0x01

	return Local_enuErrorState;
    1f40:	89 81       	ldd	r24, Y+1	; 0x01
}
    1f42:	0f 90       	pop	r0
    1f44:	0f 90       	pop	r0
    1f46:	0f 90       	pop	r0
    1f48:	cf 91       	pop	r28
    1f4a:	df 91       	pop	r29
    1f4c:	08 95       	ret

00001f4e <ICU_enuCallBack>:


ES_t ICU_enuCallBack(void (*Copy_PfunCallBack)(void*) , void * Copy_PvidParameter)
{
    1f4e:	df 93       	push	r29
    1f50:	cf 93       	push	r28
    1f52:	00 d0       	rcall	.+0      	; 0x1f54 <ICU_enuCallBack+0x6>
    1f54:	00 d0       	rcall	.+0      	; 0x1f56 <ICU_enuCallBack+0x8>
    1f56:	0f 92       	push	r0
    1f58:	cd b7       	in	r28, 0x3d	; 61
    1f5a:	de b7       	in	r29, 0x3e	; 62
    1f5c:	9b 83       	std	Y+3, r25	; 0x03
    1f5e:	8a 83       	std	Y+2, r24	; 0x02
    1f60:	7d 83       	std	Y+5, r23	; 0x05
    1f62:	6c 83       	std	Y+4, r22	; 0x04
	ES_t Local_enuErrorState=ES_NOK;
    1f64:	19 82       	std	Y+1, r1	; 0x01

	if(Copy_PfunCallBack!=NULL)
    1f66:	8a 81       	ldd	r24, Y+2	; 0x02
    1f68:	9b 81       	ldd	r25, Y+3	; 0x03
    1f6a:	00 97       	sbiw	r24, 0x00	; 0
    1f6c:	79 f0       	breq	.+30     	; 0x1f8c <ICU_enuCallBack+0x3e>
	{

		ICU_PvCallBackFunc  = Copy_PfunCallBack;
    1f6e:	8a 81       	ldd	r24, Y+2	; 0x02
    1f70:	9b 81       	ldd	r25, Y+3	; 0x03
    1f72:	90 93 57 02 	sts	0x0257, r25
    1f76:	80 93 56 02 	sts	0x0256, r24
		ICU_PvCallBackParameter = Copy_PvidParameter;
    1f7a:	8c 81       	ldd	r24, Y+4	; 0x04
    1f7c:	9d 81       	ldd	r25, Y+5	; 0x05
    1f7e:	90 93 59 02 	sts	0x0259, r25
    1f82:	80 93 58 02 	sts	0x0258, r24
		Local_enuErrorState=ES_OK;
    1f86:	81 e0       	ldi	r24, 0x01	; 1
    1f88:	89 83       	std	Y+1, r24	; 0x01
    1f8a:	02 c0       	rjmp	.+4      	; 0x1f90 <ICU_enuCallBack+0x42>
	}
	else
	{
		Local_enuErrorState =ES_NULL_POINTER;
    1f8c:	82 e0       	ldi	r24, 0x02	; 2
    1f8e:	89 83       	std	Y+1, r24	; 0x01
	}

	return Local_enuErrorState;
    1f90:	89 81       	ldd	r24, Y+1	; 0x01
}
    1f92:	0f 90       	pop	r0
    1f94:	0f 90       	pop	r0
    1f96:	0f 90       	pop	r0
    1f98:	0f 90       	pop	r0
    1f9a:	0f 90       	pop	r0
    1f9c:	cf 91       	pop	r28
    1f9e:	df 91       	pop	r29
    1fa0:	08 95       	ret

00001fa2 <__vector_6>:


ISR(VECT_TIMER1_ICU)
{
    1fa2:	1f 92       	push	r1
    1fa4:	0f 92       	push	r0
    1fa6:	0f b6       	in	r0, 0x3f	; 63
    1fa8:	0f 92       	push	r0
    1faa:	11 24       	eor	r1, r1
    1fac:	2f 93       	push	r18
    1fae:	3f 93       	push	r19
    1fb0:	4f 93       	push	r20
    1fb2:	5f 93       	push	r21
    1fb4:	6f 93       	push	r22
    1fb6:	7f 93       	push	r23
    1fb8:	8f 93       	push	r24
    1fba:	9f 93       	push	r25
    1fbc:	af 93       	push	r26
    1fbe:	bf 93       	push	r27
    1fc0:	ef 93       	push	r30
    1fc2:	ff 93       	push	r31
    1fc4:	df 93       	push	r29
    1fc6:	cf 93       	push	r28
    1fc8:	cd b7       	in	r28, 0x3d	; 61
    1fca:	de b7       	in	r29, 0x3e	; 62
	if (ICU_PvCallBackFunc != NULL)
    1fcc:	80 91 56 02 	lds	r24, 0x0256
    1fd0:	90 91 57 02 	lds	r25, 0x0257
    1fd4:	00 97       	sbiw	r24, 0x00	; 0
    1fd6:	49 f0       	breq	.+18     	; 0x1fea <__vector_6+0x48>
	{
		ICU_PvCallBackFunc(ICU_PvCallBackParameter);
    1fd8:	e0 91 56 02 	lds	r30, 0x0256
    1fdc:	f0 91 57 02 	lds	r31, 0x0257
    1fe0:	80 91 58 02 	lds	r24, 0x0258
    1fe4:	90 91 59 02 	lds	r25, 0x0259
    1fe8:	09 95       	icall
	}
}
    1fea:	cf 91       	pop	r28
    1fec:	df 91       	pop	r29
    1fee:	ff 91       	pop	r31
    1ff0:	ef 91       	pop	r30
    1ff2:	bf 91       	pop	r27
    1ff4:	af 91       	pop	r26
    1ff6:	9f 91       	pop	r25
    1ff8:	8f 91       	pop	r24
    1ffa:	7f 91       	pop	r23
    1ffc:	6f 91       	pop	r22
    1ffe:	5f 91       	pop	r21
    2000:	4f 91       	pop	r20
    2002:	3f 91       	pop	r19
    2004:	2f 91       	pop	r18
    2006:	0f 90       	pop	r0
    2008:	0f be       	out	0x3f, r0	; 63
    200a:	0f 90       	pop	r0
    200c:	1f 90       	pop	r1
    200e:	18 95       	reti

00002010 <GIE_enuEnable>:

#include "GIE_priv.h"


ES_t GIE_enuEnable(void)
{
    2010:	df 93       	push	r29
    2012:	cf 93       	push	r28
    2014:	0f 92       	push	r0
    2016:	cd b7       	in	r28, 0x3d	; 61
    2018:	de b7       	in	r29, 0x3e	; 62
	ES_t Local_enuErrorState=ES_NOK;
    201a:	19 82       	std	Y+1, r1	; 0x01

	SREG |=(1<<7);
    201c:	af e5       	ldi	r26, 0x5F	; 95
    201e:	b0 e0       	ldi	r27, 0x00	; 0
    2020:	ef e5       	ldi	r30, 0x5F	; 95
    2022:	f0 e0       	ldi	r31, 0x00	; 0
    2024:	80 81       	ld	r24, Z
    2026:	80 68       	ori	r24, 0x80	; 128
    2028:	8c 93       	st	X, r24
	Local_enuErrorState=ES_OK;
    202a:	81 e0       	ldi	r24, 0x01	; 1
    202c:	89 83       	std	Y+1, r24	; 0x01

	return Local_enuErrorState;
    202e:	89 81       	ldd	r24, Y+1	; 0x01
}
    2030:	0f 90       	pop	r0
    2032:	cf 91       	pop	r28
    2034:	df 91       	pop	r29
    2036:	08 95       	ret

00002038 <GIE_enuDisable>:


ES_t GIE_enuDisable(void)
{
    2038:	df 93       	push	r29
    203a:	cf 93       	push	r28
    203c:	0f 92       	push	r0
    203e:	cd b7       	in	r28, 0x3d	; 61
    2040:	de b7       	in	r29, 0x3e	; 62
	ES_t Local_enuErrorState=ES_NOK;
    2042:	19 82       	std	Y+1, r1	; 0x01

	SREG &=~(1<<7);
    2044:	af e5       	ldi	r26, 0x5F	; 95
    2046:	b0 e0       	ldi	r27, 0x00	; 0
    2048:	ef e5       	ldi	r30, 0x5F	; 95
    204a:	f0 e0       	ldi	r31, 0x00	; 0
    204c:	80 81       	ld	r24, Z
    204e:	8f 77       	andi	r24, 0x7F	; 127
    2050:	8c 93       	st	X, r24
	Local_enuErrorState=ES_OK;
    2052:	81 e0       	ldi	r24, 0x01	; 1
    2054:	89 83       	std	Y+1, r24	; 0x01

	return Local_enuErrorState;
    2056:	89 81       	ldd	r24, Y+1	; 0x01
}
    2058:	0f 90       	pop	r0
    205a:	cf 91       	pop	r28
    205c:	df 91       	pop	r29
    205e:	08 95       	ret

00002060 <EINT_enuInit>:

static volatile void* EINT_ApvoidINT[3]={NULL,NULL,NULL};


ES_t EINT_enuInit(EINT_t* Copy_pstrEINT)
{
    2060:	df 93       	push	r29
    2062:	cf 93       	push	r28
    2064:	cd b7       	in	r28, 0x3d	; 61
    2066:	de b7       	in	r29, 0x3e	; 62
    2068:	2c 97       	sbiw	r28, 0x0c	; 12
    206a:	0f b6       	in	r0, 0x3f	; 63
    206c:	f8 94       	cli
    206e:	de bf       	out	0x3e, r29	; 62
    2070:	0f be       	out	0x3f, r0	; 63
    2072:	cd bf       	out	0x3d, r28	; 61
    2074:	9c 83       	std	Y+4, r25	; 0x04
    2076:	8b 83       	std	Y+3, r24	; 0x03
	ES_t Local_enuErrorstate=ES_NOK;
    2078:	1a 82       	std	Y+2, r1	; 0x02

	if(Copy_pstrEINT!=NULL)
    207a:	8b 81       	ldd	r24, Y+3	; 0x03
    207c:	9c 81       	ldd	r25, Y+4	; 0x04
    207e:	00 97       	sbiw	r24, 0x00	; 0
    2080:	09 f4       	brne	.+2      	; 0x2084 <EINT_enuInit+0x24>
    2082:	42 c1       	rjmp	.+644    	; 0x2308 <EINT_enuInit+0x2a8>
	{
		u8 Local_u8Iter=0;
    2084:	19 82       	std	Y+1, r1	; 0x01
		for(Local_u8Iter=0;Local_u8Iter<3;Local_u8Iter++)
    2086:	19 82       	std	Y+1, r1	; 0x01
    2088:	3a c1       	rjmp	.+628    	; 0x22fe <EINT_enuInit+0x29e>
		{
			if(Copy_pstrEINT[Local_u8Iter].EINT_u8State==EINT_ENABLED)
    208a:	89 81       	ldd	r24, Y+1	; 0x01
    208c:	88 2f       	mov	r24, r24
    208e:	90 e0       	ldi	r25, 0x00	; 0
    2090:	9c 01       	movw	r18, r24
    2092:	22 0f       	add	r18, r18
    2094:	33 1f       	adc	r19, r19
    2096:	8b 81       	ldd	r24, Y+3	; 0x03
    2098:	9c 81       	ldd	r25, Y+4	; 0x04
    209a:	fc 01       	movw	r30, r24
    209c:	e2 0f       	add	r30, r18
    209e:	f3 1f       	adc	r31, r19
    20a0:	80 81       	ld	r24, Z
    20a2:	81 30       	cpi	r24, 0x01	; 1
    20a4:	09 f0       	breq	.+2      	; 0x20a8 <EINT_enuInit+0x48>
    20a6:	28 c1       	rjmp	.+592    	; 0x22f8 <EINT_enuInit+0x298>
			{
				switch(Local_u8Iter)
    20a8:	89 81       	ldd	r24, Y+1	; 0x01
    20aa:	28 2f       	mov	r18, r24
    20ac:	30 e0       	ldi	r19, 0x00	; 0
    20ae:	3c 87       	std	Y+12, r19	; 0x0c
    20b0:	2b 87       	std	Y+11, r18	; 0x0b
    20b2:	8b 85       	ldd	r24, Y+11	; 0x0b
    20b4:	9c 85       	ldd	r25, Y+12	; 0x0c
    20b6:	81 30       	cpi	r24, 0x01	; 1
    20b8:	91 05       	cpc	r25, r1
    20ba:	09 f4       	brne	.+2      	; 0x20be <EINT_enuInit+0x5e>
    20bc:	7b c0       	rjmp	.+246    	; 0x21b4 <EINT_enuInit+0x154>
    20be:	2b 85       	ldd	r18, Y+11	; 0x0b
    20c0:	3c 85       	ldd	r19, Y+12	; 0x0c
    20c2:	22 30       	cpi	r18, 0x02	; 2
    20c4:	31 05       	cpc	r19, r1
    20c6:	09 f4       	brne	.+2      	; 0x20ca <EINT_enuInit+0x6a>
    20c8:	e5 c0       	rjmp	.+458    	; 0x2294 <EINT_enuInit+0x234>
    20ca:	8b 85       	ldd	r24, Y+11	; 0x0b
    20cc:	9c 85       	ldd	r25, Y+12	; 0x0c
    20ce:	00 97       	sbiw	r24, 0x00	; 0
    20d0:	09 f0       	breq	.+2      	; 0x20d4 <EINT_enuInit+0x74>
    20d2:	12 c1       	rjmp	.+548    	; 0x22f8 <EINT_enuInit+0x298>
				{
				case 0:
					GICR |=(1<<6);//set bit6 to 1
    20d4:	ab e5       	ldi	r26, 0x5B	; 91
    20d6:	b0 e0       	ldi	r27, 0x00	; 0
    20d8:	eb e5       	ldi	r30, 0x5B	; 91
    20da:	f0 e0       	ldi	r31, 0x00	; 0
    20dc:	80 81       	ld	r24, Z
    20de:	80 64       	ori	r24, 0x40	; 64
    20e0:	8c 93       	st	X, r24
					switch(Copy_pstrEINT[Local_u8Iter].EINT_u8SenceLevel)
    20e2:	89 81       	ldd	r24, Y+1	; 0x01
    20e4:	88 2f       	mov	r24, r24
    20e6:	90 e0       	ldi	r25, 0x00	; 0
    20e8:	9c 01       	movw	r18, r24
    20ea:	22 0f       	add	r18, r18
    20ec:	33 1f       	adc	r19, r19
    20ee:	8b 81       	ldd	r24, Y+3	; 0x03
    20f0:	9c 81       	ldd	r25, Y+4	; 0x04
    20f2:	fc 01       	movw	r30, r24
    20f4:	e2 0f       	add	r30, r18
    20f6:	f3 1f       	adc	r31, r19
    20f8:	81 81       	ldd	r24, Z+1	; 0x01
    20fa:	28 2f       	mov	r18, r24
    20fc:	30 e0       	ldi	r19, 0x00	; 0
    20fe:	3a 87       	std	Y+10, r19	; 0x0a
    2100:	29 87       	std	Y+9, r18	; 0x09
    2102:	89 85       	ldd	r24, Y+9	; 0x09
    2104:	9a 85       	ldd	r25, Y+10	; 0x0a
    2106:	82 30       	cpi	r24, 0x02	; 2
    2108:	91 05       	cpc	r25, r1
    210a:	29 f1       	breq	.+74     	; 0x2156 <EINT_enuInit+0xf6>
    210c:	29 85       	ldd	r18, Y+9	; 0x09
    210e:	3a 85       	ldd	r19, Y+10	; 0x0a
    2110:	23 30       	cpi	r18, 0x03	; 3
    2112:	31 05       	cpc	r19, r1
    2114:	34 f4       	brge	.+12     	; 0x2122 <EINT_enuInit+0xc2>
    2116:	89 85       	ldd	r24, Y+9	; 0x09
    2118:	9a 85       	ldd	r25, Y+10	; 0x0a
    211a:	81 30       	cpi	r24, 0x01	; 1
    211c:	91 05       	cpc	r25, r1
    211e:	61 f0       	breq	.+24     	; 0x2138 <EINT_enuInit+0xd8>
    2120:	46 c0       	rjmp	.+140    	; 0x21ae <EINT_enuInit+0x14e>
    2122:	29 85       	ldd	r18, Y+9	; 0x09
    2124:	3a 85       	ldd	r19, Y+10	; 0x0a
    2126:	23 30       	cpi	r18, 0x03	; 3
    2128:	31 05       	cpc	r19, r1
    212a:	99 f1       	breq	.+102    	; 0x2192 <EINT_enuInit+0x132>
    212c:	89 85       	ldd	r24, Y+9	; 0x09
    212e:	9a 85       	ldd	r25, Y+10	; 0x0a
    2130:	84 30       	cpi	r24, 0x04	; 4
    2132:	91 05       	cpc	r25, r1
    2134:	f9 f0       	breq	.+62     	; 0x2174 <EINT_enuInit+0x114>
    2136:	3b c0       	rjmp	.+118    	; 0x21ae <EINT_enuInit+0x14e>
					{
					case EINT_LOW_LEVEL:
						MCUCR&=~(1<<1);
    2138:	a5 e5       	ldi	r26, 0x55	; 85
    213a:	b0 e0       	ldi	r27, 0x00	; 0
    213c:	e5 e5       	ldi	r30, 0x55	; 85
    213e:	f0 e0       	ldi	r31, 0x00	; 0
    2140:	80 81       	ld	r24, Z
    2142:	8d 7f       	andi	r24, 0xFD	; 253
    2144:	8c 93       	st	X, r24
						MCUCR&=~(1<<0);
    2146:	a5 e5       	ldi	r26, 0x55	; 85
    2148:	b0 e0       	ldi	r27, 0x00	; 0
    214a:	e5 e5       	ldi	r30, 0x55	; 85
    214c:	f0 e0       	ldi	r31, 0x00	; 0
    214e:	80 81       	ld	r24, Z
    2150:	8e 7f       	andi	r24, 0xFE	; 254
    2152:	8c 93       	st	X, r24
    2154:	2c c0       	rjmp	.+88     	; 0x21ae <EINT_enuInit+0x14e>
						break;
					case EINT_ANY_LOG_CHANGE:
						MCUCR&=~(1<<1);
    2156:	a5 e5       	ldi	r26, 0x55	; 85
    2158:	b0 e0       	ldi	r27, 0x00	; 0
    215a:	e5 e5       	ldi	r30, 0x55	; 85
    215c:	f0 e0       	ldi	r31, 0x00	; 0
    215e:	80 81       	ld	r24, Z
    2160:	8d 7f       	andi	r24, 0xFD	; 253
    2162:	8c 93       	st	X, r24
						MCUCR |=(1<<0);
    2164:	a5 e5       	ldi	r26, 0x55	; 85
    2166:	b0 e0       	ldi	r27, 0x00	; 0
    2168:	e5 e5       	ldi	r30, 0x55	; 85
    216a:	f0 e0       	ldi	r31, 0x00	; 0
    216c:	80 81       	ld	r24, Z
    216e:	81 60       	ori	r24, 0x01	; 1
    2170:	8c 93       	st	X, r24
    2172:	1d c0       	rjmp	.+58     	; 0x21ae <EINT_enuInit+0x14e>
						break;
					case EINT_FALLING_EDGE:
						MCUCR |=(1<<1);
    2174:	a5 e5       	ldi	r26, 0x55	; 85
    2176:	b0 e0       	ldi	r27, 0x00	; 0
    2178:	e5 e5       	ldi	r30, 0x55	; 85
    217a:	f0 e0       	ldi	r31, 0x00	; 0
    217c:	80 81       	ld	r24, Z
    217e:	82 60       	ori	r24, 0x02	; 2
    2180:	8c 93       	st	X, r24
						MCUCR&=~(1<<0);
    2182:	a5 e5       	ldi	r26, 0x55	; 85
    2184:	b0 e0       	ldi	r27, 0x00	; 0
    2186:	e5 e5       	ldi	r30, 0x55	; 85
    2188:	f0 e0       	ldi	r31, 0x00	; 0
    218a:	80 81       	ld	r24, Z
    218c:	8e 7f       	andi	r24, 0xFE	; 254
    218e:	8c 93       	st	X, r24
    2190:	0e c0       	rjmp	.+28     	; 0x21ae <EINT_enuInit+0x14e>
						break;
					case EINT_RISING_EDGE:
						MCUCR |=(1<<1);
    2192:	a5 e5       	ldi	r26, 0x55	; 85
    2194:	b0 e0       	ldi	r27, 0x00	; 0
    2196:	e5 e5       	ldi	r30, 0x55	; 85
    2198:	f0 e0       	ldi	r31, 0x00	; 0
    219a:	80 81       	ld	r24, Z
    219c:	82 60       	ori	r24, 0x02	; 2
    219e:	8c 93       	st	X, r24
						MCUCR |=(1<<0);
    21a0:	a5 e5       	ldi	r26, 0x55	; 85
    21a2:	b0 e0       	ldi	r27, 0x00	; 0
    21a4:	e5 e5       	ldi	r30, 0x55	; 85
    21a6:	f0 e0       	ldi	r31, 0x00	; 0
    21a8:	80 81       	ld	r24, Z
    21aa:	81 60       	ori	r24, 0x01	; 1
    21ac:	8c 93       	st	X, r24
						break;
					}
					Local_enuErrorstate=ES_OK;
    21ae:	81 e0       	ldi	r24, 0x01	; 1
    21b0:	8a 83       	std	Y+2, r24	; 0x02
    21b2:	a2 c0       	rjmp	.+324    	; 0x22f8 <EINT_enuInit+0x298>
					break;
				case 1:
					GICR |=(1<<7);//set bit7 to 1
    21b4:	ab e5       	ldi	r26, 0x5B	; 91
    21b6:	b0 e0       	ldi	r27, 0x00	; 0
    21b8:	eb e5       	ldi	r30, 0x5B	; 91
    21ba:	f0 e0       	ldi	r31, 0x00	; 0
    21bc:	80 81       	ld	r24, Z
    21be:	80 68       	ori	r24, 0x80	; 128
    21c0:	8c 93       	st	X, r24
					switch(Copy_pstrEINT[Local_u8Iter].EINT_u8SenceLevel)
    21c2:	89 81       	ldd	r24, Y+1	; 0x01
    21c4:	88 2f       	mov	r24, r24
    21c6:	90 e0       	ldi	r25, 0x00	; 0
    21c8:	9c 01       	movw	r18, r24
    21ca:	22 0f       	add	r18, r18
    21cc:	33 1f       	adc	r19, r19
    21ce:	8b 81       	ldd	r24, Y+3	; 0x03
    21d0:	9c 81       	ldd	r25, Y+4	; 0x04
    21d2:	fc 01       	movw	r30, r24
    21d4:	e2 0f       	add	r30, r18
    21d6:	f3 1f       	adc	r31, r19
    21d8:	81 81       	ldd	r24, Z+1	; 0x01
    21da:	28 2f       	mov	r18, r24
    21dc:	30 e0       	ldi	r19, 0x00	; 0
    21de:	38 87       	std	Y+8, r19	; 0x08
    21e0:	2f 83       	std	Y+7, r18	; 0x07
    21e2:	8f 81       	ldd	r24, Y+7	; 0x07
    21e4:	98 85       	ldd	r25, Y+8	; 0x08
    21e6:	82 30       	cpi	r24, 0x02	; 2
    21e8:	91 05       	cpc	r25, r1
    21ea:	29 f1       	breq	.+74     	; 0x2236 <EINT_enuInit+0x1d6>
    21ec:	2f 81       	ldd	r18, Y+7	; 0x07
    21ee:	38 85       	ldd	r19, Y+8	; 0x08
    21f0:	23 30       	cpi	r18, 0x03	; 3
    21f2:	31 05       	cpc	r19, r1
    21f4:	34 f4       	brge	.+12     	; 0x2202 <EINT_enuInit+0x1a2>
    21f6:	8f 81       	ldd	r24, Y+7	; 0x07
    21f8:	98 85       	ldd	r25, Y+8	; 0x08
    21fa:	81 30       	cpi	r24, 0x01	; 1
    21fc:	91 05       	cpc	r25, r1
    21fe:	61 f0       	breq	.+24     	; 0x2218 <EINT_enuInit+0x1b8>
    2200:	46 c0       	rjmp	.+140    	; 0x228e <EINT_enuInit+0x22e>
    2202:	2f 81       	ldd	r18, Y+7	; 0x07
    2204:	38 85       	ldd	r19, Y+8	; 0x08
    2206:	23 30       	cpi	r18, 0x03	; 3
    2208:	31 05       	cpc	r19, r1
    220a:	99 f1       	breq	.+102    	; 0x2272 <EINT_enuInit+0x212>
    220c:	8f 81       	ldd	r24, Y+7	; 0x07
    220e:	98 85       	ldd	r25, Y+8	; 0x08
    2210:	84 30       	cpi	r24, 0x04	; 4
    2212:	91 05       	cpc	r25, r1
    2214:	f9 f0       	breq	.+62     	; 0x2254 <EINT_enuInit+0x1f4>
    2216:	3b c0       	rjmp	.+118    	; 0x228e <EINT_enuInit+0x22e>
					{
					case EINT_LOW_LEVEL:
						MCUCR&=~(1<<3);
    2218:	a5 e5       	ldi	r26, 0x55	; 85
    221a:	b0 e0       	ldi	r27, 0x00	; 0
    221c:	e5 e5       	ldi	r30, 0x55	; 85
    221e:	f0 e0       	ldi	r31, 0x00	; 0
    2220:	80 81       	ld	r24, Z
    2222:	87 7f       	andi	r24, 0xF7	; 247
    2224:	8c 93       	st	X, r24
						MCUCR&=~(1<<2);
    2226:	a5 e5       	ldi	r26, 0x55	; 85
    2228:	b0 e0       	ldi	r27, 0x00	; 0
    222a:	e5 e5       	ldi	r30, 0x55	; 85
    222c:	f0 e0       	ldi	r31, 0x00	; 0
    222e:	80 81       	ld	r24, Z
    2230:	8b 7f       	andi	r24, 0xFB	; 251
    2232:	8c 93       	st	X, r24
    2234:	2c c0       	rjmp	.+88     	; 0x228e <EINT_enuInit+0x22e>
						break;
					case EINT_ANY_LOG_CHANGE:
						MCUCR&=~(1<<3);
    2236:	a5 e5       	ldi	r26, 0x55	; 85
    2238:	b0 e0       	ldi	r27, 0x00	; 0
    223a:	e5 e5       	ldi	r30, 0x55	; 85
    223c:	f0 e0       	ldi	r31, 0x00	; 0
    223e:	80 81       	ld	r24, Z
    2240:	87 7f       	andi	r24, 0xF7	; 247
    2242:	8c 93       	st	X, r24
						MCUCR |=(1<<2);
    2244:	a5 e5       	ldi	r26, 0x55	; 85
    2246:	b0 e0       	ldi	r27, 0x00	; 0
    2248:	e5 e5       	ldi	r30, 0x55	; 85
    224a:	f0 e0       	ldi	r31, 0x00	; 0
    224c:	80 81       	ld	r24, Z
    224e:	84 60       	ori	r24, 0x04	; 4
    2250:	8c 93       	st	X, r24
    2252:	1d c0       	rjmp	.+58     	; 0x228e <EINT_enuInit+0x22e>
						break;
					case EINT_FALLING_EDGE:
						MCUCR |=(1<<3);
    2254:	a5 e5       	ldi	r26, 0x55	; 85
    2256:	b0 e0       	ldi	r27, 0x00	; 0
    2258:	e5 e5       	ldi	r30, 0x55	; 85
    225a:	f0 e0       	ldi	r31, 0x00	; 0
    225c:	80 81       	ld	r24, Z
    225e:	88 60       	ori	r24, 0x08	; 8
    2260:	8c 93       	st	X, r24
						MCUCR&=~(1<<2);
    2262:	a5 e5       	ldi	r26, 0x55	; 85
    2264:	b0 e0       	ldi	r27, 0x00	; 0
    2266:	e5 e5       	ldi	r30, 0x55	; 85
    2268:	f0 e0       	ldi	r31, 0x00	; 0
    226a:	80 81       	ld	r24, Z
    226c:	8b 7f       	andi	r24, 0xFB	; 251
    226e:	8c 93       	st	X, r24
    2270:	0e c0       	rjmp	.+28     	; 0x228e <EINT_enuInit+0x22e>
						break;
					case EINT_RISING_EDGE:
						MCUCR |=(1<<3);
    2272:	a5 e5       	ldi	r26, 0x55	; 85
    2274:	b0 e0       	ldi	r27, 0x00	; 0
    2276:	e5 e5       	ldi	r30, 0x55	; 85
    2278:	f0 e0       	ldi	r31, 0x00	; 0
    227a:	80 81       	ld	r24, Z
    227c:	88 60       	ori	r24, 0x08	; 8
    227e:	8c 93       	st	X, r24
						MCUCR |=(1<<2);
    2280:	a5 e5       	ldi	r26, 0x55	; 85
    2282:	b0 e0       	ldi	r27, 0x00	; 0
    2284:	e5 e5       	ldi	r30, 0x55	; 85
    2286:	f0 e0       	ldi	r31, 0x00	; 0
    2288:	80 81       	ld	r24, Z
    228a:	84 60       	ori	r24, 0x04	; 4
    228c:	8c 93       	st	X, r24
						break;
					}
					Local_enuErrorstate=ES_OK;
    228e:	81 e0       	ldi	r24, 0x01	; 1
    2290:	8a 83       	std	Y+2, r24	; 0x02
    2292:	32 c0       	rjmp	.+100    	; 0x22f8 <EINT_enuInit+0x298>
					break;
				case 2:
					GICR |=(1<<5);//set bit5 to 1
    2294:	ab e5       	ldi	r26, 0x5B	; 91
    2296:	b0 e0       	ldi	r27, 0x00	; 0
    2298:	eb e5       	ldi	r30, 0x5B	; 91
    229a:	f0 e0       	ldi	r31, 0x00	; 0
    229c:	80 81       	ld	r24, Z
    229e:	80 62       	ori	r24, 0x20	; 32
    22a0:	8c 93       	st	X, r24
					switch(Copy_pstrEINT[Local_u8Iter].EINT_u8SenceLevel)
    22a2:	89 81       	ldd	r24, Y+1	; 0x01
    22a4:	88 2f       	mov	r24, r24
    22a6:	90 e0       	ldi	r25, 0x00	; 0
    22a8:	9c 01       	movw	r18, r24
    22aa:	22 0f       	add	r18, r18
    22ac:	33 1f       	adc	r19, r19
    22ae:	8b 81       	ldd	r24, Y+3	; 0x03
    22b0:	9c 81       	ldd	r25, Y+4	; 0x04
    22b2:	fc 01       	movw	r30, r24
    22b4:	e2 0f       	add	r30, r18
    22b6:	f3 1f       	adc	r31, r19
    22b8:	81 81       	ldd	r24, Z+1	; 0x01
    22ba:	28 2f       	mov	r18, r24
    22bc:	30 e0       	ldi	r19, 0x00	; 0
    22be:	3e 83       	std	Y+6, r19	; 0x06
    22c0:	2d 83       	std	Y+5, r18	; 0x05
    22c2:	8d 81       	ldd	r24, Y+5	; 0x05
    22c4:	9e 81       	ldd	r25, Y+6	; 0x06
    22c6:	83 30       	cpi	r24, 0x03	; 3
    22c8:	91 05       	cpc	r25, r1
    22ca:	69 f0       	breq	.+26     	; 0x22e6 <EINT_enuInit+0x286>
    22cc:	2d 81       	ldd	r18, Y+5	; 0x05
    22ce:	3e 81       	ldd	r19, Y+6	; 0x06
    22d0:	24 30       	cpi	r18, 0x04	; 4
    22d2:	31 05       	cpc	r19, r1
    22d4:	79 f4       	brne	.+30     	; 0x22f4 <EINT_enuInit+0x294>
					{
					case EINT_FALLING_EDGE:
						MCUCSR&=~(1<<6);
    22d6:	a4 e5       	ldi	r26, 0x54	; 84
    22d8:	b0 e0       	ldi	r27, 0x00	; 0
    22da:	e4 e5       	ldi	r30, 0x54	; 84
    22dc:	f0 e0       	ldi	r31, 0x00	; 0
    22de:	80 81       	ld	r24, Z
    22e0:	8f 7b       	andi	r24, 0xBF	; 191
    22e2:	8c 93       	st	X, r24
    22e4:	07 c0       	rjmp	.+14     	; 0x22f4 <EINT_enuInit+0x294>
						break;
					case EINT_RISING_EDGE:
						MCUCSR |=(1<<6);
    22e6:	a4 e5       	ldi	r26, 0x54	; 84
    22e8:	b0 e0       	ldi	r27, 0x00	; 0
    22ea:	e4 e5       	ldi	r30, 0x54	; 84
    22ec:	f0 e0       	ldi	r31, 0x00	; 0
    22ee:	80 81       	ld	r24, Z
    22f0:	80 64       	ori	r24, 0x40	; 64
    22f2:	8c 93       	st	X, r24
						break;
					}
					Local_enuErrorstate=ES_OK;
    22f4:	81 e0       	ldi	r24, 0x01	; 1
    22f6:	8a 83       	std	Y+2, r24	; 0x02
	ES_t Local_enuErrorstate=ES_NOK;

	if(Copy_pstrEINT!=NULL)
	{
		u8 Local_u8Iter=0;
		for(Local_u8Iter=0;Local_u8Iter<3;Local_u8Iter++)
    22f8:	89 81       	ldd	r24, Y+1	; 0x01
    22fa:	8f 5f       	subi	r24, 0xFF	; 255
    22fc:	89 83       	std	Y+1, r24	; 0x01
    22fe:	89 81       	ldd	r24, Y+1	; 0x01
    2300:	83 30       	cpi	r24, 0x03	; 3
    2302:	08 f4       	brcc	.+2      	; 0x2306 <EINT_enuInit+0x2a6>
    2304:	c2 ce       	rjmp	.-636    	; 0x208a <EINT_enuInit+0x2a>
    2306:	02 c0       	rjmp	.+4      	; 0x230c <EINT_enuInit+0x2ac>
			}
		}
	}
	else
	{
		Local_enuErrorstate=ES_NULL_POINTER;
    2308:	82 e0       	ldi	r24, 0x02	; 2
    230a:	8a 83       	std	Y+2, r24	; 0x02
	}

	return Local_enuErrorstate;
    230c:	8a 81       	ldd	r24, Y+2	; 0x02
}
    230e:	2c 96       	adiw	r28, 0x0c	; 12
    2310:	0f b6       	in	r0, 0x3f	; 63
    2312:	f8 94       	cli
    2314:	de bf       	out	0x3e, r29	; 62
    2316:	0f be       	out	0x3f, r0	; 63
    2318:	cd bf       	out	0x3d, r28	; 61
    231a:	cf 91       	pop	r28
    231c:	df 91       	pop	r29
    231e:	08 95       	ret

00002320 <EINT_enuEnableINT>:

ES_t EINT_enuEnableINT(u8 Copy_u8ID)
{
    2320:	df 93       	push	r29
    2322:	cf 93       	push	r28
    2324:	00 d0       	rcall	.+0      	; 0x2326 <EINT_enuEnableINT+0x6>
    2326:	00 d0       	rcall	.+0      	; 0x2328 <EINT_enuEnableINT+0x8>
    2328:	cd b7       	in	r28, 0x3d	; 61
    232a:	de b7       	in	r29, 0x3e	; 62
    232c:	8a 83       	std	Y+2, r24	; 0x02
	ES_t Local_enuErrorstate=ES_NOK;
    232e:	19 82       	std	Y+1, r1	; 0x01

	if(Copy_u8ID<3)
    2330:	8a 81       	ldd	r24, Y+2	; 0x02
    2332:	83 30       	cpi	r24, 0x03	; 3
    2334:	88 f5       	brcc	.+98     	; 0x2398 <EINT_enuEnableINT+0x78>
	{
		switch(Copy_u8ID)
    2336:	8a 81       	ldd	r24, Y+2	; 0x02
    2338:	28 2f       	mov	r18, r24
    233a:	30 e0       	ldi	r19, 0x00	; 0
    233c:	3c 83       	std	Y+4, r19	; 0x04
    233e:	2b 83       	std	Y+3, r18	; 0x03
    2340:	8b 81       	ldd	r24, Y+3	; 0x03
    2342:	9c 81       	ldd	r25, Y+4	; 0x04
    2344:	81 30       	cpi	r24, 0x01	; 1
    2346:	91 05       	cpc	r25, r1
    2348:	99 f0       	breq	.+38     	; 0x2370 <EINT_enuEnableINT+0x50>
    234a:	2b 81       	ldd	r18, Y+3	; 0x03
    234c:	3c 81       	ldd	r19, Y+4	; 0x04
    234e:	22 30       	cpi	r18, 0x02	; 2
    2350:	31 05       	cpc	r19, r1
    2352:	c1 f0       	breq	.+48     	; 0x2384 <EINT_enuEnableINT+0x64>
    2354:	8b 81       	ldd	r24, Y+3	; 0x03
    2356:	9c 81       	ldd	r25, Y+4	; 0x04
    2358:	00 97       	sbiw	r24, 0x00	; 0
    235a:	01 f5       	brne	.+64     	; 0x239c <EINT_enuEnableINT+0x7c>
		{
		case 0:
			GICR |=(1<<6);
    235c:	ab e5       	ldi	r26, 0x5B	; 91
    235e:	b0 e0       	ldi	r27, 0x00	; 0
    2360:	eb e5       	ldi	r30, 0x5B	; 91
    2362:	f0 e0       	ldi	r31, 0x00	; 0
    2364:	80 81       	ld	r24, Z
    2366:	80 64       	ori	r24, 0x40	; 64
    2368:	8c 93       	st	X, r24
			Local_enuErrorstate=ES_OK;
    236a:	81 e0       	ldi	r24, 0x01	; 1
    236c:	89 83       	std	Y+1, r24	; 0x01
    236e:	16 c0       	rjmp	.+44     	; 0x239c <EINT_enuEnableINT+0x7c>
			break;
		case 1:
			GICR |=(1<<7);
    2370:	ab e5       	ldi	r26, 0x5B	; 91
    2372:	b0 e0       	ldi	r27, 0x00	; 0
    2374:	eb e5       	ldi	r30, 0x5B	; 91
    2376:	f0 e0       	ldi	r31, 0x00	; 0
    2378:	80 81       	ld	r24, Z
    237a:	80 68       	ori	r24, 0x80	; 128
    237c:	8c 93       	st	X, r24
			Local_enuErrorstate=ES_OK;
    237e:	81 e0       	ldi	r24, 0x01	; 1
    2380:	89 83       	std	Y+1, r24	; 0x01
    2382:	0c c0       	rjmp	.+24     	; 0x239c <EINT_enuEnableINT+0x7c>
			break;
		case 2:
			GICR |=(1<<5);
    2384:	ab e5       	ldi	r26, 0x5B	; 91
    2386:	b0 e0       	ldi	r27, 0x00	; 0
    2388:	eb e5       	ldi	r30, 0x5B	; 91
    238a:	f0 e0       	ldi	r31, 0x00	; 0
    238c:	80 81       	ld	r24, Z
    238e:	80 62       	ori	r24, 0x20	; 32
    2390:	8c 93       	st	X, r24
			Local_enuErrorstate=ES_OK;
    2392:	81 e0       	ldi	r24, 0x01	; 1
    2394:	89 83       	std	Y+1, r24	; 0x01
    2396:	02 c0       	rjmp	.+4      	; 0x239c <EINT_enuEnableINT+0x7c>
			break;
		}
	}
	else
	{
		Local_enuErrorstate=ES_OUT_OF_RANGE;
    2398:	83 e0       	ldi	r24, 0x03	; 3
    239a:	89 83       	std	Y+1, r24	; 0x01
	}

	return Local_enuErrorstate;
    239c:	89 81       	ldd	r24, Y+1	; 0x01
}
    239e:	0f 90       	pop	r0
    23a0:	0f 90       	pop	r0
    23a2:	0f 90       	pop	r0
    23a4:	0f 90       	pop	r0
    23a6:	cf 91       	pop	r28
    23a8:	df 91       	pop	r29
    23aa:	08 95       	ret

000023ac <EINT_enuDisableINT>:

ES_t EINT_enuDisableINT(u8 Copy_u8ID)
{
    23ac:	df 93       	push	r29
    23ae:	cf 93       	push	r28
    23b0:	00 d0       	rcall	.+0      	; 0x23b2 <EINT_enuDisableINT+0x6>
    23b2:	00 d0       	rcall	.+0      	; 0x23b4 <EINT_enuDisableINT+0x8>
    23b4:	cd b7       	in	r28, 0x3d	; 61
    23b6:	de b7       	in	r29, 0x3e	; 62
    23b8:	8a 83       	std	Y+2, r24	; 0x02
	ES_t Local_enuErrorstate=ES_NOK;
    23ba:	19 82       	std	Y+1, r1	; 0x01

	if(Copy_u8ID<3)
    23bc:	8a 81       	ldd	r24, Y+2	; 0x02
    23be:	83 30       	cpi	r24, 0x03	; 3
    23c0:	88 f5       	brcc	.+98     	; 0x2424 <EINT_enuDisableINT+0x78>
	{
		switch(Copy_u8ID)
    23c2:	8a 81       	ldd	r24, Y+2	; 0x02
    23c4:	28 2f       	mov	r18, r24
    23c6:	30 e0       	ldi	r19, 0x00	; 0
    23c8:	3c 83       	std	Y+4, r19	; 0x04
    23ca:	2b 83       	std	Y+3, r18	; 0x03
    23cc:	8b 81       	ldd	r24, Y+3	; 0x03
    23ce:	9c 81       	ldd	r25, Y+4	; 0x04
    23d0:	81 30       	cpi	r24, 0x01	; 1
    23d2:	91 05       	cpc	r25, r1
    23d4:	99 f0       	breq	.+38     	; 0x23fc <EINT_enuDisableINT+0x50>
    23d6:	2b 81       	ldd	r18, Y+3	; 0x03
    23d8:	3c 81       	ldd	r19, Y+4	; 0x04
    23da:	22 30       	cpi	r18, 0x02	; 2
    23dc:	31 05       	cpc	r19, r1
    23de:	c1 f0       	breq	.+48     	; 0x2410 <EINT_enuDisableINT+0x64>
    23e0:	8b 81       	ldd	r24, Y+3	; 0x03
    23e2:	9c 81       	ldd	r25, Y+4	; 0x04
    23e4:	00 97       	sbiw	r24, 0x00	; 0
    23e6:	01 f5       	brne	.+64     	; 0x2428 <EINT_enuDisableINT+0x7c>
		{
		case 0:
			GICR &=~(1<<6);
    23e8:	ab e5       	ldi	r26, 0x5B	; 91
    23ea:	b0 e0       	ldi	r27, 0x00	; 0
    23ec:	eb e5       	ldi	r30, 0x5B	; 91
    23ee:	f0 e0       	ldi	r31, 0x00	; 0
    23f0:	80 81       	ld	r24, Z
    23f2:	8f 7b       	andi	r24, 0xBF	; 191
    23f4:	8c 93       	st	X, r24
			Local_enuErrorstate=ES_OK;
    23f6:	81 e0       	ldi	r24, 0x01	; 1
    23f8:	89 83       	std	Y+1, r24	; 0x01
    23fa:	16 c0       	rjmp	.+44     	; 0x2428 <EINT_enuDisableINT+0x7c>
			break;
		case 1:
			GICR &=~(1<<7);
    23fc:	ab e5       	ldi	r26, 0x5B	; 91
    23fe:	b0 e0       	ldi	r27, 0x00	; 0
    2400:	eb e5       	ldi	r30, 0x5B	; 91
    2402:	f0 e0       	ldi	r31, 0x00	; 0
    2404:	80 81       	ld	r24, Z
    2406:	8f 77       	andi	r24, 0x7F	; 127
    2408:	8c 93       	st	X, r24
			Local_enuErrorstate=ES_OK;
    240a:	81 e0       	ldi	r24, 0x01	; 1
    240c:	89 83       	std	Y+1, r24	; 0x01
    240e:	0c c0       	rjmp	.+24     	; 0x2428 <EINT_enuDisableINT+0x7c>
			break;
		case 2:
			GICR &=~(1<<5);
    2410:	ab e5       	ldi	r26, 0x5B	; 91
    2412:	b0 e0       	ldi	r27, 0x00	; 0
    2414:	eb e5       	ldi	r30, 0x5B	; 91
    2416:	f0 e0       	ldi	r31, 0x00	; 0
    2418:	80 81       	ld	r24, Z
    241a:	8f 7d       	andi	r24, 0xDF	; 223
    241c:	8c 93       	st	X, r24
			Local_enuErrorstate=ES_OK;
    241e:	81 e0       	ldi	r24, 0x01	; 1
    2420:	89 83       	std	Y+1, r24	; 0x01
    2422:	02 c0       	rjmp	.+4      	; 0x2428 <EINT_enuDisableINT+0x7c>
			break;
		}
	}
	else
	{
		Local_enuErrorstate=ES_OUT_OF_RANGE;
    2424:	83 e0       	ldi	r24, 0x03	; 3
    2426:	89 83       	std	Y+1, r24	; 0x01
	}

	return Local_enuErrorstate;
    2428:	89 81       	ldd	r24, Y+1	; 0x01
}
    242a:	0f 90       	pop	r0
    242c:	0f 90       	pop	r0
    242e:	0f 90       	pop	r0
    2430:	0f 90       	pop	r0
    2432:	cf 91       	pop	r28
    2434:	df 91       	pop	r29
    2436:	08 95       	ret

00002438 <EINT_enuSelectSenceLevel>:

ES_t EINT_enuSelectSenceLevel(u8 Copy_u8ID , u8 Copy_u8SenceLevel)
{
    2438:	df 93       	push	r29
    243a:	cf 93       	push	r28
    243c:	cd b7       	in	r28, 0x3d	; 61
    243e:	de b7       	in	r29, 0x3e	; 62
    2440:	2b 97       	sbiw	r28, 0x0b	; 11
    2442:	0f b6       	in	r0, 0x3f	; 63
    2444:	f8 94       	cli
    2446:	de bf       	out	0x3e, r29	; 62
    2448:	0f be       	out	0x3f, r0	; 63
    244a:	cd bf       	out	0x3d, r28	; 61
    244c:	8a 83       	std	Y+2, r24	; 0x02
    244e:	6b 83       	std	Y+3, r22	; 0x03
	ES_t Local_enuErrorstate=ES_NOK;
    2450:	19 82       	std	Y+1, r1	; 0x01

	if(Copy_u8ID<3)
    2452:	8a 81       	ldd	r24, Y+2	; 0x02
    2454:	83 30       	cpi	r24, 0x03	; 3
    2456:	08 f0       	brcs	.+2      	; 0x245a <EINT_enuSelectSenceLevel+0x22>
    2458:	f3 c0       	rjmp	.+486    	; 0x2640 <EINT_enuSelectSenceLevel+0x208>
	{
		switch(Copy_u8ID)
    245a:	8a 81       	ldd	r24, Y+2	; 0x02
    245c:	28 2f       	mov	r18, r24
    245e:	30 e0       	ldi	r19, 0x00	; 0
    2460:	3b 87       	std	Y+11, r19	; 0x0b
    2462:	2a 87       	std	Y+10, r18	; 0x0a
    2464:	8a 85       	ldd	r24, Y+10	; 0x0a
    2466:	9b 85       	ldd	r25, Y+11	; 0x0b
    2468:	81 30       	cpi	r24, 0x01	; 1
    246a:	91 05       	cpc	r25, r1
    246c:	09 f4       	brne	.+2      	; 0x2470 <EINT_enuSelectSenceLevel+0x38>
    246e:	69 c0       	rjmp	.+210    	; 0x2542 <EINT_enuSelectSenceLevel+0x10a>
    2470:	2a 85       	ldd	r18, Y+10	; 0x0a
    2472:	3b 85       	ldd	r19, Y+11	; 0x0b
    2474:	22 30       	cpi	r18, 0x02	; 2
    2476:	31 05       	cpc	r19, r1
    2478:	09 f4       	brne	.+2      	; 0x247c <EINT_enuSelectSenceLevel+0x44>
    247a:	c1 c0       	rjmp	.+386    	; 0x25fe <EINT_enuSelectSenceLevel+0x1c6>
    247c:	8a 85       	ldd	r24, Y+10	; 0x0a
    247e:	9b 85       	ldd	r25, Y+11	; 0x0b
    2480:	00 97       	sbiw	r24, 0x00	; 0
    2482:	09 f0       	breq	.+2      	; 0x2486 <EINT_enuSelectSenceLevel+0x4e>
    2484:	df c0       	rjmp	.+446    	; 0x2644 <EINT_enuSelectSenceLevel+0x20c>
		{
		case 0:
			switch(Copy_u8SenceLevel)
    2486:	8b 81       	ldd	r24, Y+3	; 0x03
    2488:	28 2f       	mov	r18, r24
    248a:	30 e0       	ldi	r19, 0x00	; 0
    248c:	39 87       	std	Y+9, r19	; 0x09
    248e:	28 87       	std	Y+8, r18	; 0x08
    2490:	88 85       	ldd	r24, Y+8	; 0x08
    2492:	99 85       	ldd	r25, Y+9	; 0x09
    2494:	82 30       	cpi	r24, 0x02	; 2
    2496:	91 05       	cpc	r25, r1
    2498:	29 f1       	breq	.+74     	; 0x24e4 <EINT_enuSelectSenceLevel+0xac>
    249a:	28 85       	ldd	r18, Y+8	; 0x08
    249c:	39 85       	ldd	r19, Y+9	; 0x09
    249e:	23 30       	cpi	r18, 0x03	; 3
    24a0:	31 05       	cpc	r19, r1
    24a2:	34 f4       	brge	.+12     	; 0x24b0 <EINT_enuSelectSenceLevel+0x78>
    24a4:	88 85       	ldd	r24, Y+8	; 0x08
    24a6:	99 85       	ldd	r25, Y+9	; 0x09
    24a8:	81 30       	cpi	r24, 0x01	; 1
    24aa:	91 05       	cpc	r25, r1
    24ac:	61 f0       	breq	.+24     	; 0x24c6 <EINT_enuSelectSenceLevel+0x8e>
    24ae:	46 c0       	rjmp	.+140    	; 0x253c <EINT_enuSelectSenceLevel+0x104>
    24b0:	28 85       	ldd	r18, Y+8	; 0x08
    24b2:	39 85       	ldd	r19, Y+9	; 0x09
    24b4:	23 30       	cpi	r18, 0x03	; 3
    24b6:	31 05       	cpc	r19, r1
    24b8:	99 f1       	breq	.+102    	; 0x2520 <EINT_enuSelectSenceLevel+0xe8>
    24ba:	88 85       	ldd	r24, Y+8	; 0x08
    24bc:	99 85       	ldd	r25, Y+9	; 0x09
    24be:	84 30       	cpi	r24, 0x04	; 4
    24c0:	91 05       	cpc	r25, r1
    24c2:	f9 f0       	breq	.+62     	; 0x2502 <EINT_enuSelectSenceLevel+0xca>
    24c4:	3b c0       	rjmp	.+118    	; 0x253c <EINT_enuSelectSenceLevel+0x104>
			{
			case EINT_LOW_LEVEL:
				MCUCR&=~(1<<1);
    24c6:	a5 e5       	ldi	r26, 0x55	; 85
    24c8:	b0 e0       	ldi	r27, 0x00	; 0
    24ca:	e5 e5       	ldi	r30, 0x55	; 85
    24cc:	f0 e0       	ldi	r31, 0x00	; 0
    24ce:	80 81       	ld	r24, Z
    24d0:	8d 7f       	andi	r24, 0xFD	; 253
    24d2:	8c 93       	st	X, r24
				MCUCR&=~(1<<0);
    24d4:	a5 e5       	ldi	r26, 0x55	; 85
    24d6:	b0 e0       	ldi	r27, 0x00	; 0
    24d8:	e5 e5       	ldi	r30, 0x55	; 85
    24da:	f0 e0       	ldi	r31, 0x00	; 0
    24dc:	80 81       	ld	r24, Z
    24de:	8e 7f       	andi	r24, 0xFE	; 254
    24e0:	8c 93       	st	X, r24
    24e2:	2c c0       	rjmp	.+88     	; 0x253c <EINT_enuSelectSenceLevel+0x104>
				break;
			case EINT_ANY_LOG_CHANGE:
				MCUCR&=~(1<<1);
    24e4:	a5 e5       	ldi	r26, 0x55	; 85
    24e6:	b0 e0       	ldi	r27, 0x00	; 0
    24e8:	e5 e5       	ldi	r30, 0x55	; 85
    24ea:	f0 e0       	ldi	r31, 0x00	; 0
    24ec:	80 81       	ld	r24, Z
    24ee:	8d 7f       	andi	r24, 0xFD	; 253
    24f0:	8c 93       	st	X, r24
				MCUCR |=(1<<0);
    24f2:	a5 e5       	ldi	r26, 0x55	; 85
    24f4:	b0 e0       	ldi	r27, 0x00	; 0
    24f6:	e5 e5       	ldi	r30, 0x55	; 85
    24f8:	f0 e0       	ldi	r31, 0x00	; 0
    24fa:	80 81       	ld	r24, Z
    24fc:	81 60       	ori	r24, 0x01	; 1
    24fe:	8c 93       	st	X, r24
    2500:	1d c0       	rjmp	.+58     	; 0x253c <EINT_enuSelectSenceLevel+0x104>
				break;
			case EINT_FALLING_EDGE:
				MCUCR |=(1<<1);
    2502:	a5 e5       	ldi	r26, 0x55	; 85
    2504:	b0 e0       	ldi	r27, 0x00	; 0
    2506:	e5 e5       	ldi	r30, 0x55	; 85
    2508:	f0 e0       	ldi	r31, 0x00	; 0
    250a:	80 81       	ld	r24, Z
    250c:	82 60       	ori	r24, 0x02	; 2
    250e:	8c 93       	st	X, r24
				MCUCR&=~(1<<0);
    2510:	a5 e5       	ldi	r26, 0x55	; 85
    2512:	b0 e0       	ldi	r27, 0x00	; 0
    2514:	e5 e5       	ldi	r30, 0x55	; 85
    2516:	f0 e0       	ldi	r31, 0x00	; 0
    2518:	80 81       	ld	r24, Z
    251a:	8e 7f       	andi	r24, 0xFE	; 254
    251c:	8c 93       	st	X, r24
    251e:	0e c0       	rjmp	.+28     	; 0x253c <EINT_enuSelectSenceLevel+0x104>
				break;
			case EINT_RISING_EDGE:
				MCUCR |=(1<<1);
    2520:	a5 e5       	ldi	r26, 0x55	; 85
    2522:	b0 e0       	ldi	r27, 0x00	; 0
    2524:	e5 e5       	ldi	r30, 0x55	; 85
    2526:	f0 e0       	ldi	r31, 0x00	; 0
    2528:	80 81       	ld	r24, Z
    252a:	82 60       	ori	r24, 0x02	; 2
    252c:	8c 93       	st	X, r24
				MCUCR |=(1<<0);
    252e:	a5 e5       	ldi	r26, 0x55	; 85
    2530:	b0 e0       	ldi	r27, 0x00	; 0
    2532:	e5 e5       	ldi	r30, 0x55	; 85
    2534:	f0 e0       	ldi	r31, 0x00	; 0
    2536:	80 81       	ld	r24, Z
    2538:	81 60       	ori	r24, 0x01	; 1
    253a:	8c 93       	st	X, r24
				break;
			}
			Local_enuErrorstate=ES_OK;
    253c:	81 e0       	ldi	r24, 0x01	; 1
    253e:	89 83       	std	Y+1, r24	; 0x01
    2540:	81 c0       	rjmp	.+258    	; 0x2644 <EINT_enuSelectSenceLevel+0x20c>
			break;
		case 1:
			switch(Copy_u8SenceLevel)
    2542:	8b 81       	ldd	r24, Y+3	; 0x03
    2544:	28 2f       	mov	r18, r24
    2546:	30 e0       	ldi	r19, 0x00	; 0
    2548:	3f 83       	std	Y+7, r19	; 0x07
    254a:	2e 83       	std	Y+6, r18	; 0x06
    254c:	8e 81       	ldd	r24, Y+6	; 0x06
    254e:	9f 81       	ldd	r25, Y+7	; 0x07
    2550:	82 30       	cpi	r24, 0x02	; 2
    2552:	91 05       	cpc	r25, r1
    2554:	29 f1       	breq	.+74     	; 0x25a0 <EINT_enuSelectSenceLevel+0x168>
    2556:	2e 81       	ldd	r18, Y+6	; 0x06
    2558:	3f 81       	ldd	r19, Y+7	; 0x07
    255a:	23 30       	cpi	r18, 0x03	; 3
    255c:	31 05       	cpc	r19, r1
    255e:	34 f4       	brge	.+12     	; 0x256c <EINT_enuSelectSenceLevel+0x134>
    2560:	8e 81       	ldd	r24, Y+6	; 0x06
    2562:	9f 81       	ldd	r25, Y+7	; 0x07
    2564:	81 30       	cpi	r24, 0x01	; 1
    2566:	91 05       	cpc	r25, r1
    2568:	61 f0       	breq	.+24     	; 0x2582 <EINT_enuSelectSenceLevel+0x14a>
    256a:	46 c0       	rjmp	.+140    	; 0x25f8 <EINT_enuSelectSenceLevel+0x1c0>
    256c:	2e 81       	ldd	r18, Y+6	; 0x06
    256e:	3f 81       	ldd	r19, Y+7	; 0x07
    2570:	23 30       	cpi	r18, 0x03	; 3
    2572:	31 05       	cpc	r19, r1
    2574:	99 f1       	breq	.+102    	; 0x25dc <EINT_enuSelectSenceLevel+0x1a4>
    2576:	8e 81       	ldd	r24, Y+6	; 0x06
    2578:	9f 81       	ldd	r25, Y+7	; 0x07
    257a:	84 30       	cpi	r24, 0x04	; 4
    257c:	91 05       	cpc	r25, r1
    257e:	f9 f0       	breq	.+62     	; 0x25be <EINT_enuSelectSenceLevel+0x186>
    2580:	3b c0       	rjmp	.+118    	; 0x25f8 <EINT_enuSelectSenceLevel+0x1c0>
			{
			case EINT_LOW_LEVEL:
				MCUCR&=~(1<<3);
    2582:	a5 e5       	ldi	r26, 0x55	; 85
    2584:	b0 e0       	ldi	r27, 0x00	; 0
    2586:	e5 e5       	ldi	r30, 0x55	; 85
    2588:	f0 e0       	ldi	r31, 0x00	; 0
    258a:	80 81       	ld	r24, Z
    258c:	87 7f       	andi	r24, 0xF7	; 247
    258e:	8c 93       	st	X, r24
				MCUCR&=~(1<<2);
    2590:	a5 e5       	ldi	r26, 0x55	; 85
    2592:	b0 e0       	ldi	r27, 0x00	; 0
    2594:	e5 e5       	ldi	r30, 0x55	; 85
    2596:	f0 e0       	ldi	r31, 0x00	; 0
    2598:	80 81       	ld	r24, Z
    259a:	8b 7f       	andi	r24, 0xFB	; 251
    259c:	8c 93       	st	X, r24
    259e:	2c c0       	rjmp	.+88     	; 0x25f8 <EINT_enuSelectSenceLevel+0x1c0>
				break;
			case EINT_ANY_LOG_CHANGE:
				MCUCR&=~(1<<3);
    25a0:	a5 e5       	ldi	r26, 0x55	; 85
    25a2:	b0 e0       	ldi	r27, 0x00	; 0
    25a4:	e5 e5       	ldi	r30, 0x55	; 85
    25a6:	f0 e0       	ldi	r31, 0x00	; 0
    25a8:	80 81       	ld	r24, Z
    25aa:	87 7f       	andi	r24, 0xF7	; 247
    25ac:	8c 93       	st	X, r24
				MCUCR |=(1<<2);
    25ae:	a5 e5       	ldi	r26, 0x55	; 85
    25b0:	b0 e0       	ldi	r27, 0x00	; 0
    25b2:	e5 e5       	ldi	r30, 0x55	; 85
    25b4:	f0 e0       	ldi	r31, 0x00	; 0
    25b6:	80 81       	ld	r24, Z
    25b8:	84 60       	ori	r24, 0x04	; 4
    25ba:	8c 93       	st	X, r24
    25bc:	1d c0       	rjmp	.+58     	; 0x25f8 <EINT_enuSelectSenceLevel+0x1c0>
				break;
			case EINT_FALLING_EDGE:
				MCUCR |=(1<<3);
    25be:	a5 e5       	ldi	r26, 0x55	; 85
    25c0:	b0 e0       	ldi	r27, 0x00	; 0
    25c2:	e5 e5       	ldi	r30, 0x55	; 85
    25c4:	f0 e0       	ldi	r31, 0x00	; 0
    25c6:	80 81       	ld	r24, Z
    25c8:	88 60       	ori	r24, 0x08	; 8
    25ca:	8c 93       	st	X, r24
				MCUCR&=~(1<<2);
    25cc:	a5 e5       	ldi	r26, 0x55	; 85
    25ce:	b0 e0       	ldi	r27, 0x00	; 0
    25d0:	e5 e5       	ldi	r30, 0x55	; 85
    25d2:	f0 e0       	ldi	r31, 0x00	; 0
    25d4:	80 81       	ld	r24, Z
    25d6:	8b 7f       	andi	r24, 0xFB	; 251
    25d8:	8c 93       	st	X, r24
    25da:	0e c0       	rjmp	.+28     	; 0x25f8 <EINT_enuSelectSenceLevel+0x1c0>
				break;
			case EINT_RISING_EDGE:
				MCUCR |=(1<<3);
    25dc:	a5 e5       	ldi	r26, 0x55	; 85
    25de:	b0 e0       	ldi	r27, 0x00	; 0
    25e0:	e5 e5       	ldi	r30, 0x55	; 85
    25e2:	f0 e0       	ldi	r31, 0x00	; 0
    25e4:	80 81       	ld	r24, Z
    25e6:	88 60       	ori	r24, 0x08	; 8
    25e8:	8c 93       	st	X, r24
				MCUCR |=(1<<2);
    25ea:	a5 e5       	ldi	r26, 0x55	; 85
    25ec:	b0 e0       	ldi	r27, 0x00	; 0
    25ee:	e5 e5       	ldi	r30, 0x55	; 85
    25f0:	f0 e0       	ldi	r31, 0x00	; 0
    25f2:	80 81       	ld	r24, Z
    25f4:	84 60       	ori	r24, 0x04	; 4
    25f6:	8c 93       	st	X, r24
				break;
			}
			Local_enuErrorstate=ES_OK;
    25f8:	81 e0       	ldi	r24, 0x01	; 1
    25fa:	89 83       	std	Y+1, r24	; 0x01
    25fc:	23 c0       	rjmp	.+70     	; 0x2644 <EINT_enuSelectSenceLevel+0x20c>
			break;
		case 2:
			switch(Copy_u8SenceLevel)
    25fe:	8b 81       	ldd	r24, Y+3	; 0x03
    2600:	28 2f       	mov	r18, r24
    2602:	30 e0       	ldi	r19, 0x00	; 0
    2604:	3d 83       	std	Y+5, r19	; 0x05
    2606:	2c 83       	std	Y+4, r18	; 0x04
    2608:	8c 81       	ldd	r24, Y+4	; 0x04
    260a:	9d 81       	ldd	r25, Y+5	; 0x05
    260c:	83 30       	cpi	r24, 0x03	; 3
    260e:	91 05       	cpc	r25, r1
    2610:	69 f0       	breq	.+26     	; 0x262c <EINT_enuSelectSenceLevel+0x1f4>
    2612:	2c 81       	ldd	r18, Y+4	; 0x04
    2614:	3d 81       	ldd	r19, Y+5	; 0x05
    2616:	24 30       	cpi	r18, 0x04	; 4
    2618:	31 05       	cpc	r19, r1
    261a:	79 f4       	brne	.+30     	; 0x263a <EINT_enuSelectSenceLevel+0x202>
			{
			case EINT_FALLING_EDGE:
				MCUCSR&=~(1<<6);
    261c:	a4 e5       	ldi	r26, 0x54	; 84
    261e:	b0 e0       	ldi	r27, 0x00	; 0
    2620:	e4 e5       	ldi	r30, 0x54	; 84
    2622:	f0 e0       	ldi	r31, 0x00	; 0
    2624:	80 81       	ld	r24, Z
    2626:	8f 7b       	andi	r24, 0xBF	; 191
    2628:	8c 93       	st	X, r24
    262a:	07 c0       	rjmp	.+14     	; 0x263a <EINT_enuSelectSenceLevel+0x202>
				break;
			case EINT_RISING_EDGE:
				MCUCSR |=(1<<6);
    262c:	a4 e5       	ldi	r26, 0x54	; 84
    262e:	b0 e0       	ldi	r27, 0x00	; 0
    2630:	e4 e5       	ldi	r30, 0x54	; 84
    2632:	f0 e0       	ldi	r31, 0x00	; 0
    2634:	80 81       	ld	r24, Z
    2636:	80 64       	ori	r24, 0x40	; 64
    2638:	8c 93       	st	X, r24
				break;
			}
			Local_enuErrorstate=ES_OK;
    263a:	81 e0       	ldi	r24, 0x01	; 1
    263c:	89 83       	std	Y+1, r24	; 0x01
    263e:	02 c0       	rjmp	.+4      	; 0x2644 <EINT_enuSelectSenceLevel+0x20c>
			break;
		}
	}
	else
	{
		Local_enuErrorstate=ES_OUT_OF_RANGE;
    2640:	83 e0       	ldi	r24, 0x03	; 3
    2642:	89 83       	std	Y+1, r24	; 0x01
	}

	return Local_enuErrorstate;
    2644:	89 81       	ldd	r24, Y+1	; 0x01
}
    2646:	2b 96       	adiw	r28, 0x0b	; 11
    2648:	0f b6       	in	r0, 0x3f	; 63
    264a:	f8 94       	cli
    264c:	de bf       	out	0x3e, r29	; 62
    264e:	0f be       	out	0x3f, r0	; 63
    2650:	cd bf       	out	0x3d, r28	; 61
    2652:	cf 91       	pop	r28
    2654:	df 91       	pop	r29
    2656:	08 95       	ret

00002658 <EINT_enuCallBack>:

ES_t EINT_enuCallBack(void *(Copy_pfun)(void *),void *Copy_pvoid,u8 Copy_u8ID)
{
    2658:	df 93       	push	r29
    265a:	cf 93       	push	r28
    265c:	00 d0       	rcall	.+0      	; 0x265e <EINT_enuCallBack+0x6>
    265e:	00 d0       	rcall	.+0      	; 0x2660 <EINT_enuCallBack+0x8>
    2660:	00 d0       	rcall	.+0      	; 0x2662 <EINT_enuCallBack+0xa>
    2662:	cd b7       	in	r28, 0x3d	; 61
    2664:	de b7       	in	r29, 0x3e	; 62
    2666:	9b 83       	std	Y+3, r25	; 0x03
    2668:	8a 83       	std	Y+2, r24	; 0x02
    266a:	7d 83       	std	Y+5, r23	; 0x05
    266c:	6c 83       	std	Y+4, r22	; 0x04
    266e:	4e 83       	std	Y+6, r20	; 0x06
	ES_t Local_enuErrorState=ES_NOK;
    2670:	19 82       	std	Y+1, r1	; 0x01

	if(Copy_pfun!=NULL)
    2672:	8a 81       	ldd	r24, Y+2	; 0x02
    2674:	9b 81       	ldd	r25, Y+3	; 0x03
    2676:	00 97       	sbiw	r24, 0x00	; 0
    2678:	09 f1       	breq	.+66     	; 0x26bc <EINT_enuCallBack+0x64>
	{
		if(Copy_u8ID<3)
    267a:	8e 81       	ldd	r24, Y+6	; 0x06
    267c:	83 30       	cpi	r24, 0x03	; 3
    267e:	d8 f4       	brcc	.+54     	; 0x26b6 <EINT_enuCallBack+0x5e>
		{
			EINT_pfunINT[Copy_u8ID]=Copy_pfun;
    2680:	8e 81       	ldd	r24, Y+6	; 0x06
    2682:	88 2f       	mov	r24, r24
    2684:	90 e0       	ldi	r25, 0x00	; 0
    2686:	2a 81       	ldd	r18, Y+2	; 0x02
    2688:	3b 81       	ldd	r19, Y+3	; 0x03
    268a:	88 0f       	add	r24, r24
    268c:	99 1f       	adc	r25, r25
    268e:	fc 01       	movw	r30, r24
    2690:	e6 5a       	subi	r30, 0xA6	; 166
    2692:	fd 4f       	sbci	r31, 0xFD	; 253
    2694:	31 83       	std	Z+1, r19	; 0x01
    2696:	20 83       	st	Z, r18
			EINT_ApvoidINT[Copy_u8ID]=Copy_pvoid;
    2698:	8e 81       	ldd	r24, Y+6	; 0x06
    269a:	88 2f       	mov	r24, r24
    269c:	90 e0       	ldi	r25, 0x00	; 0
    269e:	88 0f       	add	r24, r24
    26a0:	99 1f       	adc	r25, r25
    26a2:	fc 01       	movw	r30, r24
    26a4:	e0 5a       	subi	r30, 0xA0	; 160
    26a6:	fd 4f       	sbci	r31, 0xFD	; 253
    26a8:	8c 81       	ldd	r24, Y+4	; 0x04
    26aa:	9d 81       	ldd	r25, Y+5	; 0x05
    26ac:	91 83       	std	Z+1, r25	; 0x01
    26ae:	80 83       	st	Z, r24
			Local_enuErrorState=ES_OK;
    26b0:	81 e0       	ldi	r24, 0x01	; 1
    26b2:	89 83       	std	Y+1, r24	; 0x01
    26b4:	05 c0       	rjmp	.+10     	; 0x26c0 <EINT_enuCallBack+0x68>
		}
		else
		{
			Local_enuErrorState=ES_OUT_OF_RANGE;
    26b6:	83 e0       	ldi	r24, 0x03	; 3
    26b8:	89 83       	std	Y+1, r24	; 0x01
    26ba:	02 c0       	rjmp	.+4      	; 0x26c0 <EINT_enuCallBack+0x68>
		}
	}
	else
	{
		Local_enuErrorState=ES_NULL_POINTER;
    26bc:	82 e0       	ldi	r24, 0x02	; 2
    26be:	89 83       	std	Y+1, r24	; 0x01
	}

	return Local_enuErrorState;
    26c0:	89 81       	ldd	r24, Y+1	; 0x01
}
    26c2:	26 96       	adiw	r28, 0x06	; 6
    26c4:	0f b6       	in	r0, 0x3f	; 63
    26c6:	f8 94       	cli
    26c8:	de bf       	out	0x3e, r29	; 62
    26ca:	0f be       	out	0x3f, r0	; 63
    26cc:	cd bf       	out	0x3d, r28	; 61
    26ce:	cf 91       	pop	r28
    26d0:	df 91       	pop	r29
    26d2:	08 95       	ret

000026d4 <__vector_1>:

ISR(VECT_INT0)
{
    26d4:	1f 92       	push	r1
    26d6:	0f 92       	push	r0
    26d8:	0f b6       	in	r0, 0x3f	; 63
    26da:	0f 92       	push	r0
    26dc:	11 24       	eor	r1, r1
    26de:	2f 93       	push	r18
    26e0:	3f 93       	push	r19
    26e2:	4f 93       	push	r20
    26e4:	5f 93       	push	r21
    26e6:	6f 93       	push	r22
    26e8:	7f 93       	push	r23
    26ea:	8f 93       	push	r24
    26ec:	9f 93       	push	r25
    26ee:	af 93       	push	r26
    26f0:	bf 93       	push	r27
    26f2:	ef 93       	push	r30
    26f4:	ff 93       	push	r31
    26f6:	df 93       	push	r29
    26f8:	cf 93       	push	r28
    26fa:	cd b7       	in	r28, 0x3d	; 61
    26fc:	de b7       	in	r29, 0x3e	; 62
	if(EINT_pfunINT[0]!=NULL)
    26fe:	80 91 5a 02 	lds	r24, 0x025A
    2702:	90 91 5b 02 	lds	r25, 0x025B
    2706:	00 97       	sbiw	r24, 0x00	; 0
    2708:	49 f0       	breq	.+18     	; 0x271c <__vector_1+0x48>
	{
		EINT_pfunINT[0](EINT_ApvoidINT[0]);
    270a:	e0 91 5a 02 	lds	r30, 0x025A
    270e:	f0 91 5b 02 	lds	r31, 0x025B
    2712:	80 91 60 02 	lds	r24, 0x0260
    2716:	90 91 61 02 	lds	r25, 0x0261
    271a:	09 95       	icall
	}
}
    271c:	cf 91       	pop	r28
    271e:	df 91       	pop	r29
    2720:	ff 91       	pop	r31
    2722:	ef 91       	pop	r30
    2724:	bf 91       	pop	r27
    2726:	af 91       	pop	r26
    2728:	9f 91       	pop	r25
    272a:	8f 91       	pop	r24
    272c:	7f 91       	pop	r23
    272e:	6f 91       	pop	r22
    2730:	5f 91       	pop	r21
    2732:	4f 91       	pop	r20
    2734:	3f 91       	pop	r19
    2736:	2f 91       	pop	r18
    2738:	0f 90       	pop	r0
    273a:	0f be       	out	0x3f, r0	; 63
    273c:	0f 90       	pop	r0
    273e:	1f 90       	pop	r1
    2740:	18 95       	reti

00002742 <__vector_2>:
ISR(VECT_INT1)
{
    2742:	1f 92       	push	r1
    2744:	0f 92       	push	r0
    2746:	0f b6       	in	r0, 0x3f	; 63
    2748:	0f 92       	push	r0
    274a:	11 24       	eor	r1, r1
    274c:	2f 93       	push	r18
    274e:	3f 93       	push	r19
    2750:	4f 93       	push	r20
    2752:	5f 93       	push	r21
    2754:	6f 93       	push	r22
    2756:	7f 93       	push	r23
    2758:	8f 93       	push	r24
    275a:	9f 93       	push	r25
    275c:	af 93       	push	r26
    275e:	bf 93       	push	r27
    2760:	ef 93       	push	r30
    2762:	ff 93       	push	r31
    2764:	df 93       	push	r29
    2766:	cf 93       	push	r28
    2768:	cd b7       	in	r28, 0x3d	; 61
    276a:	de b7       	in	r29, 0x3e	; 62
	if(EINT_pfunINT[1]!=NULL)
    276c:	80 91 5c 02 	lds	r24, 0x025C
    2770:	90 91 5d 02 	lds	r25, 0x025D
    2774:	00 97       	sbiw	r24, 0x00	; 0
    2776:	49 f0       	breq	.+18     	; 0x278a <__vector_2+0x48>
	{
		EINT_pfunINT[1](EINT_ApvoidINT[1]);
    2778:	e0 91 5c 02 	lds	r30, 0x025C
    277c:	f0 91 5d 02 	lds	r31, 0x025D
    2780:	80 91 62 02 	lds	r24, 0x0262
    2784:	90 91 63 02 	lds	r25, 0x0263
    2788:	09 95       	icall
	}
}
    278a:	cf 91       	pop	r28
    278c:	df 91       	pop	r29
    278e:	ff 91       	pop	r31
    2790:	ef 91       	pop	r30
    2792:	bf 91       	pop	r27
    2794:	af 91       	pop	r26
    2796:	9f 91       	pop	r25
    2798:	8f 91       	pop	r24
    279a:	7f 91       	pop	r23
    279c:	6f 91       	pop	r22
    279e:	5f 91       	pop	r21
    27a0:	4f 91       	pop	r20
    27a2:	3f 91       	pop	r19
    27a4:	2f 91       	pop	r18
    27a6:	0f 90       	pop	r0
    27a8:	0f be       	out	0x3f, r0	; 63
    27aa:	0f 90       	pop	r0
    27ac:	1f 90       	pop	r1
    27ae:	18 95       	reti

000027b0 <__vector_3>:
ISR(VECT_INT2)
{
    27b0:	1f 92       	push	r1
    27b2:	0f 92       	push	r0
    27b4:	0f b6       	in	r0, 0x3f	; 63
    27b6:	0f 92       	push	r0
    27b8:	11 24       	eor	r1, r1
    27ba:	2f 93       	push	r18
    27bc:	3f 93       	push	r19
    27be:	4f 93       	push	r20
    27c0:	5f 93       	push	r21
    27c2:	6f 93       	push	r22
    27c4:	7f 93       	push	r23
    27c6:	8f 93       	push	r24
    27c8:	9f 93       	push	r25
    27ca:	af 93       	push	r26
    27cc:	bf 93       	push	r27
    27ce:	ef 93       	push	r30
    27d0:	ff 93       	push	r31
    27d2:	df 93       	push	r29
    27d4:	cf 93       	push	r28
    27d6:	cd b7       	in	r28, 0x3d	; 61
    27d8:	de b7       	in	r29, 0x3e	; 62
	if(EINT_pfunINT[2]!=NULL)
    27da:	80 91 5e 02 	lds	r24, 0x025E
    27de:	90 91 5f 02 	lds	r25, 0x025F
    27e2:	00 97       	sbiw	r24, 0x00	; 0
    27e4:	49 f0       	breq	.+18     	; 0x27f8 <__vector_3+0x48>
	{
		EINT_pfunINT[2](EINT_ApvoidINT[2]);
    27e6:	e0 91 5e 02 	lds	r30, 0x025E
    27ea:	f0 91 5f 02 	lds	r31, 0x025F
    27ee:	80 91 64 02 	lds	r24, 0x0264
    27f2:	90 91 65 02 	lds	r25, 0x0265
    27f6:	09 95       	icall
	}
}
    27f8:	cf 91       	pop	r28
    27fa:	df 91       	pop	r29
    27fc:	ff 91       	pop	r31
    27fe:	ef 91       	pop	r30
    2800:	bf 91       	pop	r27
    2802:	af 91       	pop	r26
    2804:	9f 91       	pop	r25
    2806:	8f 91       	pop	r24
    2808:	7f 91       	pop	r23
    280a:	6f 91       	pop	r22
    280c:	5f 91       	pop	r21
    280e:	4f 91       	pop	r20
    2810:	3f 91       	pop	r19
    2812:	2f 91       	pop	r18
    2814:	0f 90       	pop	r0
    2816:	0f be       	out	0x3f, r0	; 63
    2818:	0f 90       	pop	r0
    281a:	1f 90       	pop	r1
    281c:	18 95       	reti

0000281e <DIO_enuInit>:
#include "DIO_priv.h"
#include "DIO_config.h"


ES_t DIO_enuInit(void)
{
    281e:	df 93       	push	r29
    2820:	cf 93       	push	r28
    2822:	0f 92       	push	r0
    2824:	cd b7       	in	r28, 0x3d	; 61
    2826:	de b7       	in	r29, 0x3e	; 62
	ES_t Local_enuErrorstate=ES_NOK;
    2828:	19 82       	std	Y+1, r1	; 0x01

	DDRA= CONC(PA_PIN7_DIR,PA_PIN6_DIR,PA_PIN5_DIR,PA_PIN4_DIR,PA_PIN3_DIR,PA_PIN2_DIR,PA_PIN1_DIR,PA_PIN0_DIR);
    282a:	ea e3       	ldi	r30, 0x3A	; 58
    282c:	f0 e0       	ldi	r31, 0x00	; 0
    282e:	8f ef       	ldi	r24, 0xFF	; 255
    2830:	80 83       	st	Z, r24
	DDRB= CONC(PB_PIN7_DIR,PB_PIN6_DIR,PB_PIN5_DIR,PB_PIN4_DIR,PB_PIN3_DIR,PB_PIN2_DIR,PB_PIN1_DIR,PB_PIN0_DIR);
    2832:	e7 e3       	ldi	r30, 0x37	; 55
    2834:	f0 e0       	ldi	r31, 0x00	; 0
    2836:	86 e0       	ldi	r24, 0x06	; 6
    2838:	80 83       	st	Z, r24
	DDRC= CONC(PC_PIN7_DIR,PC_PIN6_DIR,PC_PIN5_DIR,PC_PIN4_DIR,PC_PIN3_DIR,PC_PIN2_DIR,PC_PIN1_DIR,PC_PIN0_DIR);
    283a:	e4 e3       	ldi	r30, 0x34	; 52
    283c:	f0 e0       	ldi	r31, 0x00	; 0
    283e:	87 e9       	ldi	r24, 0x97	; 151
    2840:	80 83       	st	Z, r24
	DDRD= CONC(PD_PIN7_DIR,PD_PIN6_DIR,PD_PIN5_DIR,PD_PIN4_DIR,PD_PIN3_DIR,PD_PIN2_DIR,PD_PIN1_DIR,PD_PIN0_DIR);
    2842:	e1 e3       	ldi	r30, 0x31	; 49
    2844:	f0 e0       	ldi	r31, 0x00	; 0
    2846:	8f e0       	ldi	r24, 0x0F	; 15
    2848:	80 83       	st	Z, r24

	PORTA= CONC(PA_PIN7_VAL,PA_PIN6_VAL,PA_PIN5_VAL,PA_PIN4_VAL,PA_PIN3_VAL,PA_PIN2_VAL,PA_PIN1_VAL,PA_PIN0_VAL);
    284a:	eb e3       	ldi	r30, 0x3B	; 59
    284c:	f0 e0       	ldi	r31, 0x00	; 0
    284e:	10 82       	st	Z, r1
	PORTB= CONC(PB_PIN7_VAL,PB_PIN6_VAL,PB_PIN5_VAL,PB_PIN4_VAL,PB_PIN3_VAL,PB_PIN2_VAL,PB_PIN1_VAL,PB_PIN0_VAL);
    2850:	e8 e3       	ldi	r30, 0x38	; 56
    2852:	f0 e0       	ldi	r31, 0x00	; 0
    2854:	8a ef       	ldi	r24, 0xFA	; 250
    2856:	80 83       	st	Z, r24
	PORTC= CONC(PC_PIN7_VAL,PC_PIN6_VAL,PC_PIN5_VAL,PC_PIN4_VAL,PC_PIN3_VAL,PC_PIN2_VAL,PC_PIN1_VAL,PC_PIN0_VAL);
    2858:	e5 e3       	ldi	r30, 0x35	; 53
    285a:	f0 e0       	ldi	r31, 0x00	; 0
    285c:	88 e5       	ldi	r24, 0x58	; 88
    285e:	80 83       	st	Z, r24
	PORTD= CONC(PD_PIN7_VAL,PD_PIN6_VAL,PD_PIN5_VAL,PD_PIN4_VAL,PD_PIN3_VAL,PD_PIN2_VAL,PD_PIN1_VAL,PD_PIN0_VAL);
    2860:	e2 e3       	ldi	r30, 0x32	; 50
    2862:	f0 e0       	ldi	r31, 0x00	; 0
    2864:	8f ef       	ldi	r24, 0xFF	; 255
    2866:	80 83       	st	Z, r24

	Local_enuErrorstate=ES_OK;
    2868:	81 e0       	ldi	r24, 0x01	; 1
    286a:	89 83       	std	Y+1, r24	; 0x01

	return Local_enuErrorstate;
    286c:	89 81       	ldd	r24, Y+1	; 0x01
}
    286e:	0f 90       	pop	r0
    2870:	cf 91       	pop	r28
    2872:	df 91       	pop	r29
    2874:	08 95       	ret

00002876 <DIO_enuSetPortDirection>:

ES_t DIO_enuSetPortDirection(u8 Copy_u8PortID ,u8 Copy_u8Value)
{
    2876:	df 93       	push	r29
    2878:	cf 93       	push	r28
    287a:	00 d0       	rcall	.+0      	; 0x287c <DIO_enuSetPortDirection+0x6>
    287c:	00 d0       	rcall	.+0      	; 0x287e <DIO_enuSetPortDirection+0x8>
    287e:	0f 92       	push	r0
    2880:	cd b7       	in	r28, 0x3d	; 61
    2882:	de b7       	in	r29, 0x3e	; 62
    2884:	8a 83       	std	Y+2, r24	; 0x02
    2886:	6b 83       	std	Y+3, r22	; 0x03
	ES_t Local_enuErrorstate=ES_NOK;
    2888:	19 82       	std	Y+1, r1	; 0x01

	if( Copy_u8PortID <= DIO_PORTD)
    288a:	8a 81       	ldd	r24, Y+2	; 0x02
    288c:	84 30       	cpi	r24, 0x04	; 4
    288e:	a8 f5       	brcc	.+106    	; 0x28fa <DIO_enuSetPortDirection+0x84>
	{
		switch(Copy_u8PortID)
    2890:	8a 81       	ldd	r24, Y+2	; 0x02
    2892:	28 2f       	mov	r18, r24
    2894:	30 e0       	ldi	r19, 0x00	; 0
    2896:	3d 83       	std	Y+5, r19	; 0x05
    2898:	2c 83       	std	Y+4, r18	; 0x04
    289a:	8c 81       	ldd	r24, Y+4	; 0x04
    289c:	9d 81       	ldd	r25, Y+5	; 0x05
    289e:	81 30       	cpi	r24, 0x01	; 1
    28a0:	91 05       	cpc	r25, r1
    28a2:	d1 f0       	breq	.+52     	; 0x28d8 <DIO_enuSetPortDirection+0x62>
    28a4:	2c 81       	ldd	r18, Y+4	; 0x04
    28a6:	3d 81       	ldd	r19, Y+5	; 0x05
    28a8:	22 30       	cpi	r18, 0x02	; 2
    28aa:	31 05       	cpc	r19, r1
    28ac:	2c f4       	brge	.+10     	; 0x28b8 <DIO_enuSetPortDirection+0x42>
    28ae:	8c 81       	ldd	r24, Y+4	; 0x04
    28b0:	9d 81       	ldd	r25, Y+5	; 0x05
    28b2:	00 97       	sbiw	r24, 0x00	; 0
    28b4:	61 f0       	breq	.+24     	; 0x28ce <DIO_enuSetPortDirection+0x58>
    28b6:	1e c0       	rjmp	.+60     	; 0x28f4 <DIO_enuSetPortDirection+0x7e>
    28b8:	2c 81       	ldd	r18, Y+4	; 0x04
    28ba:	3d 81       	ldd	r19, Y+5	; 0x05
    28bc:	22 30       	cpi	r18, 0x02	; 2
    28be:	31 05       	cpc	r19, r1
    28c0:	81 f0       	breq	.+32     	; 0x28e2 <DIO_enuSetPortDirection+0x6c>
    28c2:	8c 81       	ldd	r24, Y+4	; 0x04
    28c4:	9d 81       	ldd	r25, Y+5	; 0x05
    28c6:	83 30       	cpi	r24, 0x03	; 3
    28c8:	91 05       	cpc	r25, r1
    28ca:	81 f0       	breq	.+32     	; 0x28ec <DIO_enuSetPortDirection+0x76>
    28cc:	13 c0       	rjmp	.+38     	; 0x28f4 <DIO_enuSetPortDirection+0x7e>
		{
		case DIO_PORTA:
			DDRA=Copy_u8Value;
    28ce:	ea e3       	ldi	r30, 0x3A	; 58
    28d0:	f0 e0       	ldi	r31, 0x00	; 0
    28d2:	8b 81       	ldd	r24, Y+3	; 0x03
    28d4:	80 83       	st	Z, r24
    28d6:	0e c0       	rjmp	.+28     	; 0x28f4 <DIO_enuSetPortDirection+0x7e>
			break;
		case DIO_PORTB:
			DDRB=Copy_u8Value;
    28d8:	e7 e3       	ldi	r30, 0x37	; 55
    28da:	f0 e0       	ldi	r31, 0x00	; 0
    28dc:	8b 81       	ldd	r24, Y+3	; 0x03
    28de:	80 83       	st	Z, r24
    28e0:	09 c0       	rjmp	.+18     	; 0x28f4 <DIO_enuSetPortDirection+0x7e>
			break;
		case DIO_PORTC:
			DDRC=Copy_u8Value;
    28e2:	e4 e3       	ldi	r30, 0x34	; 52
    28e4:	f0 e0       	ldi	r31, 0x00	; 0
    28e6:	8b 81       	ldd	r24, Y+3	; 0x03
    28e8:	80 83       	st	Z, r24
    28ea:	04 c0       	rjmp	.+8      	; 0x28f4 <DIO_enuSetPortDirection+0x7e>
			break;
		case DIO_PORTD:
			DDRD=Copy_u8Value;
    28ec:	e1 e3       	ldi	r30, 0x31	; 49
    28ee:	f0 e0       	ldi	r31, 0x00	; 0
    28f0:	8b 81       	ldd	r24, Y+3	; 0x03
    28f2:	80 83       	st	Z, r24
			break;
		}
		 Local_enuErrorstate=ES_OK;
    28f4:	81 e0       	ldi	r24, 0x01	; 1
    28f6:	89 83       	std	Y+1, r24	; 0x01
    28f8:	02 c0       	rjmp	.+4      	; 0x28fe <DIO_enuSetPortDirection+0x88>
	}
	else
	{
		Local_enuErrorstate=ES_OUT_OF_RANGE;
    28fa:	83 e0       	ldi	r24, 0x03	; 3
    28fc:	89 83       	std	Y+1, r24	; 0x01
	}

	return Local_enuErrorstate;
    28fe:	89 81       	ldd	r24, Y+1	; 0x01
}
    2900:	0f 90       	pop	r0
    2902:	0f 90       	pop	r0
    2904:	0f 90       	pop	r0
    2906:	0f 90       	pop	r0
    2908:	0f 90       	pop	r0
    290a:	cf 91       	pop	r28
    290c:	df 91       	pop	r29
    290e:	08 95       	ret

00002910 <DIO_enuSetPortValue>:

ES_t DIO_enuSetPortValue(u8 Copy_u8PortID ,u8 Copy_u8Value)
{
    2910:	df 93       	push	r29
    2912:	cf 93       	push	r28
    2914:	00 d0       	rcall	.+0      	; 0x2916 <DIO_enuSetPortValue+0x6>
    2916:	00 d0       	rcall	.+0      	; 0x2918 <DIO_enuSetPortValue+0x8>
    2918:	0f 92       	push	r0
    291a:	cd b7       	in	r28, 0x3d	; 61
    291c:	de b7       	in	r29, 0x3e	; 62
    291e:	8a 83       	std	Y+2, r24	; 0x02
    2920:	6b 83       	std	Y+3, r22	; 0x03
	ES_t Local_enuErrorstate=ES_NOK;
    2922:	19 82       	std	Y+1, r1	; 0x01
	if( Copy_u8PortID <= DIO_PORTD)
    2924:	8a 81       	ldd	r24, Y+2	; 0x02
    2926:	84 30       	cpi	r24, 0x04	; 4
    2928:	a8 f5       	brcc	.+106    	; 0x2994 <DIO_enuSetPortValue+0x84>
	{
		switch(Copy_u8PortID)
    292a:	8a 81       	ldd	r24, Y+2	; 0x02
    292c:	28 2f       	mov	r18, r24
    292e:	30 e0       	ldi	r19, 0x00	; 0
    2930:	3d 83       	std	Y+5, r19	; 0x05
    2932:	2c 83       	std	Y+4, r18	; 0x04
    2934:	8c 81       	ldd	r24, Y+4	; 0x04
    2936:	9d 81       	ldd	r25, Y+5	; 0x05
    2938:	81 30       	cpi	r24, 0x01	; 1
    293a:	91 05       	cpc	r25, r1
    293c:	d1 f0       	breq	.+52     	; 0x2972 <DIO_enuSetPortValue+0x62>
    293e:	2c 81       	ldd	r18, Y+4	; 0x04
    2940:	3d 81       	ldd	r19, Y+5	; 0x05
    2942:	22 30       	cpi	r18, 0x02	; 2
    2944:	31 05       	cpc	r19, r1
    2946:	2c f4       	brge	.+10     	; 0x2952 <DIO_enuSetPortValue+0x42>
    2948:	8c 81       	ldd	r24, Y+4	; 0x04
    294a:	9d 81       	ldd	r25, Y+5	; 0x05
    294c:	00 97       	sbiw	r24, 0x00	; 0
    294e:	61 f0       	breq	.+24     	; 0x2968 <DIO_enuSetPortValue+0x58>
    2950:	1e c0       	rjmp	.+60     	; 0x298e <DIO_enuSetPortValue+0x7e>
    2952:	2c 81       	ldd	r18, Y+4	; 0x04
    2954:	3d 81       	ldd	r19, Y+5	; 0x05
    2956:	22 30       	cpi	r18, 0x02	; 2
    2958:	31 05       	cpc	r19, r1
    295a:	81 f0       	breq	.+32     	; 0x297c <DIO_enuSetPortValue+0x6c>
    295c:	8c 81       	ldd	r24, Y+4	; 0x04
    295e:	9d 81       	ldd	r25, Y+5	; 0x05
    2960:	83 30       	cpi	r24, 0x03	; 3
    2962:	91 05       	cpc	r25, r1
    2964:	81 f0       	breq	.+32     	; 0x2986 <DIO_enuSetPortValue+0x76>
    2966:	13 c0       	rjmp	.+38     	; 0x298e <DIO_enuSetPortValue+0x7e>
		{
		case DIO_PORTA:
			PORTA=Copy_u8Value;
    2968:	eb e3       	ldi	r30, 0x3B	; 59
    296a:	f0 e0       	ldi	r31, 0x00	; 0
    296c:	8b 81       	ldd	r24, Y+3	; 0x03
    296e:	80 83       	st	Z, r24
    2970:	0e c0       	rjmp	.+28     	; 0x298e <DIO_enuSetPortValue+0x7e>
			break;
		case DIO_PORTB:
			PORTB=Copy_u8Value;
    2972:	e8 e3       	ldi	r30, 0x38	; 56
    2974:	f0 e0       	ldi	r31, 0x00	; 0
    2976:	8b 81       	ldd	r24, Y+3	; 0x03
    2978:	80 83       	st	Z, r24
    297a:	09 c0       	rjmp	.+18     	; 0x298e <DIO_enuSetPortValue+0x7e>
			break;
		case DIO_PORTC:
			PORTC=Copy_u8Value;
    297c:	e5 e3       	ldi	r30, 0x35	; 53
    297e:	f0 e0       	ldi	r31, 0x00	; 0
    2980:	8b 81       	ldd	r24, Y+3	; 0x03
    2982:	80 83       	st	Z, r24
    2984:	04 c0       	rjmp	.+8      	; 0x298e <DIO_enuSetPortValue+0x7e>
			break;
		case DIO_PORTD:
			PORTD=Copy_u8Value;
    2986:	e2 e3       	ldi	r30, 0x32	; 50
    2988:	f0 e0       	ldi	r31, 0x00	; 0
    298a:	8b 81       	ldd	r24, Y+3	; 0x03
    298c:	80 83       	st	Z, r24
			break;
		}
		 Local_enuErrorstate=ES_OK;
    298e:	81 e0       	ldi	r24, 0x01	; 1
    2990:	89 83       	std	Y+1, r24	; 0x01
    2992:	02 c0       	rjmp	.+4      	; 0x2998 <DIO_enuSetPortValue+0x88>
	}
	else
	{
		Local_enuErrorstate=ES_OUT_OF_RANGE;
    2994:	83 e0       	ldi	r24, 0x03	; 3
    2996:	89 83       	std	Y+1, r24	; 0x01
	}


	return Local_enuErrorstate;
    2998:	89 81       	ldd	r24, Y+1	; 0x01
}
    299a:	0f 90       	pop	r0
    299c:	0f 90       	pop	r0
    299e:	0f 90       	pop	r0
    29a0:	0f 90       	pop	r0
    29a2:	0f 90       	pop	r0
    29a4:	cf 91       	pop	r28
    29a6:	df 91       	pop	r29
    29a8:	08 95       	ret

000029aa <DIO_enuTogPortValue>:

ES_t DIO_enuTogPortValue(u8 Copy_u8PortID )
{
    29aa:	df 93       	push	r29
    29ac:	cf 93       	push	r28
    29ae:	00 d0       	rcall	.+0      	; 0x29b0 <DIO_enuTogPortValue+0x6>
    29b0:	00 d0       	rcall	.+0      	; 0x29b2 <DIO_enuTogPortValue+0x8>
    29b2:	cd b7       	in	r28, 0x3d	; 61
    29b4:	de b7       	in	r29, 0x3e	; 62
    29b6:	8a 83       	std	Y+2, r24	; 0x02
	ES_t Local_enuErrorstate=ES_NOK;
    29b8:	19 82       	std	Y+1, r1	; 0x01
	if( Copy_u8PortID <= DIO_PORTD)
    29ba:	8a 81       	ldd	r24, Y+2	; 0x02
    29bc:	84 30       	cpi	r24, 0x04	; 4
    29be:	08 f0       	brcs	.+2      	; 0x29c2 <DIO_enuTogPortValue+0x18>
    29c0:	41 c0       	rjmp	.+130    	; 0x2a44 <DIO_enuTogPortValue+0x9a>
	{
		switch(Copy_u8PortID)
    29c2:	8a 81       	ldd	r24, Y+2	; 0x02
    29c4:	28 2f       	mov	r18, r24
    29c6:	30 e0       	ldi	r19, 0x00	; 0
    29c8:	3c 83       	std	Y+4, r19	; 0x04
    29ca:	2b 83       	std	Y+3, r18	; 0x03
    29cc:	8b 81       	ldd	r24, Y+3	; 0x03
    29ce:	9c 81       	ldd	r25, Y+4	; 0x04
    29d0:	81 30       	cpi	r24, 0x01	; 1
    29d2:	91 05       	cpc	r25, r1
    29d4:	e9 f0       	breq	.+58     	; 0x2a10 <DIO_enuTogPortValue+0x66>
    29d6:	2b 81       	ldd	r18, Y+3	; 0x03
    29d8:	3c 81       	ldd	r19, Y+4	; 0x04
    29da:	22 30       	cpi	r18, 0x02	; 2
    29dc:	31 05       	cpc	r19, r1
    29de:	2c f4       	brge	.+10     	; 0x29ea <DIO_enuTogPortValue+0x40>
    29e0:	8b 81       	ldd	r24, Y+3	; 0x03
    29e2:	9c 81       	ldd	r25, Y+4	; 0x04
    29e4:	00 97       	sbiw	r24, 0x00	; 0
    29e6:	61 f0       	breq	.+24     	; 0x2a00 <DIO_enuTogPortValue+0x56>
    29e8:	2a c0       	rjmp	.+84     	; 0x2a3e <DIO_enuTogPortValue+0x94>
    29ea:	2b 81       	ldd	r18, Y+3	; 0x03
    29ec:	3c 81       	ldd	r19, Y+4	; 0x04
    29ee:	22 30       	cpi	r18, 0x02	; 2
    29f0:	31 05       	cpc	r19, r1
    29f2:	b1 f0       	breq	.+44     	; 0x2a20 <DIO_enuTogPortValue+0x76>
    29f4:	8b 81       	ldd	r24, Y+3	; 0x03
    29f6:	9c 81       	ldd	r25, Y+4	; 0x04
    29f8:	83 30       	cpi	r24, 0x03	; 3
    29fa:	91 05       	cpc	r25, r1
    29fc:	c9 f0       	breq	.+50     	; 0x2a30 <DIO_enuTogPortValue+0x86>
    29fe:	1f c0       	rjmp	.+62     	; 0x2a3e <DIO_enuTogPortValue+0x94>
		{
		case DIO_PORTA:
			PORTA=~PORTA;
    2a00:	ab e3       	ldi	r26, 0x3B	; 59
    2a02:	b0 e0       	ldi	r27, 0x00	; 0
    2a04:	eb e3       	ldi	r30, 0x3B	; 59
    2a06:	f0 e0       	ldi	r31, 0x00	; 0
    2a08:	80 81       	ld	r24, Z
    2a0a:	80 95       	com	r24
    2a0c:	8c 93       	st	X, r24
    2a0e:	17 c0       	rjmp	.+46     	; 0x2a3e <DIO_enuTogPortValue+0x94>
			break;
		case DIO_PORTB:
			PORTB=~PORTB;
    2a10:	a8 e3       	ldi	r26, 0x38	; 56
    2a12:	b0 e0       	ldi	r27, 0x00	; 0
    2a14:	e8 e3       	ldi	r30, 0x38	; 56
    2a16:	f0 e0       	ldi	r31, 0x00	; 0
    2a18:	80 81       	ld	r24, Z
    2a1a:	80 95       	com	r24
    2a1c:	8c 93       	st	X, r24
    2a1e:	0f c0       	rjmp	.+30     	; 0x2a3e <DIO_enuTogPortValue+0x94>
			break;
		case DIO_PORTC:
			PORTC=~PORTC;
    2a20:	a5 e3       	ldi	r26, 0x35	; 53
    2a22:	b0 e0       	ldi	r27, 0x00	; 0
    2a24:	e5 e3       	ldi	r30, 0x35	; 53
    2a26:	f0 e0       	ldi	r31, 0x00	; 0
    2a28:	80 81       	ld	r24, Z
    2a2a:	80 95       	com	r24
    2a2c:	8c 93       	st	X, r24
    2a2e:	07 c0       	rjmp	.+14     	; 0x2a3e <DIO_enuTogPortValue+0x94>
			break;
		case DIO_PORTD:
			PORTD=~PORTD;
    2a30:	a2 e3       	ldi	r26, 0x32	; 50
    2a32:	b0 e0       	ldi	r27, 0x00	; 0
    2a34:	e2 e3       	ldi	r30, 0x32	; 50
    2a36:	f0 e0       	ldi	r31, 0x00	; 0
    2a38:	80 81       	ld	r24, Z
    2a3a:	80 95       	com	r24
    2a3c:	8c 93       	st	X, r24
			break;
		}
		 Local_enuErrorstate=ES_OK;
    2a3e:	81 e0       	ldi	r24, 0x01	; 1
    2a40:	89 83       	std	Y+1, r24	; 0x01
    2a42:	02 c0       	rjmp	.+4      	; 0x2a48 <DIO_enuTogPortValue+0x9e>
	}
	else
	{
		Local_enuErrorstate=ES_OUT_OF_RANGE;
    2a44:	83 e0       	ldi	r24, 0x03	; 3
    2a46:	89 83       	std	Y+1, r24	; 0x01
	}


	return Local_enuErrorstate;
    2a48:	89 81       	ldd	r24, Y+1	; 0x01
}
    2a4a:	0f 90       	pop	r0
    2a4c:	0f 90       	pop	r0
    2a4e:	0f 90       	pop	r0
    2a50:	0f 90       	pop	r0
    2a52:	cf 91       	pop	r28
    2a54:	df 91       	pop	r29
    2a56:	08 95       	ret

00002a58 <DIO_enuGetPortValue>:

ES_t DIO_enuGetPortValue(u8 Copy_u8PortID ,u8* Copy_pu8Value)
{
    2a58:	df 93       	push	r29
    2a5a:	cf 93       	push	r28
    2a5c:	00 d0       	rcall	.+0      	; 0x2a5e <DIO_enuGetPortValue+0x6>
    2a5e:	00 d0       	rcall	.+0      	; 0x2a60 <DIO_enuGetPortValue+0x8>
    2a60:	00 d0       	rcall	.+0      	; 0x2a62 <DIO_enuGetPortValue+0xa>
    2a62:	cd b7       	in	r28, 0x3d	; 61
    2a64:	de b7       	in	r29, 0x3e	; 62
    2a66:	8a 83       	std	Y+2, r24	; 0x02
    2a68:	7c 83       	std	Y+4, r23	; 0x04
    2a6a:	6b 83       	std	Y+3, r22	; 0x03
	ES_t Local_enuErrorstate=ES_NOK;
    2a6c:	19 82       	std	Y+1, r1	; 0x01

	if(Copy_pu8Value !=NULL)
    2a6e:	8b 81       	ldd	r24, Y+3	; 0x03
    2a70:	9c 81       	ldd	r25, Y+4	; 0x04
    2a72:	00 97       	sbiw	r24, 0x00	; 0
    2a74:	09 f4       	brne	.+2      	; 0x2a78 <DIO_enuGetPortValue+0x20>
    2a76:	41 c0       	rjmp	.+130    	; 0x2afa <DIO_enuGetPortValue+0xa2>
	{
		if( Copy_u8PortID <= DIO_PORTD)
    2a78:	8a 81       	ldd	r24, Y+2	; 0x02
    2a7a:	84 30       	cpi	r24, 0x04	; 4
    2a7c:	d8 f5       	brcc	.+118    	; 0x2af4 <DIO_enuGetPortValue+0x9c>
		{
			switch(Copy_u8PortID)
    2a7e:	8a 81       	ldd	r24, Y+2	; 0x02
    2a80:	28 2f       	mov	r18, r24
    2a82:	30 e0       	ldi	r19, 0x00	; 0
    2a84:	3e 83       	std	Y+6, r19	; 0x06
    2a86:	2d 83       	std	Y+5, r18	; 0x05
    2a88:	8d 81       	ldd	r24, Y+5	; 0x05
    2a8a:	9e 81       	ldd	r25, Y+6	; 0x06
    2a8c:	81 30       	cpi	r24, 0x01	; 1
    2a8e:	91 05       	cpc	r25, r1
    2a90:	e1 f0       	breq	.+56     	; 0x2aca <DIO_enuGetPortValue+0x72>
    2a92:	2d 81       	ldd	r18, Y+5	; 0x05
    2a94:	3e 81       	ldd	r19, Y+6	; 0x06
    2a96:	22 30       	cpi	r18, 0x02	; 2
    2a98:	31 05       	cpc	r19, r1
    2a9a:	2c f4       	brge	.+10     	; 0x2aa6 <DIO_enuGetPortValue+0x4e>
    2a9c:	8d 81       	ldd	r24, Y+5	; 0x05
    2a9e:	9e 81       	ldd	r25, Y+6	; 0x06
    2aa0:	00 97       	sbiw	r24, 0x00	; 0
    2aa2:	61 f0       	breq	.+24     	; 0x2abc <DIO_enuGetPortValue+0x64>
    2aa4:	2c c0       	rjmp	.+88     	; 0x2afe <DIO_enuGetPortValue+0xa6>
    2aa6:	2d 81       	ldd	r18, Y+5	; 0x05
    2aa8:	3e 81       	ldd	r19, Y+6	; 0x06
    2aaa:	22 30       	cpi	r18, 0x02	; 2
    2aac:	31 05       	cpc	r19, r1
    2aae:	a1 f0       	breq	.+40     	; 0x2ad8 <DIO_enuGetPortValue+0x80>
    2ab0:	8d 81       	ldd	r24, Y+5	; 0x05
    2ab2:	9e 81       	ldd	r25, Y+6	; 0x06
    2ab4:	83 30       	cpi	r24, 0x03	; 3
    2ab6:	91 05       	cpc	r25, r1
    2ab8:	b1 f0       	breq	.+44     	; 0x2ae6 <DIO_enuGetPortValue+0x8e>
    2aba:	21 c0       	rjmp	.+66     	; 0x2afe <DIO_enuGetPortValue+0xa6>
			{
			case DIO_PORTA:
				*Copy_pu8Value=PINA;
    2abc:	e9 e3       	ldi	r30, 0x39	; 57
    2abe:	f0 e0       	ldi	r31, 0x00	; 0
    2ac0:	80 81       	ld	r24, Z
    2ac2:	eb 81       	ldd	r30, Y+3	; 0x03
    2ac4:	fc 81       	ldd	r31, Y+4	; 0x04
    2ac6:	80 83       	st	Z, r24
    2ac8:	1a c0       	rjmp	.+52     	; 0x2afe <DIO_enuGetPortValue+0xa6>
				break;
			case DIO_PORTB:
				*Copy_pu8Value=PINB;
    2aca:	e6 e3       	ldi	r30, 0x36	; 54
    2acc:	f0 e0       	ldi	r31, 0x00	; 0
    2ace:	80 81       	ld	r24, Z
    2ad0:	eb 81       	ldd	r30, Y+3	; 0x03
    2ad2:	fc 81       	ldd	r31, Y+4	; 0x04
    2ad4:	80 83       	st	Z, r24
    2ad6:	13 c0       	rjmp	.+38     	; 0x2afe <DIO_enuGetPortValue+0xa6>
				break;
			case DIO_PORTC:
				*Copy_pu8Value=PINC;
    2ad8:	e3 e3       	ldi	r30, 0x33	; 51
    2ada:	f0 e0       	ldi	r31, 0x00	; 0
    2adc:	80 81       	ld	r24, Z
    2ade:	eb 81       	ldd	r30, Y+3	; 0x03
    2ae0:	fc 81       	ldd	r31, Y+4	; 0x04
    2ae2:	80 83       	st	Z, r24
    2ae4:	0c c0       	rjmp	.+24     	; 0x2afe <DIO_enuGetPortValue+0xa6>
				break;
			case DIO_PORTD:
				*Copy_pu8Value=PIND;
    2ae6:	e0 e3       	ldi	r30, 0x30	; 48
    2ae8:	f0 e0       	ldi	r31, 0x00	; 0
    2aea:	80 81       	ld	r24, Z
    2aec:	eb 81       	ldd	r30, Y+3	; 0x03
    2aee:	fc 81       	ldd	r31, Y+4	; 0x04
    2af0:	80 83       	st	Z, r24
    2af2:	05 c0       	rjmp	.+10     	; 0x2afe <DIO_enuGetPortValue+0xa6>
				break;
			}
		}
		else
		{
			Local_enuErrorstate=ES_OUT_OF_RANGE;
    2af4:	83 e0       	ldi	r24, 0x03	; 3
    2af6:	89 83       	std	Y+1, r24	; 0x01
    2af8:	02 c0       	rjmp	.+4      	; 0x2afe <DIO_enuGetPortValue+0xa6>
		}
	}
	else
	{
		Local_enuErrorstate=ES_NULL_POINTER;
    2afa:	82 e0       	ldi	r24, 0x02	; 2
    2afc:	89 83       	std	Y+1, r24	; 0x01
	}


	return Local_enuErrorstate;
    2afe:	89 81       	ldd	r24, Y+1	; 0x01
}
    2b00:	26 96       	adiw	r28, 0x06	; 6
    2b02:	0f b6       	in	r0, 0x3f	; 63
    2b04:	f8 94       	cli
    2b06:	de bf       	out	0x3e, r29	; 62
    2b08:	0f be       	out	0x3f, r0	; 63
    2b0a:	cd bf       	out	0x3d, r28	; 61
    2b0c:	cf 91       	pop	r28
    2b0e:	df 91       	pop	r29
    2b10:	08 95       	ret

00002b12 <DIO_enuSetPinDirection>:

ES_t DIO_enuSetPinDirection(u8 Copy_u8PortID ,u8 Copy_u8PinID ,u8 Copy_u8Value)
{
    2b12:	df 93       	push	r29
    2b14:	cf 93       	push	r28
    2b16:	00 d0       	rcall	.+0      	; 0x2b18 <DIO_enuSetPinDirection+0x6>
    2b18:	00 d0       	rcall	.+0      	; 0x2b1a <DIO_enuSetPinDirection+0x8>
    2b1a:	00 d0       	rcall	.+0      	; 0x2b1c <DIO_enuSetPinDirection+0xa>
    2b1c:	cd b7       	in	r28, 0x3d	; 61
    2b1e:	de b7       	in	r29, 0x3e	; 62
    2b20:	8a 83       	std	Y+2, r24	; 0x02
    2b22:	6b 83       	std	Y+3, r22	; 0x03
    2b24:	4c 83       	std	Y+4, r20	; 0x04
	ES_t Local_enuErrorstate=ES_NOK;
    2b26:	19 82       	std	Y+1, r1	; 0x01

	if( Copy_u8PortID <= DIO_PORTD && Copy_u8PinID<=DIO_PIN7 && Copy_u8Value <=OUTPUT )
    2b28:	8a 81       	ldd	r24, Y+2	; 0x02
    2b2a:	84 30       	cpi	r24, 0x04	; 4
    2b2c:	08 f0       	brcs	.+2      	; 0x2b30 <DIO_enuSetPinDirection+0x1e>
    2b2e:	d1 c0       	rjmp	.+418    	; 0x2cd2 <DIO_enuSetPinDirection+0x1c0>
    2b30:	8b 81       	ldd	r24, Y+3	; 0x03
    2b32:	88 30       	cpi	r24, 0x08	; 8
    2b34:	08 f0       	brcs	.+2      	; 0x2b38 <DIO_enuSetPinDirection+0x26>
    2b36:	cd c0       	rjmp	.+410    	; 0x2cd2 <DIO_enuSetPinDirection+0x1c0>
    2b38:	8c 81       	ldd	r24, Y+4	; 0x04
    2b3a:	82 30       	cpi	r24, 0x02	; 2
    2b3c:	08 f0       	brcs	.+2      	; 0x2b40 <DIO_enuSetPinDirection+0x2e>
    2b3e:	c9 c0       	rjmp	.+402    	; 0x2cd2 <DIO_enuSetPinDirection+0x1c0>
	{
		switch(Copy_u8PortID)
    2b40:	8a 81       	ldd	r24, Y+2	; 0x02
    2b42:	28 2f       	mov	r18, r24
    2b44:	30 e0       	ldi	r19, 0x00	; 0
    2b46:	3e 83       	std	Y+6, r19	; 0x06
    2b48:	2d 83       	std	Y+5, r18	; 0x05
    2b4a:	6d 81       	ldd	r22, Y+5	; 0x05
    2b4c:	7e 81       	ldd	r23, Y+6	; 0x06
    2b4e:	61 30       	cpi	r22, 0x01	; 1
    2b50:	71 05       	cpc	r23, r1
    2b52:	09 f4       	brne	.+2      	; 0x2b56 <DIO_enuSetPinDirection+0x44>
    2b54:	41 c0       	rjmp	.+130    	; 0x2bd8 <DIO_enuSetPinDirection+0xc6>
    2b56:	8d 81       	ldd	r24, Y+5	; 0x05
    2b58:	9e 81       	ldd	r25, Y+6	; 0x06
    2b5a:	82 30       	cpi	r24, 0x02	; 2
    2b5c:	91 05       	cpc	r25, r1
    2b5e:	34 f4       	brge	.+12     	; 0x2b6c <DIO_enuSetPinDirection+0x5a>
    2b60:	2d 81       	ldd	r18, Y+5	; 0x05
    2b62:	3e 81       	ldd	r19, Y+6	; 0x06
    2b64:	21 15       	cp	r18, r1
    2b66:	31 05       	cpc	r19, r1
    2b68:	71 f0       	breq	.+28     	; 0x2b86 <DIO_enuSetPinDirection+0x74>
    2b6a:	b0 c0       	rjmp	.+352    	; 0x2ccc <DIO_enuSetPinDirection+0x1ba>
    2b6c:	6d 81       	ldd	r22, Y+5	; 0x05
    2b6e:	7e 81       	ldd	r23, Y+6	; 0x06
    2b70:	62 30       	cpi	r22, 0x02	; 2
    2b72:	71 05       	cpc	r23, r1
    2b74:	09 f4       	brne	.+2      	; 0x2b78 <DIO_enuSetPinDirection+0x66>
    2b76:	59 c0       	rjmp	.+178    	; 0x2c2a <DIO_enuSetPinDirection+0x118>
    2b78:	8d 81       	ldd	r24, Y+5	; 0x05
    2b7a:	9e 81       	ldd	r25, Y+6	; 0x06
    2b7c:	83 30       	cpi	r24, 0x03	; 3
    2b7e:	91 05       	cpc	r25, r1
    2b80:	09 f4       	brne	.+2      	; 0x2b84 <DIO_enuSetPinDirection+0x72>
    2b82:	7c c0       	rjmp	.+248    	; 0x2c7c <DIO_enuSetPinDirection+0x16a>
    2b84:	a3 c0       	rjmp	.+326    	; 0x2ccc <DIO_enuSetPinDirection+0x1ba>
		{
		case DIO_PORTA:
			DDRA&=~(DIO_MASK_BIT<<Copy_u8PinID);
    2b86:	aa e3       	ldi	r26, 0x3A	; 58
    2b88:	b0 e0       	ldi	r27, 0x00	; 0
    2b8a:	ea e3       	ldi	r30, 0x3A	; 58
    2b8c:	f0 e0       	ldi	r31, 0x00	; 0
    2b8e:	80 81       	ld	r24, Z
    2b90:	48 2f       	mov	r20, r24
    2b92:	8b 81       	ldd	r24, Y+3	; 0x03
    2b94:	28 2f       	mov	r18, r24
    2b96:	30 e0       	ldi	r19, 0x00	; 0
    2b98:	81 e0       	ldi	r24, 0x01	; 1
    2b9a:	90 e0       	ldi	r25, 0x00	; 0
    2b9c:	02 c0       	rjmp	.+4      	; 0x2ba2 <DIO_enuSetPinDirection+0x90>
    2b9e:	88 0f       	add	r24, r24
    2ba0:	99 1f       	adc	r25, r25
    2ba2:	2a 95       	dec	r18
    2ba4:	e2 f7       	brpl	.-8      	; 0x2b9e <DIO_enuSetPinDirection+0x8c>
    2ba6:	80 95       	com	r24
    2ba8:	84 23       	and	r24, r20
    2baa:	8c 93       	st	X, r24
			DDRA |=(Copy_u8Value<<Copy_u8PinID);
    2bac:	aa e3       	ldi	r26, 0x3A	; 58
    2bae:	b0 e0       	ldi	r27, 0x00	; 0
    2bb0:	ea e3       	ldi	r30, 0x3A	; 58
    2bb2:	f0 e0       	ldi	r31, 0x00	; 0
    2bb4:	80 81       	ld	r24, Z
    2bb6:	48 2f       	mov	r20, r24
    2bb8:	8c 81       	ldd	r24, Y+4	; 0x04
    2bba:	28 2f       	mov	r18, r24
    2bbc:	30 e0       	ldi	r19, 0x00	; 0
    2bbe:	8b 81       	ldd	r24, Y+3	; 0x03
    2bc0:	88 2f       	mov	r24, r24
    2bc2:	90 e0       	ldi	r25, 0x00	; 0
    2bc4:	b9 01       	movw	r22, r18
    2bc6:	02 c0       	rjmp	.+4      	; 0x2bcc <DIO_enuSetPinDirection+0xba>
    2bc8:	66 0f       	add	r22, r22
    2bca:	77 1f       	adc	r23, r23
    2bcc:	8a 95       	dec	r24
    2bce:	e2 f7       	brpl	.-8      	; 0x2bc8 <DIO_enuSetPinDirection+0xb6>
    2bd0:	cb 01       	movw	r24, r22
    2bd2:	84 2b       	or	r24, r20
    2bd4:	8c 93       	st	X, r24
    2bd6:	7a c0       	rjmp	.+244    	; 0x2ccc <DIO_enuSetPinDirection+0x1ba>
			break;
		case DIO_PORTB:
			DDRB&=~(DIO_MASK_BIT<<Copy_u8PinID);
    2bd8:	a7 e3       	ldi	r26, 0x37	; 55
    2bda:	b0 e0       	ldi	r27, 0x00	; 0
    2bdc:	e7 e3       	ldi	r30, 0x37	; 55
    2bde:	f0 e0       	ldi	r31, 0x00	; 0
    2be0:	80 81       	ld	r24, Z
    2be2:	48 2f       	mov	r20, r24
    2be4:	8b 81       	ldd	r24, Y+3	; 0x03
    2be6:	28 2f       	mov	r18, r24
    2be8:	30 e0       	ldi	r19, 0x00	; 0
    2bea:	81 e0       	ldi	r24, 0x01	; 1
    2bec:	90 e0       	ldi	r25, 0x00	; 0
    2bee:	02 c0       	rjmp	.+4      	; 0x2bf4 <DIO_enuSetPinDirection+0xe2>
    2bf0:	88 0f       	add	r24, r24
    2bf2:	99 1f       	adc	r25, r25
    2bf4:	2a 95       	dec	r18
    2bf6:	e2 f7       	brpl	.-8      	; 0x2bf0 <DIO_enuSetPinDirection+0xde>
    2bf8:	80 95       	com	r24
    2bfa:	84 23       	and	r24, r20
    2bfc:	8c 93       	st	X, r24
			DDRB |=(Copy_u8Value<<Copy_u8PinID);
    2bfe:	a7 e3       	ldi	r26, 0x37	; 55
    2c00:	b0 e0       	ldi	r27, 0x00	; 0
    2c02:	e7 e3       	ldi	r30, 0x37	; 55
    2c04:	f0 e0       	ldi	r31, 0x00	; 0
    2c06:	80 81       	ld	r24, Z
    2c08:	48 2f       	mov	r20, r24
    2c0a:	8c 81       	ldd	r24, Y+4	; 0x04
    2c0c:	28 2f       	mov	r18, r24
    2c0e:	30 e0       	ldi	r19, 0x00	; 0
    2c10:	8b 81       	ldd	r24, Y+3	; 0x03
    2c12:	88 2f       	mov	r24, r24
    2c14:	90 e0       	ldi	r25, 0x00	; 0
    2c16:	b9 01       	movw	r22, r18
    2c18:	02 c0       	rjmp	.+4      	; 0x2c1e <DIO_enuSetPinDirection+0x10c>
    2c1a:	66 0f       	add	r22, r22
    2c1c:	77 1f       	adc	r23, r23
    2c1e:	8a 95       	dec	r24
    2c20:	e2 f7       	brpl	.-8      	; 0x2c1a <DIO_enuSetPinDirection+0x108>
    2c22:	cb 01       	movw	r24, r22
    2c24:	84 2b       	or	r24, r20
    2c26:	8c 93       	st	X, r24
    2c28:	51 c0       	rjmp	.+162    	; 0x2ccc <DIO_enuSetPinDirection+0x1ba>
			break;
		case DIO_PORTC:
			DDRC&=~(DIO_MASK_BIT<<Copy_u8PinID);
    2c2a:	a4 e3       	ldi	r26, 0x34	; 52
    2c2c:	b0 e0       	ldi	r27, 0x00	; 0
    2c2e:	e4 e3       	ldi	r30, 0x34	; 52
    2c30:	f0 e0       	ldi	r31, 0x00	; 0
    2c32:	80 81       	ld	r24, Z
    2c34:	48 2f       	mov	r20, r24
    2c36:	8b 81       	ldd	r24, Y+3	; 0x03
    2c38:	28 2f       	mov	r18, r24
    2c3a:	30 e0       	ldi	r19, 0x00	; 0
    2c3c:	81 e0       	ldi	r24, 0x01	; 1
    2c3e:	90 e0       	ldi	r25, 0x00	; 0
    2c40:	02 c0       	rjmp	.+4      	; 0x2c46 <DIO_enuSetPinDirection+0x134>
    2c42:	88 0f       	add	r24, r24
    2c44:	99 1f       	adc	r25, r25
    2c46:	2a 95       	dec	r18
    2c48:	e2 f7       	brpl	.-8      	; 0x2c42 <DIO_enuSetPinDirection+0x130>
    2c4a:	80 95       	com	r24
    2c4c:	84 23       	and	r24, r20
    2c4e:	8c 93       	st	X, r24
			DDRC |=(Copy_u8Value<<Copy_u8PinID);
    2c50:	a4 e3       	ldi	r26, 0x34	; 52
    2c52:	b0 e0       	ldi	r27, 0x00	; 0
    2c54:	e4 e3       	ldi	r30, 0x34	; 52
    2c56:	f0 e0       	ldi	r31, 0x00	; 0
    2c58:	80 81       	ld	r24, Z
    2c5a:	48 2f       	mov	r20, r24
    2c5c:	8c 81       	ldd	r24, Y+4	; 0x04
    2c5e:	28 2f       	mov	r18, r24
    2c60:	30 e0       	ldi	r19, 0x00	; 0
    2c62:	8b 81       	ldd	r24, Y+3	; 0x03
    2c64:	88 2f       	mov	r24, r24
    2c66:	90 e0       	ldi	r25, 0x00	; 0
    2c68:	b9 01       	movw	r22, r18
    2c6a:	02 c0       	rjmp	.+4      	; 0x2c70 <DIO_enuSetPinDirection+0x15e>
    2c6c:	66 0f       	add	r22, r22
    2c6e:	77 1f       	adc	r23, r23
    2c70:	8a 95       	dec	r24
    2c72:	e2 f7       	brpl	.-8      	; 0x2c6c <DIO_enuSetPinDirection+0x15a>
    2c74:	cb 01       	movw	r24, r22
    2c76:	84 2b       	or	r24, r20
    2c78:	8c 93       	st	X, r24
    2c7a:	28 c0       	rjmp	.+80     	; 0x2ccc <DIO_enuSetPinDirection+0x1ba>
			break;
		case DIO_PORTD:
			DDRD&=~(DIO_MASK_BIT<<Copy_u8PinID);
    2c7c:	a1 e3       	ldi	r26, 0x31	; 49
    2c7e:	b0 e0       	ldi	r27, 0x00	; 0
    2c80:	e1 e3       	ldi	r30, 0x31	; 49
    2c82:	f0 e0       	ldi	r31, 0x00	; 0
    2c84:	80 81       	ld	r24, Z
    2c86:	48 2f       	mov	r20, r24
    2c88:	8b 81       	ldd	r24, Y+3	; 0x03
    2c8a:	28 2f       	mov	r18, r24
    2c8c:	30 e0       	ldi	r19, 0x00	; 0
    2c8e:	81 e0       	ldi	r24, 0x01	; 1
    2c90:	90 e0       	ldi	r25, 0x00	; 0
    2c92:	02 c0       	rjmp	.+4      	; 0x2c98 <DIO_enuSetPinDirection+0x186>
    2c94:	88 0f       	add	r24, r24
    2c96:	99 1f       	adc	r25, r25
    2c98:	2a 95       	dec	r18
    2c9a:	e2 f7       	brpl	.-8      	; 0x2c94 <DIO_enuSetPinDirection+0x182>
    2c9c:	80 95       	com	r24
    2c9e:	84 23       	and	r24, r20
    2ca0:	8c 93       	st	X, r24
			DDRD |=(Copy_u8Value<<Copy_u8PinID);
    2ca2:	a1 e3       	ldi	r26, 0x31	; 49
    2ca4:	b0 e0       	ldi	r27, 0x00	; 0
    2ca6:	e1 e3       	ldi	r30, 0x31	; 49
    2ca8:	f0 e0       	ldi	r31, 0x00	; 0
    2caa:	80 81       	ld	r24, Z
    2cac:	48 2f       	mov	r20, r24
    2cae:	8c 81       	ldd	r24, Y+4	; 0x04
    2cb0:	28 2f       	mov	r18, r24
    2cb2:	30 e0       	ldi	r19, 0x00	; 0
    2cb4:	8b 81       	ldd	r24, Y+3	; 0x03
    2cb6:	88 2f       	mov	r24, r24
    2cb8:	90 e0       	ldi	r25, 0x00	; 0
    2cba:	b9 01       	movw	r22, r18
    2cbc:	02 c0       	rjmp	.+4      	; 0x2cc2 <DIO_enuSetPinDirection+0x1b0>
    2cbe:	66 0f       	add	r22, r22
    2cc0:	77 1f       	adc	r23, r23
    2cc2:	8a 95       	dec	r24
    2cc4:	e2 f7       	brpl	.-8      	; 0x2cbe <DIO_enuSetPinDirection+0x1ac>
    2cc6:	cb 01       	movw	r24, r22
    2cc8:	84 2b       	or	r24, r20
    2cca:	8c 93       	st	X, r24
			break;
		}
		 Local_enuErrorstate=ES_OK;
    2ccc:	81 e0       	ldi	r24, 0x01	; 1
    2cce:	89 83       	std	Y+1, r24	; 0x01
    2cd0:	02 c0       	rjmp	.+4      	; 0x2cd6 <DIO_enuSetPinDirection+0x1c4>
	}
	else
	{
		Local_enuErrorstate=ES_OUT_OF_RANGE;
    2cd2:	83 e0       	ldi	r24, 0x03	; 3
    2cd4:	89 83       	std	Y+1, r24	; 0x01
	}

	return Local_enuErrorstate;
    2cd6:	89 81       	ldd	r24, Y+1	; 0x01
}
    2cd8:	26 96       	adiw	r28, 0x06	; 6
    2cda:	0f b6       	in	r0, 0x3f	; 63
    2cdc:	f8 94       	cli
    2cde:	de bf       	out	0x3e, r29	; 62
    2ce0:	0f be       	out	0x3f, r0	; 63
    2ce2:	cd bf       	out	0x3d, r28	; 61
    2ce4:	cf 91       	pop	r28
    2ce6:	df 91       	pop	r29
    2ce8:	08 95       	ret

00002cea <DIO_enuSetPinValue>:

ES_t DIO_enuSetPinValue(u8 Copy_u8PortID ,u8 Copy_u8PinID ,u8 Copy_u8Value)
{
    2cea:	df 93       	push	r29
    2cec:	cf 93       	push	r28
    2cee:	00 d0       	rcall	.+0      	; 0x2cf0 <DIO_enuSetPinValue+0x6>
    2cf0:	00 d0       	rcall	.+0      	; 0x2cf2 <DIO_enuSetPinValue+0x8>
    2cf2:	00 d0       	rcall	.+0      	; 0x2cf4 <DIO_enuSetPinValue+0xa>
    2cf4:	cd b7       	in	r28, 0x3d	; 61
    2cf6:	de b7       	in	r29, 0x3e	; 62
    2cf8:	8a 83       	std	Y+2, r24	; 0x02
    2cfa:	6b 83       	std	Y+3, r22	; 0x03
    2cfc:	4c 83       	std	Y+4, r20	; 0x04
	ES_t Local_enuErrorstate=ES_NOK;
    2cfe:	19 82       	std	Y+1, r1	; 0x01
	if( Copy_u8PortID <= DIO_PORTD && Copy_u8PinID<=DIO_PIN7 && Copy_u8Value <=OUTPUT )
    2d00:	8a 81       	ldd	r24, Y+2	; 0x02
    2d02:	84 30       	cpi	r24, 0x04	; 4
    2d04:	08 f0       	brcs	.+2      	; 0x2d08 <DIO_enuSetPinValue+0x1e>
    2d06:	d1 c0       	rjmp	.+418    	; 0x2eaa <DIO_enuSetPinValue+0x1c0>
    2d08:	8b 81       	ldd	r24, Y+3	; 0x03
    2d0a:	88 30       	cpi	r24, 0x08	; 8
    2d0c:	08 f0       	brcs	.+2      	; 0x2d10 <DIO_enuSetPinValue+0x26>
    2d0e:	cd c0       	rjmp	.+410    	; 0x2eaa <DIO_enuSetPinValue+0x1c0>
    2d10:	8c 81       	ldd	r24, Y+4	; 0x04
    2d12:	82 30       	cpi	r24, 0x02	; 2
    2d14:	08 f0       	brcs	.+2      	; 0x2d18 <DIO_enuSetPinValue+0x2e>
    2d16:	c9 c0       	rjmp	.+402    	; 0x2eaa <DIO_enuSetPinValue+0x1c0>
	{
		switch(Copy_u8PortID)
    2d18:	8a 81       	ldd	r24, Y+2	; 0x02
    2d1a:	28 2f       	mov	r18, r24
    2d1c:	30 e0       	ldi	r19, 0x00	; 0
    2d1e:	3e 83       	std	Y+6, r19	; 0x06
    2d20:	2d 83       	std	Y+5, r18	; 0x05
    2d22:	6d 81       	ldd	r22, Y+5	; 0x05
    2d24:	7e 81       	ldd	r23, Y+6	; 0x06
    2d26:	61 30       	cpi	r22, 0x01	; 1
    2d28:	71 05       	cpc	r23, r1
    2d2a:	09 f4       	brne	.+2      	; 0x2d2e <DIO_enuSetPinValue+0x44>
    2d2c:	41 c0       	rjmp	.+130    	; 0x2db0 <DIO_enuSetPinValue+0xc6>
    2d2e:	8d 81       	ldd	r24, Y+5	; 0x05
    2d30:	9e 81       	ldd	r25, Y+6	; 0x06
    2d32:	82 30       	cpi	r24, 0x02	; 2
    2d34:	91 05       	cpc	r25, r1
    2d36:	34 f4       	brge	.+12     	; 0x2d44 <DIO_enuSetPinValue+0x5a>
    2d38:	2d 81       	ldd	r18, Y+5	; 0x05
    2d3a:	3e 81       	ldd	r19, Y+6	; 0x06
    2d3c:	21 15       	cp	r18, r1
    2d3e:	31 05       	cpc	r19, r1
    2d40:	71 f0       	breq	.+28     	; 0x2d5e <DIO_enuSetPinValue+0x74>
    2d42:	b0 c0       	rjmp	.+352    	; 0x2ea4 <DIO_enuSetPinValue+0x1ba>
    2d44:	6d 81       	ldd	r22, Y+5	; 0x05
    2d46:	7e 81       	ldd	r23, Y+6	; 0x06
    2d48:	62 30       	cpi	r22, 0x02	; 2
    2d4a:	71 05       	cpc	r23, r1
    2d4c:	09 f4       	brne	.+2      	; 0x2d50 <DIO_enuSetPinValue+0x66>
    2d4e:	59 c0       	rjmp	.+178    	; 0x2e02 <DIO_enuSetPinValue+0x118>
    2d50:	8d 81       	ldd	r24, Y+5	; 0x05
    2d52:	9e 81       	ldd	r25, Y+6	; 0x06
    2d54:	83 30       	cpi	r24, 0x03	; 3
    2d56:	91 05       	cpc	r25, r1
    2d58:	09 f4       	brne	.+2      	; 0x2d5c <DIO_enuSetPinValue+0x72>
    2d5a:	7c c0       	rjmp	.+248    	; 0x2e54 <DIO_enuSetPinValue+0x16a>
    2d5c:	a3 c0       	rjmp	.+326    	; 0x2ea4 <DIO_enuSetPinValue+0x1ba>
		{
		case DIO_PORTA:
			PORTA&=~(DIO_MASK_BIT<<Copy_u8PinID);
    2d5e:	ab e3       	ldi	r26, 0x3B	; 59
    2d60:	b0 e0       	ldi	r27, 0x00	; 0
    2d62:	eb e3       	ldi	r30, 0x3B	; 59
    2d64:	f0 e0       	ldi	r31, 0x00	; 0
    2d66:	80 81       	ld	r24, Z
    2d68:	48 2f       	mov	r20, r24
    2d6a:	8b 81       	ldd	r24, Y+3	; 0x03
    2d6c:	28 2f       	mov	r18, r24
    2d6e:	30 e0       	ldi	r19, 0x00	; 0
    2d70:	81 e0       	ldi	r24, 0x01	; 1
    2d72:	90 e0       	ldi	r25, 0x00	; 0
    2d74:	02 c0       	rjmp	.+4      	; 0x2d7a <DIO_enuSetPinValue+0x90>
    2d76:	88 0f       	add	r24, r24
    2d78:	99 1f       	adc	r25, r25
    2d7a:	2a 95       	dec	r18
    2d7c:	e2 f7       	brpl	.-8      	; 0x2d76 <DIO_enuSetPinValue+0x8c>
    2d7e:	80 95       	com	r24
    2d80:	84 23       	and	r24, r20
    2d82:	8c 93       	st	X, r24
			PORTA |=(Copy_u8Value<<Copy_u8PinID);
    2d84:	ab e3       	ldi	r26, 0x3B	; 59
    2d86:	b0 e0       	ldi	r27, 0x00	; 0
    2d88:	eb e3       	ldi	r30, 0x3B	; 59
    2d8a:	f0 e0       	ldi	r31, 0x00	; 0
    2d8c:	80 81       	ld	r24, Z
    2d8e:	48 2f       	mov	r20, r24
    2d90:	8c 81       	ldd	r24, Y+4	; 0x04
    2d92:	28 2f       	mov	r18, r24
    2d94:	30 e0       	ldi	r19, 0x00	; 0
    2d96:	8b 81       	ldd	r24, Y+3	; 0x03
    2d98:	88 2f       	mov	r24, r24
    2d9a:	90 e0       	ldi	r25, 0x00	; 0
    2d9c:	b9 01       	movw	r22, r18
    2d9e:	02 c0       	rjmp	.+4      	; 0x2da4 <DIO_enuSetPinValue+0xba>
    2da0:	66 0f       	add	r22, r22
    2da2:	77 1f       	adc	r23, r23
    2da4:	8a 95       	dec	r24
    2da6:	e2 f7       	brpl	.-8      	; 0x2da0 <DIO_enuSetPinValue+0xb6>
    2da8:	cb 01       	movw	r24, r22
    2daa:	84 2b       	or	r24, r20
    2dac:	8c 93       	st	X, r24
    2dae:	7a c0       	rjmp	.+244    	; 0x2ea4 <DIO_enuSetPinValue+0x1ba>
			break;
		case DIO_PORTB:
			PORTB&=~(DIO_MASK_BIT<<Copy_u8PinID);
    2db0:	a8 e3       	ldi	r26, 0x38	; 56
    2db2:	b0 e0       	ldi	r27, 0x00	; 0
    2db4:	e8 e3       	ldi	r30, 0x38	; 56
    2db6:	f0 e0       	ldi	r31, 0x00	; 0
    2db8:	80 81       	ld	r24, Z
    2dba:	48 2f       	mov	r20, r24
    2dbc:	8b 81       	ldd	r24, Y+3	; 0x03
    2dbe:	28 2f       	mov	r18, r24
    2dc0:	30 e0       	ldi	r19, 0x00	; 0
    2dc2:	81 e0       	ldi	r24, 0x01	; 1
    2dc4:	90 e0       	ldi	r25, 0x00	; 0
    2dc6:	02 c0       	rjmp	.+4      	; 0x2dcc <DIO_enuSetPinValue+0xe2>
    2dc8:	88 0f       	add	r24, r24
    2dca:	99 1f       	adc	r25, r25
    2dcc:	2a 95       	dec	r18
    2dce:	e2 f7       	brpl	.-8      	; 0x2dc8 <DIO_enuSetPinValue+0xde>
    2dd0:	80 95       	com	r24
    2dd2:	84 23       	and	r24, r20
    2dd4:	8c 93       	st	X, r24
			PORTB |=(Copy_u8Value<<Copy_u8PinID);
    2dd6:	a8 e3       	ldi	r26, 0x38	; 56
    2dd8:	b0 e0       	ldi	r27, 0x00	; 0
    2dda:	e8 e3       	ldi	r30, 0x38	; 56
    2ddc:	f0 e0       	ldi	r31, 0x00	; 0
    2dde:	80 81       	ld	r24, Z
    2de0:	48 2f       	mov	r20, r24
    2de2:	8c 81       	ldd	r24, Y+4	; 0x04
    2de4:	28 2f       	mov	r18, r24
    2de6:	30 e0       	ldi	r19, 0x00	; 0
    2de8:	8b 81       	ldd	r24, Y+3	; 0x03
    2dea:	88 2f       	mov	r24, r24
    2dec:	90 e0       	ldi	r25, 0x00	; 0
    2dee:	b9 01       	movw	r22, r18
    2df0:	02 c0       	rjmp	.+4      	; 0x2df6 <DIO_enuSetPinValue+0x10c>
    2df2:	66 0f       	add	r22, r22
    2df4:	77 1f       	adc	r23, r23
    2df6:	8a 95       	dec	r24
    2df8:	e2 f7       	brpl	.-8      	; 0x2df2 <DIO_enuSetPinValue+0x108>
    2dfa:	cb 01       	movw	r24, r22
    2dfc:	84 2b       	or	r24, r20
    2dfe:	8c 93       	st	X, r24
    2e00:	51 c0       	rjmp	.+162    	; 0x2ea4 <DIO_enuSetPinValue+0x1ba>
			break;
		case DIO_PORTC:
			PORTC&=~(DIO_MASK_BIT<<Copy_u8PinID);
    2e02:	a5 e3       	ldi	r26, 0x35	; 53
    2e04:	b0 e0       	ldi	r27, 0x00	; 0
    2e06:	e5 e3       	ldi	r30, 0x35	; 53
    2e08:	f0 e0       	ldi	r31, 0x00	; 0
    2e0a:	80 81       	ld	r24, Z
    2e0c:	48 2f       	mov	r20, r24
    2e0e:	8b 81       	ldd	r24, Y+3	; 0x03
    2e10:	28 2f       	mov	r18, r24
    2e12:	30 e0       	ldi	r19, 0x00	; 0
    2e14:	81 e0       	ldi	r24, 0x01	; 1
    2e16:	90 e0       	ldi	r25, 0x00	; 0
    2e18:	02 c0       	rjmp	.+4      	; 0x2e1e <DIO_enuSetPinValue+0x134>
    2e1a:	88 0f       	add	r24, r24
    2e1c:	99 1f       	adc	r25, r25
    2e1e:	2a 95       	dec	r18
    2e20:	e2 f7       	brpl	.-8      	; 0x2e1a <DIO_enuSetPinValue+0x130>
    2e22:	80 95       	com	r24
    2e24:	84 23       	and	r24, r20
    2e26:	8c 93       	st	X, r24
			PORTC |=(Copy_u8Value<<Copy_u8PinID);
    2e28:	a5 e3       	ldi	r26, 0x35	; 53
    2e2a:	b0 e0       	ldi	r27, 0x00	; 0
    2e2c:	e5 e3       	ldi	r30, 0x35	; 53
    2e2e:	f0 e0       	ldi	r31, 0x00	; 0
    2e30:	80 81       	ld	r24, Z
    2e32:	48 2f       	mov	r20, r24
    2e34:	8c 81       	ldd	r24, Y+4	; 0x04
    2e36:	28 2f       	mov	r18, r24
    2e38:	30 e0       	ldi	r19, 0x00	; 0
    2e3a:	8b 81       	ldd	r24, Y+3	; 0x03
    2e3c:	88 2f       	mov	r24, r24
    2e3e:	90 e0       	ldi	r25, 0x00	; 0
    2e40:	b9 01       	movw	r22, r18
    2e42:	02 c0       	rjmp	.+4      	; 0x2e48 <DIO_enuSetPinValue+0x15e>
    2e44:	66 0f       	add	r22, r22
    2e46:	77 1f       	adc	r23, r23
    2e48:	8a 95       	dec	r24
    2e4a:	e2 f7       	brpl	.-8      	; 0x2e44 <DIO_enuSetPinValue+0x15a>
    2e4c:	cb 01       	movw	r24, r22
    2e4e:	84 2b       	or	r24, r20
    2e50:	8c 93       	st	X, r24
    2e52:	28 c0       	rjmp	.+80     	; 0x2ea4 <DIO_enuSetPinValue+0x1ba>
			break;
		case DIO_PORTD:
			PORTD&=~(DIO_MASK_BIT<<Copy_u8PinID);
    2e54:	a2 e3       	ldi	r26, 0x32	; 50
    2e56:	b0 e0       	ldi	r27, 0x00	; 0
    2e58:	e2 e3       	ldi	r30, 0x32	; 50
    2e5a:	f0 e0       	ldi	r31, 0x00	; 0
    2e5c:	80 81       	ld	r24, Z
    2e5e:	48 2f       	mov	r20, r24
    2e60:	8b 81       	ldd	r24, Y+3	; 0x03
    2e62:	28 2f       	mov	r18, r24
    2e64:	30 e0       	ldi	r19, 0x00	; 0
    2e66:	81 e0       	ldi	r24, 0x01	; 1
    2e68:	90 e0       	ldi	r25, 0x00	; 0
    2e6a:	02 c0       	rjmp	.+4      	; 0x2e70 <DIO_enuSetPinValue+0x186>
    2e6c:	88 0f       	add	r24, r24
    2e6e:	99 1f       	adc	r25, r25
    2e70:	2a 95       	dec	r18
    2e72:	e2 f7       	brpl	.-8      	; 0x2e6c <DIO_enuSetPinValue+0x182>
    2e74:	80 95       	com	r24
    2e76:	84 23       	and	r24, r20
    2e78:	8c 93       	st	X, r24
			PORTD |=(Copy_u8Value<<Copy_u8PinID);
    2e7a:	a2 e3       	ldi	r26, 0x32	; 50
    2e7c:	b0 e0       	ldi	r27, 0x00	; 0
    2e7e:	e2 e3       	ldi	r30, 0x32	; 50
    2e80:	f0 e0       	ldi	r31, 0x00	; 0
    2e82:	80 81       	ld	r24, Z
    2e84:	48 2f       	mov	r20, r24
    2e86:	8c 81       	ldd	r24, Y+4	; 0x04
    2e88:	28 2f       	mov	r18, r24
    2e8a:	30 e0       	ldi	r19, 0x00	; 0
    2e8c:	8b 81       	ldd	r24, Y+3	; 0x03
    2e8e:	88 2f       	mov	r24, r24
    2e90:	90 e0       	ldi	r25, 0x00	; 0
    2e92:	b9 01       	movw	r22, r18
    2e94:	02 c0       	rjmp	.+4      	; 0x2e9a <DIO_enuSetPinValue+0x1b0>
    2e96:	66 0f       	add	r22, r22
    2e98:	77 1f       	adc	r23, r23
    2e9a:	8a 95       	dec	r24
    2e9c:	e2 f7       	brpl	.-8      	; 0x2e96 <DIO_enuSetPinValue+0x1ac>
    2e9e:	cb 01       	movw	r24, r22
    2ea0:	84 2b       	or	r24, r20
    2ea2:	8c 93       	st	X, r24
			break;
		}
		 Local_enuErrorstate=ES_OK;
    2ea4:	81 e0       	ldi	r24, 0x01	; 1
    2ea6:	89 83       	std	Y+1, r24	; 0x01
    2ea8:	02 c0       	rjmp	.+4      	; 0x2eae <DIO_enuSetPinValue+0x1c4>
	}
	else
	{
		Local_enuErrorstate=ES_OUT_OF_RANGE;
    2eaa:	83 e0       	ldi	r24, 0x03	; 3
    2eac:	89 83       	std	Y+1, r24	; 0x01
	}



	return Local_enuErrorstate;
    2eae:	89 81       	ldd	r24, Y+1	; 0x01
}
    2eb0:	26 96       	adiw	r28, 0x06	; 6
    2eb2:	0f b6       	in	r0, 0x3f	; 63
    2eb4:	f8 94       	cli
    2eb6:	de bf       	out	0x3e, r29	; 62
    2eb8:	0f be       	out	0x3f, r0	; 63
    2eba:	cd bf       	out	0x3d, r28	; 61
    2ebc:	cf 91       	pop	r28
    2ebe:	df 91       	pop	r29
    2ec0:	08 95       	ret

00002ec2 <DIO_enuTogPinValue>:

ES_t DIO_enuTogPinValue(u8 Copy_u8PortID ,u8 Copy_u8PinID )
{
    2ec2:	df 93       	push	r29
    2ec4:	cf 93       	push	r28
    2ec6:	00 d0       	rcall	.+0      	; 0x2ec8 <DIO_enuTogPinValue+0x6>
    2ec8:	00 d0       	rcall	.+0      	; 0x2eca <DIO_enuTogPinValue+0x8>
    2eca:	0f 92       	push	r0
    2ecc:	cd b7       	in	r28, 0x3d	; 61
    2ece:	de b7       	in	r29, 0x3e	; 62
    2ed0:	8a 83       	std	Y+2, r24	; 0x02
    2ed2:	6b 83       	std	Y+3, r22	; 0x03
	ES_t Local_enuErrorstate=ES_NOK;
    2ed4:	19 82       	std	Y+1, r1	; 0x01
	if( Copy_u8PortID <= DIO_PORTD && Copy_u8PinID<=DIO_PIN7  )
    2ed6:	8a 81       	ldd	r24, Y+2	; 0x02
    2ed8:	84 30       	cpi	r24, 0x04	; 4
    2eda:	08 f0       	brcs	.+2      	; 0x2ede <DIO_enuTogPinValue+0x1c>
    2edc:	75 c0       	rjmp	.+234    	; 0x2fc8 <DIO_enuTogPinValue+0x106>
    2ede:	8b 81       	ldd	r24, Y+3	; 0x03
    2ee0:	88 30       	cpi	r24, 0x08	; 8
    2ee2:	08 f0       	brcs	.+2      	; 0x2ee6 <DIO_enuTogPinValue+0x24>
    2ee4:	71 c0       	rjmp	.+226    	; 0x2fc8 <DIO_enuTogPinValue+0x106>
	{
		switch(Copy_u8PortID)
    2ee6:	8a 81       	ldd	r24, Y+2	; 0x02
    2ee8:	28 2f       	mov	r18, r24
    2eea:	30 e0       	ldi	r19, 0x00	; 0
    2eec:	3d 83       	std	Y+5, r19	; 0x05
    2eee:	2c 83       	std	Y+4, r18	; 0x04
    2ef0:	8c 81       	ldd	r24, Y+4	; 0x04
    2ef2:	9d 81       	ldd	r25, Y+5	; 0x05
    2ef4:	81 30       	cpi	r24, 0x01	; 1
    2ef6:	91 05       	cpc	r25, r1
    2ef8:	49 f1       	breq	.+82     	; 0x2f4c <DIO_enuTogPinValue+0x8a>
    2efa:	2c 81       	ldd	r18, Y+4	; 0x04
    2efc:	3d 81       	ldd	r19, Y+5	; 0x05
    2efe:	22 30       	cpi	r18, 0x02	; 2
    2f00:	31 05       	cpc	r19, r1
    2f02:	2c f4       	brge	.+10     	; 0x2f0e <DIO_enuTogPinValue+0x4c>
    2f04:	8c 81       	ldd	r24, Y+4	; 0x04
    2f06:	9d 81       	ldd	r25, Y+5	; 0x05
    2f08:	00 97       	sbiw	r24, 0x00	; 0
    2f0a:	61 f0       	breq	.+24     	; 0x2f24 <DIO_enuTogPinValue+0x62>
    2f0c:	5a c0       	rjmp	.+180    	; 0x2fc2 <DIO_enuTogPinValue+0x100>
    2f0e:	2c 81       	ldd	r18, Y+4	; 0x04
    2f10:	3d 81       	ldd	r19, Y+5	; 0x05
    2f12:	22 30       	cpi	r18, 0x02	; 2
    2f14:	31 05       	cpc	r19, r1
    2f16:	71 f1       	breq	.+92     	; 0x2f74 <DIO_enuTogPinValue+0xb2>
    2f18:	8c 81       	ldd	r24, Y+4	; 0x04
    2f1a:	9d 81       	ldd	r25, Y+5	; 0x05
    2f1c:	83 30       	cpi	r24, 0x03	; 3
    2f1e:	91 05       	cpc	r25, r1
    2f20:	e9 f1       	breq	.+122    	; 0x2f9c <DIO_enuTogPinValue+0xda>
    2f22:	4f c0       	rjmp	.+158    	; 0x2fc2 <DIO_enuTogPinValue+0x100>
		{
		case DIO_PORTA:
			PORTA ^=(DIO_MASK_BIT<<Copy_u8PinID);
    2f24:	ab e3       	ldi	r26, 0x3B	; 59
    2f26:	b0 e0       	ldi	r27, 0x00	; 0
    2f28:	eb e3       	ldi	r30, 0x3B	; 59
    2f2a:	f0 e0       	ldi	r31, 0x00	; 0
    2f2c:	80 81       	ld	r24, Z
    2f2e:	48 2f       	mov	r20, r24
    2f30:	8b 81       	ldd	r24, Y+3	; 0x03
    2f32:	28 2f       	mov	r18, r24
    2f34:	30 e0       	ldi	r19, 0x00	; 0
    2f36:	81 e0       	ldi	r24, 0x01	; 1
    2f38:	90 e0       	ldi	r25, 0x00	; 0
    2f3a:	02 2e       	mov	r0, r18
    2f3c:	02 c0       	rjmp	.+4      	; 0x2f42 <DIO_enuTogPinValue+0x80>
    2f3e:	88 0f       	add	r24, r24
    2f40:	99 1f       	adc	r25, r25
    2f42:	0a 94       	dec	r0
    2f44:	e2 f7       	brpl	.-8      	; 0x2f3e <DIO_enuTogPinValue+0x7c>
    2f46:	84 27       	eor	r24, r20
    2f48:	8c 93       	st	X, r24
    2f4a:	3b c0       	rjmp	.+118    	; 0x2fc2 <DIO_enuTogPinValue+0x100>
			break;
		case DIO_PORTB:
			PORTB ^=(DIO_MASK_BIT<<Copy_u8PinID);
    2f4c:	a8 e3       	ldi	r26, 0x38	; 56
    2f4e:	b0 e0       	ldi	r27, 0x00	; 0
    2f50:	e8 e3       	ldi	r30, 0x38	; 56
    2f52:	f0 e0       	ldi	r31, 0x00	; 0
    2f54:	80 81       	ld	r24, Z
    2f56:	48 2f       	mov	r20, r24
    2f58:	8b 81       	ldd	r24, Y+3	; 0x03
    2f5a:	28 2f       	mov	r18, r24
    2f5c:	30 e0       	ldi	r19, 0x00	; 0
    2f5e:	81 e0       	ldi	r24, 0x01	; 1
    2f60:	90 e0       	ldi	r25, 0x00	; 0
    2f62:	02 2e       	mov	r0, r18
    2f64:	02 c0       	rjmp	.+4      	; 0x2f6a <DIO_enuTogPinValue+0xa8>
    2f66:	88 0f       	add	r24, r24
    2f68:	99 1f       	adc	r25, r25
    2f6a:	0a 94       	dec	r0
    2f6c:	e2 f7       	brpl	.-8      	; 0x2f66 <DIO_enuTogPinValue+0xa4>
    2f6e:	84 27       	eor	r24, r20
    2f70:	8c 93       	st	X, r24
    2f72:	27 c0       	rjmp	.+78     	; 0x2fc2 <DIO_enuTogPinValue+0x100>
			break;
		case DIO_PORTC:
			PORTC ^=(DIO_MASK_BIT<<Copy_u8PinID);
    2f74:	a5 e3       	ldi	r26, 0x35	; 53
    2f76:	b0 e0       	ldi	r27, 0x00	; 0
    2f78:	e5 e3       	ldi	r30, 0x35	; 53
    2f7a:	f0 e0       	ldi	r31, 0x00	; 0
    2f7c:	80 81       	ld	r24, Z
    2f7e:	48 2f       	mov	r20, r24
    2f80:	8b 81       	ldd	r24, Y+3	; 0x03
    2f82:	28 2f       	mov	r18, r24
    2f84:	30 e0       	ldi	r19, 0x00	; 0
    2f86:	81 e0       	ldi	r24, 0x01	; 1
    2f88:	90 e0       	ldi	r25, 0x00	; 0
    2f8a:	02 2e       	mov	r0, r18
    2f8c:	02 c0       	rjmp	.+4      	; 0x2f92 <DIO_enuTogPinValue+0xd0>
    2f8e:	88 0f       	add	r24, r24
    2f90:	99 1f       	adc	r25, r25
    2f92:	0a 94       	dec	r0
    2f94:	e2 f7       	brpl	.-8      	; 0x2f8e <DIO_enuTogPinValue+0xcc>
    2f96:	84 27       	eor	r24, r20
    2f98:	8c 93       	st	X, r24
    2f9a:	13 c0       	rjmp	.+38     	; 0x2fc2 <DIO_enuTogPinValue+0x100>
			break;
		case DIO_PORTD:
			PORTD ^=(DIO_MASK_BIT<<Copy_u8PinID);
    2f9c:	a2 e3       	ldi	r26, 0x32	; 50
    2f9e:	b0 e0       	ldi	r27, 0x00	; 0
    2fa0:	e2 e3       	ldi	r30, 0x32	; 50
    2fa2:	f0 e0       	ldi	r31, 0x00	; 0
    2fa4:	80 81       	ld	r24, Z
    2fa6:	48 2f       	mov	r20, r24
    2fa8:	8b 81       	ldd	r24, Y+3	; 0x03
    2faa:	28 2f       	mov	r18, r24
    2fac:	30 e0       	ldi	r19, 0x00	; 0
    2fae:	81 e0       	ldi	r24, 0x01	; 1
    2fb0:	90 e0       	ldi	r25, 0x00	; 0
    2fb2:	02 2e       	mov	r0, r18
    2fb4:	02 c0       	rjmp	.+4      	; 0x2fba <DIO_enuTogPinValue+0xf8>
    2fb6:	88 0f       	add	r24, r24
    2fb8:	99 1f       	adc	r25, r25
    2fba:	0a 94       	dec	r0
    2fbc:	e2 f7       	brpl	.-8      	; 0x2fb6 <DIO_enuTogPinValue+0xf4>
    2fbe:	84 27       	eor	r24, r20
    2fc0:	8c 93       	st	X, r24
			break;
		}
		 Local_enuErrorstate=ES_OK;
    2fc2:	81 e0       	ldi	r24, 0x01	; 1
    2fc4:	89 83       	std	Y+1, r24	; 0x01
    2fc6:	02 c0       	rjmp	.+4      	; 0x2fcc <DIO_enuTogPinValue+0x10a>
	}
	else
	{
		Local_enuErrorstate=ES_OUT_OF_RANGE;
    2fc8:	83 e0       	ldi	r24, 0x03	; 3
    2fca:	89 83       	std	Y+1, r24	; 0x01
	}


	return Local_enuErrorstate;
    2fcc:	89 81       	ldd	r24, Y+1	; 0x01
}
    2fce:	0f 90       	pop	r0
    2fd0:	0f 90       	pop	r0
    2fd2:	0f 90       	pop	r0
    2fd4:	0f 90       	pop	r0
    2fd6:	0f 90       	pop	r0
    2fd8:	cf 91       	pop	r28
    2fda:	df 91       	pop	r29
    2fdc:	08 95       	ret

00002fde <DIO_enuGetPinValue>:

ES_t DIO_enuGetPinValue(u8 Copy_u8PortID ,u8 Copy_u8PinID ,u8* Copy_pu8Value)
{
    2fde:	df 93       	push	r29
    2fe0:	cf 93       	push	r28
    2fe2:	cd b7       	in	r28, 0x3d	; 61
    2fe4:	de b7       	in	r29, 0x3e	; 62
    2fe6:	27 97       	sbiw	r28, 0x07	; 7
    2fe8:	0f b6       	in	r0, 0x3f	; 63
    2fea:	f8 94       	cli
    2fec:	de bf       	out	0x3e, r29	; 62
    2fee:	0f be       	out	0x3f, r0	; 63
    2ff0:	cd bf       	out	0x3d, r28	; 61
    2ff2:	8a 83       	std	Y+2, r24	; 0x02
    2ff4:	6b 83       	std	Y+3, r22	; 0x03
    2ff6:	5d 83       	std	Y+5, r21	; 0x05
    2ff8:	4c 83       	std	Y+4, r20	; 0x04
	ES_t Local_enuErrorstate=ES_NOK;
    2ffa:	19 82       	std	Y+1, r1	; 0x01
	if(Copy_pu8Value !=NULL)
    2ffc:	8c 81       	ldd	r24, Y+4	; 0x04
    2ffe:	9d 81       	ldd	r25, Y+5	; 0x05
    3000:	00 97       	sbiw	r24, 0x00	; 0
    3002:	09 f4       	brne	.+2      	; 0x3006 <DIO_enuGetPinValue+0x28>
    3004:	7c c0       	rjmp	.+248    	; 0x30fe <DIO_enuGetPinValue+0x120>
	{
		if( Copy_u8PortID <= DIO_PORTD && Copy_u8PinID<=DIO_PIN7 )
    3006:	8a 81       	ldd	r24, Y+2	; 0x02
    3008:	84 30       	cpi	r24, 0x04	; 4
    300a:	08 f0       	brcs	.+2      	; 0x300e <DIO_enuGetPinValue+0x30>
    300c:	75 c0       	rjmp	.+234    	; 0x30f8 <DIO_enuGetPinValue+0x11a>
    300e:	8b 81       	ldd	r24, Y+3	; 0x03
    3010:	88 30       	cpi	r24, 0x08	; 8
    3012:	08 f0       	brcs	.+2      	; 0x3016 <DIO_enuGetPinValue+0x38>
    3014:	71 c0       	rjmp	.+226    	; 0x30f8 <DIO_enuGetPinValue+0x11a>
		{
			switch(Copy_u8PortID)
    3016:	8a 81       	ldd	r24, Y+2	; 0x02
    3018:	28 2f       	mov	r18, r24
    301a:	30 e0       	ldi	r19, 0x00	; 0
    301c:	3f 83       	std	Y+7, r19	; 0x07
    301e:	2e 83       	std	Y+6, r18	; 0x06
    3020:	4e 81       	ldd	r20, Y+6	; 0x06
    3022:	5f 81       	ldd	r21, Y+7	; 0x07
    3024:	41 30       	cpi	r20, 0x01	; 1
    3026:	51 05       	cpc	r21, r1
    3028:	59 f1       	breq	.+86     	; 0x3080 <DIO_enuGetPinValue+0xa2>
    302a:	8e 81       	ldd	r24, Y+6	; 0x06
    302c:	9f 81       	ldd	r25, Y+7	; 0x07
    302e:	82 30       	cpi	r24, 0x02	; 2
    3030:	91 05       	cpc	r25, r1
    3032:	34 f4       	brge	.+12     	; 0x3040 <DIO_enuGetPinValue+0x62>
    3034:	2e 81       	ldd	r18, Y+6	; 0x06
    3036:	3f 81       	ldd	r19, Y+7	; 0x07
    3038:	21 15       	cp	r18, r1
    303a:	31 05       	cpc	r19, r1
    303c:	69 f0       	breq	.+26     	; 0x3058 <DIO_enuGetPinValue+0x7a>
    303e:	61 c0       	rjmp	.+194    	; 0x3102 <DIO_enuGetPinValue+0x124>
    3040:	4e 81       	ldd	r20, Y+6	; 0x06
    3042:	5f 81       	ldd	r21, Y+7	; 0x07
    3044:	42 30       	cpi	r20, 0x02	; 2
    3046:	51 05       	cpc	r21, r1
    3048:	79 f1       	breq	.+94     	; 0x30a8 <DIO_enuGetPinValue+0xca>
    304a:	8e 81       	ldd	r24, Y+6	; 0x06
    304c:	9f 81       	ldd	r25, Y+7	; 0x07
    304e:	83 30       	cpi	r24, 0x03	; 3
    3050:	91 05       	cpc	r25, r1
    3052:	09 f4       	brne	.+2      	; 0x3056 <DIO_enuGetPinValue+0x78>
    3054:	3d c0       	rjmp	.+122    	; 0x30d0 <DIO_enuGetPinValue+0xf2>
    3056:	55 c0       	rjmp	.+170    	; 0x3102 <DIO_enuGetPinValue+0x124>
			{
			case DIO_PORTA:
				*Copy_pu8Value=!((PINA & (DIO_MASK_BIT << Copy_u8PinID)) == 0);
    3058:	e9 e3       	ldi	r30, 0x39	; 57
    305a:	f0 e0       	ldi	r31, 0x00	; 0
    305c:	80 81       	ld	r24, Z
    305e:	28 2f       	mov	r18, r24
    3060:	30 e0       	ldi	r19, 0x00	; 0
    3062:	8b 81       	ldd	r24, Y+3	; 0x03
    3064:	88 2f       	mov	r24, r24
    3066:	90 e0       	ldi	r25, 0x00	; 0
    3068:	a9 01       	movw	r20, r18
    306a:	02 c0       	rjmp	.+4      	; 0x3070 <DIO_enuGetPinValue+0x92>
    306c:	55 95       	asr	r21
    306e:	47 95       	ror	r20
    3070:	8a 95       	dec	r24
    3072:	e2 f7       	brpl	.-8      	; 0x306c <DIO_enuGetPinValue+0x8e>
    3074:	ca 01       	movw	r24, r20
    3076:	81 70       	andi	r24, 0x01	; 1
    3078:	ec 81       	ldd	r30, Y+4	; 0x04
    307a:	fd 81       	ldd	r31, Y+5	; 0x05
    307c:	80 83       	st	Z, r24
    307e:	41 c0       	rjmp	.+130    	; 0x3102 <DIO_enuGetPinValue+0x124>
				break;
			case DIO_PORTB:
				*Copy_pu8Value=!((PINB & (DIO_MASK_BIT << Copy_u8PinID)) == 0);
    3080:	e6 e3       	ldi	r30, 0x36	; 54
    3082:	f0 e0       	ldi	r31, 0x00	; 0
    3084:	80 81       	ld	r24, Z
    3086:	28 2f       	mov	r18, r24
    3088:	30 e0       	ldi	r19, 0x00	; 0
    308a:	8b 81       	ldd	r24, Y+3	; 0x03
    308c:	88 2f       	mov	r24, r24
    308e:	90 e0       	ldi	r25, 0x00	; 0
    3090:	a9 01       	movw	r20, r18
    3092:	02 c0       	rjmp	.+4      	; 0x3098 <DIO_enuGetPinValue+0xba>
    3094:	55 95       	asr	r21
    3096:	47 95       	ror	r20
    3098:	8a 95       	dec	r24
    309a:	e2 f7       	brpl	.-8      	; 0x3094 <DIO_enuGetPinValue+0xb6>
    309c:	ca 01       	movw	r24, r20
    309e:	81 70       	andi	r24, 0x01	; 1
    30a0:	ec 81       	ldd	r30, Y+4	; 0x04
    30a2:	fd 81       	ldd	r31, Y+5	; 0x05
    30a4:	80 83       	st	Z, r24
    30a6:	2d c0       	rjmp	.+90     	; 0x3102 <DIO_enuGetPinValue+0x124>
				break;
			case DIO_PORTC:
				*Copy_pu8Value=!((PINC & (DIO_MASK_BIT << Copy_u8PinID)) == 0);
    30a8:	e3 e3       	ldi	r30, 0x33	; 51
    30aa:	f0 e0       	ldi	r31, 0x00	; 0
    30ac:	80 81       	ld	r24, Z
    30ae:	28 2f       	mov	r18, r24
    30b0:	30 e0       	ldi	r19, 0x00	; 0
    30b2:	8b 81       	ldd	r24, Y+3	; 0x03
    30b4:	88 2f       	mov	r24, r24
    30b6:	90 e0       	ldi	r25, 0x00	; 0
    30b8:	a9 01       	movw	r20, r18
    30ba:	02 c0       	rjmp	.+4      	; 0x30c0 <DIO_enuGetPinValue+0xe2>
    30bc:	55 95       	asr	r21
    30be:	47 95       	ror	r20
    30c0:	8a 95       	dec	r24
    30c2:	e2 f7       	brpl	.-8      	; 0x30bc <DIO_enuGetPinValue+0xde>
    30c4:	ca 01       	movw	r24, r20
    30c6:	81 70       	andi	r24, 0x01	; 1
    30c8:	ec 81       	ldd	r30, Y+4	; 0x04
    30ca:	fd 81       	ldd	r31, Y+5	; 0x05
    30cc:	80 83       	st	Z, r24
    30ce:	19 c0       	rjmp	.+50     	; 0x3102 <DIO_enuGetPinValue+0x124>
				break;
			case DIO_PORTD:
				*Copy_pu8Value=!((PIND & (DIO_MASK_BIT << Copy_u8PinID)) == 0);
    30d0:	e0 e3       	ldi	r30, 0x30	; 48
    30d2:	f0 e0       	ldi	r31, 0x00	; 0
    30d4:	80 81       	ld	r24, Z
    30d6:	28 2f       	mov	r18, r24
    30d8:	30 e0       	ldi	r19, 0x00	; 0
    30da:	8b 81       	ldd	r24, Y+3	; 0x03
    30dc:	88 2f       	mov	r24, r24
    30de:	90 e0       	ldi	r25, 0x00	; 0
    30e0:	a9 01       	movw	r20, r18
    30e2:	02 c0       	rjmp	.+4      	; 0x30e8 <DIO_enuGetPinValue+0x10a>
    30e4:	55 95       	asr	r21
    30e6:	47 95       	ror	r20
    30e8:	8a 95       	dec	r24
    30ea:	e2 f7       	brpl	.-8      	; 0x30e4 <DIO_enuGetPinValue+0x106>
    30ec:	ca 01       	movw	r24, r20
    30ee:	81 70       	andi	r24, 0x01	; 1
    30f0:	ec 81       	ldd	r30, Y+4	; 0x04
    30f2:	fd 81       	ldd	r31, Y+5	; 0x05
    30f4:	80 83       	st	Z, r24
    30f6:	05 c0       	rjmp	.+10     	; 0x3102 <DIO_enuGetPinValue+0x124>
				break;
			}
		}
		else
		{
			Local_enuErrorstate=ES_OUT_OF_RANGE;
    30f8:	83 e0       	ldi	r24, 0x03	; 3
    30fa:	89 83       	std	Y+1, r24	; 0x01
    30fc:	02 c0       	rjmp	.+4      	; 0x3102 <DIO_enuGetPinValue+0x124>
		}
	}
	else
	{
		Local_enuErrorstate=ES_NULL_POINTER;
    30fe:	82 e0       	ldi	r24, 0x02	; 2
    3100:	89 83       	std	Y+1, r24	; 0x01
	}


	return Local_enuErrorstate;
    3102:	89 81       	ldd	r24, Y+1	; 0x01
}
    3104:	27 96       	adiw	r28, 0x07	; 7
    3106:	0f b6       	in	r0, 0x3f	; 63
    3108:	f8 94       	cli
    310a:	de bf       	out	0x3e, r29	; 62
    310c:	0f be       	out	0x3f, r0	; 63
    310e:	cd bf       	out	0x3d, r28	; 61
    3110:	cf 91       	pop	r28
    3112:	df 91       	pop	r29
    3114:	08 95       	ret

00003116 <ADC_enuInit>:

static void (*ADC_pfunISRFun)(void *)=NULL;
static void *ADC_pvidISRParameter =NULL;

ES_t ADC_enuInit(void)
{
    3116:	df 93       	push	r29
    3118:	cf 93       	push	r28
    311a:	0f 92       	push	r0
    311c:	cd b7       	in	r28, 0x3d	; 61
    311e:	de b7       	in	r29, 0x3e	; 62
	 ES_t Local_enuErrorState=ES_NOK;
    3120:	19 82       	std	Y+1, r1	; 0x01
	 ADCSRA |=(1<<2);
	 ADCSRA |=(1<<1);
	 ADCSRA &=~(1<<0);
	 Local_enuErrorState=ES_OK;
#elif ADC_PRES==PRES_128
	 ADCSRA |=(1<<2);
    3122:	a6 e2       	ldi	r26, 0x26	; 38
    3124:	b0 e0       	ldi	r27, 0x00	; 0
    3126:	e6 e2       	ldi	r30, 0x26	; 38
    3128:	f0 e0       	ldi	r31, 0x00	; 0
    312a:	80 81       	ld	r24, Z
    312c:	84 60       	ori	r24, 0x04	; 4
    312e:	8c 93       	st	X, r24
	 ADCSRA |=(1<<1);
    3130:	a6 e2       	ldi	r26, 0x26	; 38
    3132:	b0 e0       	ldi	r27, 0x00	; 0
    3134:	e6 e2       	ldi	r30, 0x26	; 38
    3136:	f0 e0       	ldi	r31, 0x00	; 0
    3138:	80 81       	ld	r24, Z
    313a:	82 60       	ori	r24, 0x02	; 2
    313c:	8c 93       	st	X, r24
	 ADCSRA |=(1<<0);
    313e:	a6 e2       	ldi	r26, 0x26	; 38
    3140:	b0 e0       	ldi	r27, 0x00	; 0
    3142:	e6 e2       	ldi	r30, 0x26	; 38
    3144:	f0 e0       	ldi	r31, 0x00	; 0
    3146:	80 81       	ld	r24, Z
    3148:	81 60       	ori	r24, 0x01	; 1
    314a:	8c 93       	st	X, r24
	 Local_enuErrorState=ES_OK;
    314c:	81 e0       	ldi	r24, 0x01	; 1
    314e:	89 83       	std	Y+1, r24	; 0x01
#if ADC_REF_VOLT==AREF_REF
	 ADMUX &=~(1<<7);
	 ADMUX &=~(1<<6);
	 Local_enuErrorState=ES_OK;
#elif ADC_REF_VOLT==AVCC_REF
	 ADMUX &=~(1<<7);
    3150:	a7 e2       	ldi	r26, 0x27	; 39
    3152:	b0 e0       	ldi	r27, 0x00	; 0
    3154:	e7 e2       	ldi	r30, 0x27	; 39
    3156:	f0 e0       	ldi	r31, 0x00	; 0
    3158:	80 81       	ld	r24, Z
    315a:	8f 77       	andi	r24, 0x7F	; 127
    315c:	8c 93       	st	X, r24
	 ADMUX |=(1<<6);
    315e:	a7 e2       	ldi	r26, 0x27	; 39
    3160:	b0 e0       	ldi	r27, 0x00	; 0
    3162:	e7 e2       	ldi	r30, 0x27	; 39
    3164:	f0 e0       	ldi	r31, 0x00	; 0
    3166:	80 81       	ld	r24, Z
    3168:	80 64       	ori	r24, 0x40	; 64
    316a:	8c 93       	st	X, r24
	 Local_enuErrorState=ES_OK;
    316c:	81 e0       	ldi	r24, 0x01	; 1
    316e:	89 83       	std	Y+1, r24	; 0x01
	 //ADJUSTEMENT
#if ADC_ADJ==RIGHT_ADJ
	 ADMUX &=~(1<<5);
	 Local_enuErrorState=ES_OK;
#elif ADC_ADJ==LEFT_ADJ
	 ADMUX |=(1<<5);
    3170:	a7 e2       	ldi	r26, 0x27	; 39
    3172:	b0 e0       	ldi	r27, 0x00	; 0
    3174:	e7 e2       	ldi	r30, 0x27	; 39
    3176:	f0 e0       	ldi	r31, 0x00	; 0
    3178:	80 81       	ld	r24, Z
    317a:	80 62       	ori	r24, 0x20	; 32
    317c:	8c 93       	st	X, r24
	 Local_enuErrorState=ES_OK;
    317e:	81 e0       	ldi	r24, 0x01	; 1
    3180:	89 83       	std	Y+1, r24	; 0x01
	 Local_enuErrorState=ES_OUT_OF_RANGE;
#error"your ADC_ADJ has a wrong selection"
#endif


	 return Local_enuErrorState;
    3182:	89 81       	ldd	r24, Y+1	; 0x01
}
    3184:	0f 90       	pop	r0
    3186:	cf 91       	pop	r28
    3188:	df 91       	pop	r29
    318a:	08 95       	ret

0000318c <ADC_enuStartConversion>:

ES_t ADC_enuStartConversion(void)
{
    318c:	df 93       	push	r29
    318e:	cf 93       	push	r28
    3190:	0f 92       	push	r0
    3192:	cd b7       	in	r28, 0x3d	; 61
    3194:	de b7       	in	r29, 0x3e	; 62
	 ES_t Local_enuErrorState=ES_NOK;
    3196:	19 82       	std	Y+1, r1	; 0x01

	 ADCSRA |=(1<<6);
    3198:	a6 e2       	ldi	r26, 0x26	; 38
    319a:	b0 e0       	ldi	r27, 0x00	; 0
    319c:	e6 e2       	ldi	r30, 0x26	; 38
    319e:	f0 e0       	ldi	r31, 0x00	; 0
    31a0:	80 81       	ld	r24, Z
    31a2:	80 64       	ori	r24, 0x40	; 64
    31a4:	8c 93       	st	X, r24
	 Local_enuErrorState=ES_OK;
    31a6:	81 e0       	ldi	r24, 0x01	; 1
    31a8:	89 83       	std	Y+1, r24	; 0x01

	 return Local_enuErrorState;
    31aa:	89 81       	ldd	r24, Y+1	; 0x01
}
    31ac:	0f 90       	pop	r0
    31ae:	cf 91       	pop	r28
    31b0:	df 91       	pop	r29
    31b2:	08 95       	ret

000031b4 <ADC_enuPollingSystem>:

ES_t ADC_enuPollingSystem(void)
{
    31b4:	df 93       	push	r29
    31b6:	cf 93       	push	r28
    31b8:	0f 92       	push	r0
    31ba:	cd b7       	in	r28, 0x3d	; 61
    31bc:	de b7       	in	r29, 0x3e	; 62
	 ES_t Local_enuErrorState=ES_NOK;
    31be:	19 82       	std	Y+1, r1	; 0x01

	 while(((ADCSRA >>4)&1)==0); //WAIT FOR FLAG (ADIF)
    31c0:	e6 e2       	ldi	r30, 0x26	; 38
    31c2:	f0 e0       	ldi	r31, 0x00	; 0
    31c4:	80 81       	ld	r24, Z
    31c6:	82 95       	swap	r24
    31c8:	8f 70       	andi	r24, 0x0F	; 15
    31ca:	88 2f       	mov	r24, r24
    31cc:	90 e0       	ldi	r25, 0x00	; 0
    31ce:	81 70       	andi	r24, 0x01	; 1
    31d0:	90 70       	andi	r25, 0x00	; 0
    31d2:	00 97       	sbiw	r24, 0x00	; 0
    31d4:	a9 f3       	breq	.-22     	; 0x31c0 <ADC_enuPollingSystem+0xc>
	 ADCSRA |=(1<<4);   //CLEAR FLAG
    31d6:	a6 e2       	ldi	r26, 0x26	; 38
    31d8:	b0 e0       	ldi	r27, 0x00	; 0
    31da:	e6 e2       	ldi	r30, 0x26	; 38
    31dc:	f0 e0       	ldi	r31, 0x00	; 0
    31de:	80 81       	ld	r24, Z
    31e0:	80 61       	ori	r24, 0x10	; 16
    31e2:	8c 93       	st	X, r24
	 Local_enuErrorState=ES_OK;
    31e4:	81 e0       	ldi	r24, 0x01	; 1
    31e6:	89 83       	std	Y+1, r24	; 0x01

	 return Local_enuErrorState;
    31e8:	89 81       	ldd	r24, Y+1	; 0x01
}
    31ea:	0f 90       	pop	r0
    31ec:	cf 91       	pop	r28
    31ee:	df 91       	pop	r29
    31f0:	08 95       	ret

000031f2 <ADC_enuReadHighValue>:

ES_t ADC_enuReadHighValue(u8 *Copy_pu8Value)
{
    31f2:	df 93       	push	r29
    31f4:	cf 93       	push	r28
    31f6:	00 d0       	rcall	.+0      	; 0x31f8 <ADC_enuReadHighValue+0x6>
    31f8:	0f 92       	push	r0
    31fa:	cd b7       	in	r28, 0x3d	; 61
    31fc:	de b7       	in	r29, 0x3e	; 62
    31fe:	9b 83       	std	Y+3, r25	; 0x03
    3200:	8a 83       	std	Y+2, r24	; 0x02
	 ES_t Local_enuErrorState=ES_NOK;
    3202:	19 82       	std	Y+1, r1	; 0x01
#if ADC_ADJ==RIGHT_ADJ
	 *Copy_pu8Value =(ADCL >>2);
	 *Copy_pu8Value |=(ADCH <<6);
	 Local_enuErrorState=ES_OK;
#elif ADC_ADJ==LEFT_ADJ
	 *Copy_pu8Value =ADCH;
    3204:	e5 e2       	ldi	r30, 0x25	; 37
    3206:	f0 e0       	ldi	r31, 0x00	; 0
    3208:	80 81       	ld	r24, Z
    320a:	ea 81       	ldd	r30, Y+2	; 0x02
    320c:	fb 81       	ldd	r31, Y+3	; 0x03
    320e:	80 83       	st	Z, r24
	 Local_enuErrorState=ES_OK;
    3210:	81 e0       	ldi	r24, 0x01	; 1
    3212:	89 83       	std	Y+1, r24	; 0x01
#else
	 Local_enuErrorState=ES_OUT_OF_RANGE;
#error"your ADC_ADJ has a wrong selection"
#endif

	 return Local_enuErrorState;
    3214:	89 81       	ldd	r24, Y+1	; 0x01
}
    3216:	0f 90       	pop	r0
    3218:	0f 90       	pop	r0
    321a:	0f 90       	pop	r0
    321c:	cf 91       	pop	r28
    321e:	df 91       	pop	r29
    3220:	08 95       	ret

00003222 <ADC_enuRead>:

ES_t ADC_enuRead(u16 *Copy_pu16Value)
{
    3222:	df 93       	push	r29
    3224:	cf 93       	push	r28
    3226:	00 d0       	rcall	.+0      	; 0x3228 <ADC_enuRead+0x6>
    3228:	0f 92       	push	r0
    322a:	cd b7       	in	r28, 0x3d	; 61
    322c:	de b7       	in	r29, 0x3e	; 62
    322e:	9b 83       	std	Y+3, r25	; 0x03
    3230:	8a 83       	std	Y+2, r24	; 0x02
	 ES_t Local_enuErrorState=ES_NOK;
    3232:	19 82       	std	Y+1, r1	; 0x01
#if ADC_ADJ==RIGHT_ADJ
	 *Copy_pu16Value =ADCL;
	 *Copy_pu16Value |=((u16)ADCH <<8);
	 Local_enuErrorState=ES_OK;
#elif ADC_ADJ==LEFT_ADJ
	 *Copy_pu16Value =(ADCL>>6);
    3234:	e4 e2       	ldi	r30, 0x24	; 36
    3236:	f0 e0       	ldi	r31, 0x00	; 0
    3238:	80 81       	ld	r24, Z
    323a:	82 95       	swap	r24
    323c:	86 95       	lsr	r24
    323e:	86 95       	lsr	r24
    3240:	83 70       	andi	r24, 0x03	; 3
    3242:	88 2f       	mov	r24, r24
    3244:	90 e0       	ldi	r25, 0x00	; 0
    3246:	ea 81       	ldd	r30, Y+2	; 0x02
    3248:	fb 81       	ldd	r31, Y+3	; 0x03
    324a:	91 83       	std	Z+1, r25	; 0x01
    324c:	80 83       	st	Z, r24
	 *Copy_pu16Value |=(ADCH<<2); ///
    324e:	ea 81       	ldd	r30, Y+2	; 0x02
    3250:	fb 81       	ldd	r31, Y+3	; 0x03
    3252:	20 81       	ld	r18, Z
    3254:	31 81       	ldd	r19, Z+1	; 0x01
    3256:	e5 e2       	ldi	r30, 0x25	; 37
    3258:	f0 e0       	ldi	r31, 0x00	; 0
    325a:	80 81       	ld	r24, Z
    325c:	88 2f       	mov	r24, r24
    325e:	90 e0       	ldi	r25, 0x00	; 0
    3260:	88 0f       	add	r24, r24
    3262:	99 1f       	adc	r25, r25
    3264:	88 0f       	add	r24, r24
    3266:	99 1f       	adc	r25, r25
    3268:	82 2b       	or	r24, r18
    326a:	93 2b       	or	r25, r19
    326c:	ea 81       	ldd	r30, Y+2	; 0x02
    326e:	fb 81       	ldd	r31, Y+3	; 0x03
    3270:	91 83       	std	Z+1, r25	; 0x01
    3272:	80 83       	st	Z, r24
	 Local_enuErrorState=ES_OK;
    3274:	81 e0       	ldi	r24, 0x01	; 1
    3276:	89 83       	std	Y+1, r24	; 0x01
#else
	 Local_enuErrorState=ES_OUT_OF_RANGE;
#error"your ADC_ADJ has a wrong selection"
#endif

	 return Local_enuErrorState;
    3278:	89 81       	ldd	r24, Y+1	; 0x01
}
    327a:	0f 90       	pop	r0
    327c:	0f 90       	pop	r0
    327e:	0f 90       	pop	r0
    3280:	cf 91       	pop	r28
    3282:	df 91       	pop	r29
    3284:	08 95       	ret

00003286 <ADC_enuCallBack>:

ES_t ADC_enuCallBack(void(Copy_pfunAppFun)(void*),void *Copy_pvidAppParameter)
{
    3286:	df 93       	push	r29
    3288:	cf 93       	push	r28
    328a:	00 d0       	rcall	.+0      	; 0x328c <ADC_enuCallBack+0x6>
    328c:	00 d0       	rcall	.+0      	; 0x328e <ADC_enuCallBack+0x8>
    328e:	0f 92       	push	r0
    3290:	cd b7       	in	r28, 0x3d	; 61
    3292:	de b7       	in	r29, 0x3e	; 62
    3294:	9b 83       	std	Y+3, r25	; 0x03
    3296:	8a 83       	std	Y+2, r24	; 0x02
    3298:	7d 83       	std	Y+5, r23	; 0x05
    329a:	6c 83       	std	Y+4, r22	; 0x04
	 ES_t Local_enuErrorState=ES_NOK;
    329c:	19 82       	std	Y+1, r1	; 0x01

	 if(Copy_pfunAppFun!=NULL)
    329e:	8a 81       	ldd	r24, Y+2	; 0x02
    32a0:	9b 81       	ldd	r25, Y+3	; 0x03
    32a2:	00 97       	sbiw	r24, 0x00	; 0
    32a4:	79 f0       	breq	.+30     	; 0x32c4 <ADC_enuCallBack+0x3e>
	 {
		 ADC_pfunISRFun=Copy_pfunAppFun;
    32a6:	8a 81       	ldd	r24, Y+2	; 0x02
    32a8:	9b 81       	ldd	r25, Y+3	; 0x03
    32aa:	90 93 67 02 	sts	0x0267, r25
    32ae:	80 93 66 02 	sts	0x0266, r24
		 ADC_pvidISRParameter=Copy_pvidAppParameter;
    32b2:	8c 81       	ldd	r24, Y+4	; 0x04
    32b4:	9d 81       	ldd	r25, Y+5	; 0x05
    32b6:	90 93 69 02 	sts	0x0269, r25
    32ba:	80 93 68 02 	sts	0x0268, r24
		 Local_enuErrorState=ES_OK;
    32be:	81 e0       	ldi	r24, 0x01	; 1
    32c0:	89 83       	std	Y+1, r24	; 0x01
    32c2:	02 c0       	rjmp	.+4      	; 0x32c8 <ADC_enuCallBack+0x42>
	 }
	 else
	 {
		 Local_enuErrorState=ES_NULL_POINTER;
    32c4:	82 e0       	ldi	r24, 0x02	; 2
    32c6:	89 83       	std	Y+1, r24	; 0x01
	 }

	 return Local_enuErrorState;
    32c8:	89 81       	ldd	r24, Y+1	; 0x01
}
    32ca:	0f 90       	pop	r0
    32cc:	0f 90       	pop	r0
    32ce:	0f 90       	pop	r0
    32d0:	0f 90       	pop	r0
    32d2:	0f 90       	pop	r0
    32d4:	cf 91       	pop	r28
    32d6:	df 91       	pop	r29
    32d8:	08 95       	ret

000032da <ADC_enuSelectChannel>:

ES_t ADC_enuSelectChannel(u8 Copy_u8ChannelID)
{
    32da:	df 93       	push	r29
    32dc:	cf 93       	push	r28
    32de:	00 d0       	rcall	.+0      	; 0x32e0 <ADC_enuSelectChannel+0x6>
    32e0:	cd b7       	in	r28, 0x3d	; 61
    32e2:	de b7       	in	r29, 0x3e	; 62
    32e4:	8a 83       	std	Y+2, r24	; 0x02
	 ES_t Local_enuErrorState=ES_NOK;
    32e6:	19 82       	std	Y+1, r1	; 0x01

	 if(Copy_u8ChannelID<32)
    32e8:	8a 81       	ldd	r24, Y+2	; 0x02
    32ea:	80 32       	cpi	r24, 0x20	; 32
    32ec:	90 f4       	brcc	.+36     	; 0x3312 <ADC_enuSelectChannel+0x38>
	 {
		 ADMUX &=~ 0x1F;  //clear bits 4 3 2 1 0 >> 0b00011111 ~ 0b11100000
    32ee:	a7 e2       	ldi	r26, 0x27	; 39
    32f0:	b0 e0       	ldi	r27, 0x00	; 0
    32f2:	e7 e2       	ldi	r30, 0x27	; 39
    32f4:	f0 e0       	ldi	r31, 0x00	; 0
    32f6:	80 81       	ld	r24, Z
    32f8:	80 7e       	andi	r24, 0xE0	; 224
    32fa:	8c 93       	st	X, r24
		 ADMUX |=Copy_u8ChannelID;
    32fc:	a7 e2       	ldi	r26, 0x27	; 39
    32fe:	b0 e0       	ldi	r27, 0x00	; 0
    3300:	e7 e2       	ldi	r30, 0x27	; 39
    3302:	f0 e0       	ldi	r31, 0x00	; 0
    3304:	90 81       	ld	r25, Z
    3306:	8a 81       	ldd	r24, Y+2	; 0x02
    3308:	89 2b       	or	r24, r25
    330a:	8c 93       	st	X, r24
		 Local_enuErrorState=ES_OK;
    330c:	81 e0       	ldi	r24, 0x01	; 1
    330e:	89 83       	std	Y+1, r24	; 0x01
    3310:	02 c0       	rjmp	.+4      	; 0x3316 <ADC_enuSelectChannel+0x3c>
	 }
	 else
	 {
		 Local_enuErrorState=ES_OUT_OF_RANGE;
    3312:	83 e0       	ldi	r24, 0x03	; 3
    3314:	89 83       	std	Y+1, r24	; 0x01
	 }

	 return Local_enuErrorState;
    3316:	89 81       	ldd	r24, Y+1	; 0x01
}
    3318:	0f 90       	pop	r0
    331a:	0f 90       	pop	r0
    331c:	cf 91       	pop	r28
    331e:	df 91       	pop	r29
    3320:	08 95       	ret

00003322 <ADC_enuEnableTriggeringMode>:

ES_t ADC_enuEnableTriggeringMode(u8 Copy_u8TriggeringSource)
{
    3322:	df 93       	push	r29
    3324:	cf 93       	push	r28
    3326:	00 d0       	rcall	.+0      	; 0x3328 <ADC_enuEnableTriggeringMode+0x6>
    3328:	00 d0       	rcall	.+0      	; 0x332a <ADC_enuEnableTriggeringMode+0x8>
    332a:	cd b7       	in	r28, 0x3d	; 61
    332c:	de b7       	in	r29, 0x3e	; 62
    332e:	8a 83       	std	Y+2, r24	; 0x02
	 ES_t Local_enuErrorState=ES_NOK;
    3330:	19 82       	std	Y+1, r1	; 0x01

	 ADCSRA &=~(1<<5); //CLOSE AUTO_TRIGEERING TO SELECT TRIGGER SOURCE
    3332:	a6 e2       	ldi	r26, 0x26	; 38
    3334:	b0 e0       	ldi	r27, 0x00	; 0
    3336:	e6 e2       	ldi	r30, 0x26	; 38
    3338:	f0 e0       	ldi	r31, 0x00	; 0
    333a:	80 81       	ld	r24, Z
    333c:	8f 7d       	andi	r24, 0xDF	; 223
    333e:	8c 93       	st	X, r24

	 switch(Copy_u8TriggeringSource)
    3340:	8a 81       	ldd	r24, Y+2	; 0x02
    3342:	28 2f       	mov	r18, r24
    3344:	30 e0       	ldi	r19, 0x00	; 0
    3346:	3c 83       	std	Y+4, r19	; 0x04
    3348:	2b 83       	std	Y+3, r18	; 0x03
    334a:	8b 81       	ldd	r24, Y+3	; 0x03
    334c:	9c 81       	ldd	r25, Y+4	; 0x04
    334e:	84 30       	cpi	r24, 0x04	; 4
    3350:	91 05       	cpc	r25, r1
    3352:	09 f4       	brne	.+2      	; 0x3356 <ADC_enuEnableTriggeringMode+0x34>
    3354:	77 c0       	rjmp	.+238    	; 0x3444 <ADC_enuEnableTriggeringMode+0x122>
    3356:	2b 81       	ldd	r18, Y+3	; 0x03
    3358:	3c 81       	ldd	r19, Y+4	; 0x04
    335a:	25 30       	cpi	r18, 0x05	; 5
    335c:	31 05       	cpc	r19, r1
    335e:	8c f4       	brge	.+34     	; 0x3382 <ADC_enuEnableTriggeringMode+0x60>
    3360:	8b 81       	ldd	r24, Y+3	; 0x03
    3362:	9c 81       	ldd	r25, Y+4	; 0x04
    3364:	82 30       	cpi	r24, 0x02	; 2
    3366:	91 05       	cpc	r25, r1
    3368:	e9 f1       	breq	.+122    	; 0x33e4 <ADC_enuEnableTriggeringMode+0xc2>
    336a:	2b 81       	ldd	r18, Y+3	; 0x03
    336c:	3c 81       	ldd	r19, Y+4	; 0x04
    336e:	23 30       	cpi	r18, 0x03	; 3
    3370:	31 05       	cpc	r19, r1
    3372:	0c f0       	brlt	.+2      	; 0x3376 <ADC_enuEnableTriggeringMode+0x54>
    3374:	4f c0       	rjmp	.+158    	; 0x3414 <ADC_enuEnableTriggeringMode+0xf2>
    3376:	8b 81       	ldd	r24, Y+3	; 0x03
    3378:	9c 81       	ldd	r25, Y+4	; 0x04
    337a:	81 30       	cpi	r24, 0x01	; 1
    337c:	91 05       	cpc	r25, r1
    337e:	d1 f0       	breq	.+52     	; 0x33b4 <ADC_enuEnableTriggeringMode+0x92>
    3380:	d9 c0       	rjmp	.+434    	; 0x3534 <ADC_enuEnableTriggeringMode+0x212>
    3382:	2b 81       	ldd	r18, Y+3	; 0x03
    3384:	3c 81       	ldd	r19, Y+4	; 0x04
    3386:	26 30       	cpi	r18, 0x06	; 6
    3388:	31 05       	cpc	r19, r1
    338a:	09 f4       	brne	.+2      	; 0x338e <ADC_enuEnableTriggeringMode+0x6c>
    338c:	8b c0       	rjmp	.+278    	; 0x34a4 <ADC_enuEnableTriggeringMode+0x182>
    338e:	8b 81       	ldd	r24, Y+3	; 0x03
    3390:	9c 81       	ldd	r25, Y+4	; 0x04
    3392:	86 30       	cpi	r24, 0x06	; 6
    3394:	91 05       	cpc	r25, r1
    3396:	0c f4       	brge	.+2      	; 0x339a <ADC_enuEnableTriggeringMode+0x78>
    3398:	6d c0       	rjmp	.+218    	; 0x3474 <ADC_enuEnableTriggeringMode+0x152>
    339a:	2b 81       	ldd	r18, Y+3	; 0x03
    339c:	3c 81       	ldd	r19, Y+4	; 0x04
    339e:	27 30       	cpi	r18, 0x07	; 7
    33a0:	31 05       	cpc	r19, r1
    33a2:	09 f4       	brne	.+2      	; 0x33a6 <ADC_enuEnableTriggeringMode+0x84>
    33a4:	97 c0       	rjmp	.+302    	; 0x34d4 <ADC_enuEnableTriggeringMode+0x1b2>
    33a6:	8b 81       	ldd	r24, Y+3	; 0x03
    33a8:	9c 81       	ldd	r25, Y+4	; 0x04
    33aa:	88 30       	cpi	r24, 0x08	; 8
    33ac:	91 05       	cpc	r25, r1
    33ae:	09 f4       	brne	.+2      	; 0x33b2 <ADC_enuEnableTriggeringMode+0x90>
    33b0:	a9 c0       	rjmp	.+338    	; 0x3504 <ADC_enuEnableTriggeringMode+0x1e2>
    33b2:	c0 c0       	rjmp	.+384    	; 0x3534 <ADC_enuEnableTriggeringMode+0x212>
	 {
	 case FREE_RUNNING:
		 SFIOR &=~(1<<7);
    33b4:	a0 e5       	ldi	r26, 0x50	; 80
    33b6:	b0 e0       	ldi	r27, 0x00	; 0
    33b8:	e0 e5       	ldi	r30, 0x50	; 80
    33ba:	f0 e0       	ldi	r31, 0x00	; 0
    33bc:	80 81       	ld	r24, Z
    33be:	8f 77       	andi	r24, 0x7F	; 127
    33c0:	8c 93       	st	X, r24
		 SFIOR &=~(1<<6);
    33c2:	a0 e5       	ldi	r26, 0x50	; 80
    33c4:	b0 e0       	ldi	r27, 0x00	; 0
    33c6:	e0 e5       	ldi	r30, 0x50	; 80
    33c8:	f0 e0       	ldi	r31, 0x00	; 0
    33ca:	80 81       	ld	r24, Z
    33cc:	8f 7b       	andi	r24, 0xBF	; 191
    33ce:	8c 93       	st	X, r24
		 SFIOR &=~(1<<5);
    33d0:	a0 e5       	ldi	r26, 0x50	; 80
    33d2:	b0 e0       	ldi	r27, 0x00	; 0
    33d4:	e0 e5       	ldi	r30, 0x50	; 80
    33d6:	f0 e0       	ldi	r31, 0x00	; 0
    33d8:	80 81       	ld	r24, Z
    33da:	8f 7d       	andi	r24, 0xDF	; 223
    33dc:	8c 93       	st	X, r24
		 Local_enuErrorState=ES_OK;
    33de:	81 e0       	ldi	r24, 0x01	; 1
    33e0:	89 83       	std	Y+1, r24	; 0x01
    33e2:	aa c0       	rjmp	.+340    	; 0x3538 <ADC_enuEnableTriggeringMode+0x216>
		 break;
	 case ANALOG_COMPARATOR:
		 SFIOR &=~(1<<7);
    33e4:	a0 e5       	ldi	r26, 0x50	; 80
    33e6:	b0 e0       	ldi	r27, 0x00	; 0
    33e8:	e0 e5       	ldi	r30, 0x50	; 80
    33ea:	f0 e0       	ldi	r31, 0x00	; 0
    33ec:	80 81       	ld	r24, Z
    33ee:	8f 77       	andi	r24, 0x7F	; 127
    33f0:	8c 93       	st	X, r24
		 SFIOR &=~(1<<6);
    33f2:	a0 e5       	ldi	r26, 0x50	; 80
    33f4:	b0 e0       	ldi	r27, 0x00	; 0
    33f6:	e0 e5       	ldi	r30, 0x50	; 80
    33f8:	f0 e0       	ldi	r31, 0x00	; 0
    33fa:	80 81       	ld	r24, Z
    33fc:	8f 7b       	andi	r24, 0xBF	; 191
    33fe:	8c 93       	st	X, r24
		 SFIOR |=(1<<5);
    3400:	a0 e5       	ldi	r26, 0x50	; 80
    3402:	b0 e0       	ldi	r27, 0x00	; 0
    3404:	e0 e5       	ldi	r30, 0x50	; 80
    3406:	f0 e0       	ldi	r31, 0x00	; 0
    3408:	80 81       	ld	r24, Z
    340a:	80 62       	ori	r24, 0x20	; 32
    340c:	8c 93       	st	X, r24
		 Local_enuErrorState=ES_OK;
    340e:	81 e0       	ldi	r24, 0x01	; 1
    3410:	89 83       	std	Y+1, r24	; 0x01
    3412:	92 c0       	rjmp	.+292    	; 0x3538 <ADC_enuEnableTriggeringMode+0x216>
		 break;
	 case EXT_INT0_REQ:
		 SFIOR &=~(1<<7);
    3414:	a0 e5       	ldi	r26, 0x50	; 80
    3416:	b0 e0       	ldi	r27, 0x00	; 0
    3418:	e0 e5       	ldi	r30, 0x50	; 80
    341a:	f0 e0       	ldi	r31, 0x00	; 0
    341c:	80 81       	ld	r24, Z
    341e:	8f 77       	andi	r24, 0x7F	; 127
    3420:	8c 93       	st	X, r24
		 SFIOR |=(1<<6);
    3422:	a0 e5       	ldi	r26, 0x50	; 80
    3424:	b0 e0       	ldi	r27, 0x00	; 0
    3426:	e0 e5       	ldi	r30, 0x50	; 80
    3428:	f0 e0       	ldi	r31, 0x00	; 0
    342a:	80 81       	ld	r24, Z
    342c:	80 64       	ori	r24, 0x40	; 64
    342e:	8c 93       	st	X, r24
		 SFIOR &=~(1<<5);
    3430:	a0 e5       	ldi	r26, 0x50	; 80
    3432:	b0 e0       	ldi	r27, 0x00	; 0
    3434:	e0 e5       	ldi	r30, 0x50	; 80
    3436:	f0 e0       	ldi	r31, 0x00	; 0
    3438:	80 81       	ld	r24, Z
    343a:	8f 7d       	andi	r24, 0xDF	; 223
    343c:	8c 93       	st	X, r24
		 Local_enuErrorState=ES_OK;
    343e:	81 e0       	ldi	r24, 0x01	; 1
    3440:	89 83       	std	Y+1, r24	; 0x01
    3442:	7a c0       	rjmp	.+244    	; 0x3538 <ADC_enuEnableTriggeringMode+0x216>
		 break;
	 case TIM_COUNT_0_COMPARE_MATCH:
		 SFIOR &=~(1<<7);
    3444:	a0 e5       	ldi	r26, 0x50	; 80
    3446:	b0 e0       	ldi	r27, 0x00	; 0
    3448:	e0 e5       	ldi	r30, 0x50	; 80
    344a:	f0 e0       	ldi	r31, 0x00	; 0
    344c:	80 81       	ld	r24, Z
    344e:	8f 77       	andi	r24, 0x7F	; 127
    3450:	8c 93       	st	X, r24
		 SFIOR |=(1<<6);
    3452:	a0 e5       	ldi	r26, 0x50	; 80
    3454:	b0 e0       	ldi	r27, 0x00	; 0
    3456:	e0 e5       	ldi	r30, 0x50	; 80
    3458:	f0 e0       	ldi	r31, 0x00	; 0
    345a:	80 81       	ld	r24, Z
    345c:	80 64       	ori	r24, 0x40	; 64
    345e:	8c 93       	st	X, r24
		 SFIOR |=(1<<5);
    3460:	a0 e5       	ldi	r26, 0x50	; 80
    3462:	b0 e0       	ldi	r27, 0x00	; 0
    3464:	e0 e5       	ldi	r30, 0x50	; 80
    3466:	f0 e0       	ldi	r31, 0x00	; 0
    3468:	80 81       	ld	r24, Z
    346a:	80 62       	ori	r24, 0x20	; 32
    346c:	8c 93       	st	X, r24
		 Local_enuErrorState=ES_OK;
    346e:	81 e0       	ldi	r24, 0x01	; 1
    3470:	89 83       	std	Y+1, r24	; 0x01
    3472:	62 c0       	rjmp	.+196    	; 0x3538 <ADC_enuEnableTriggeringMode+0x216>
		 break;
	 case TIM_COUNT_0_OVERFLOW:
		 SFIOR |=(1<<7);
    3474:	a0 e5       	ldi	r26, 0x50	; 80
    3476:	b0 e0       	ldi	r27, 0x00	; 0
    3478:	e0 e5       	ldi	r30, 0x50	; 80
    347a:	f0 e0       	ldi	r31, 0x00	; 0
    347c:	80 81       	ld	r24, Z
    347e:	80 68       	ori	r24, 0x80	; 128
    3480:	8c 93       	st	X, r24
		 SFIOR &=~(1<<6);
    3482:	a0 e5       	ldi	r26, 0x50	; 80
    3484:	b0 e0       	ldi	r27, 0x00	; 0
    3486:	e0 e5       	ldi	r30, 0x50	; 80
    3488:	f0 e0       	ldi	r31, 0x00	; 0
    348a:	80 81       	ld	r24, Z
    348c:	8f 7b       	andi	r24, 0xBF	; 191
    348e:	8c 93       	st	X, r24
		 SFIOR &=~(1<<5);
    3490:	a0 e5       	ldi	r26, 0x50	; 80
    3492:	b0 e0       	ldi	r27, 0x00	; 0
    3494:	e0 e5       	ldi	r30, 0x50	; 80
    3496:	f0 e0       	ldi	r31, 0x00	; 0
    3498:	80 81       	ld	r24, Z
    349a:	8f 7d       	andi	r24, 0xDF	; 223
    349c:	8c 93       	st	X, r24
		 Local_enuErrorState=ES_OK;
    349e:	81 e0       	ldi	r24, 0x01	; 1
    34a0:	89 83       	std	Y+1, r24	; 0x01
    34a2:	4a c0       	rjmp	.+148    	; 0x3538 <ADC_enuEnableTriggeringMode+0x216>
		 break;
	 case TIM_COUNT_1_COMPARE_MATCH:
		 SFIOR |=(1<<7);
    34a4:	a0 e5       	ldi	r26, 0x50	; 80
    34a6:	b0 e0       	ldi	r27, 0x00	; 0
    34a8:	e0 e5       	ldi	r30, 0x50	; 80
    34aa:	f0 e0       	ldi	r31, 0x00	; 0
    34ac:	80 81       	ld	r24, Z
    34ae:	80 68       	ori	r24, 0x80	; 128
    34b0:	8c 93       	st	X, r24
		 SFIOR &=~(1<<6);
    34b2:	a0 e5       	ldi	r26, 0x50	; 80
    34b4:	b0 e0       	ldi	r27, 0x00	; 0
    34b6:	e0 e5       	ldi	r30, 0x50	; 80
    34b8:	f0 e0       	ldi	r31, 0x00	; 0
    34ba:	80 81       	ld	r24, Z
    34bc:	8f 7b       	andi	r24, 0xBF	; 191
    34be:	8c 93       	st	X, r24
		 SFIOR |=(1<<5);
    34c0:	a0 e5       	ldi	r26, 0x50	; 80
    34c2:	b0 e0       	ldi	r27, 0x00	; 0
    34c4:	e0 e5       	ldi	r30, 0x50	; 80
    34c6:	f0 e0       	ldi	r31, 0x00	; 0
    34c8:	80 81       	ld	r24, Z
    34ca:	80 62       	ori	r24, 0x20	; 32
    34cc:	8c 93       	st	X, r24
		 Local_enuErrorState=ES_OK;
    34ce:	81 e0       	ldi	r24, 0x01	; 1
    34d0:	89 83       	std	Y+1, r24	; 0x01
    34d2:	32 c0       	rjmp	.+100    	; 0x3538 <ADC_enuEnableTriggeringMode+0x216>
		 break;
	 case TIM_COUNT_1_OVERFLOW:
		 SFIOR |=(1<<7);
    34d4:	a0 e5       	ldi	r26, 0x50	; 80
    34d6:	b0 e0       	ldi	r27, 0x00	; 0
    34d8:	e0 e5       	ldi	r30, 0x50	; 80
    34da:	f0 e0       	ldi	r31, 0x00	; 0
    34dc:	80 81       	ld	r24, Z
    34de:	80 68       	ori	r24, 0x80	; 128
    34e0:	8c 93       	st	X, r24
		 SFIOR |=(1<<6);
    34e2:	a0 e5       	ldi	r26, 0x50	; 80
    34e4:	b0 e0       	ldi	r27, 0x00	; 0
    34e6:	e0 e5       	ldi	r30, 0x50	; 80
    34e8:	f0 e0       	ldi	r31, 0x00	; 0
    34ea:	80 81       	ld	r24, Z
    34ec:	80 64       	ori	r24, 0x40	; 64
    34ee:	8c 93       	st	X, r24
		 SFIOR &=~(1<<5);
    34f0:	a0 e5       	ldi	r26, 0x50	; 80
    34f2:	b0 e0       	ldi	r27, 0x00	; 0
    34f4:	e0 e5       	ldi	r30, 0x50	; 80
    34f6:	f0 e0       	ldi	r31, 0x00	; 0
    34f8:	80 81       	ld	r24, Z
    34fa:	8f 7d       	andi	r24, 0xDF	; 223
    34fc:	8c 93       	st	X, r24
		 Local_enuErrorState=ES_OK;
    34fe:	81 e0       	ldi	r24, 0x01	; 1
    3500:	89 83       	std	Y+1, r24	; 0x01
    3502:	1a c0       	rjmp	.+52     	; 0x3538 <ADC_enuEnableTriggeringMode+0x216>
		 break;
	 case TIM_COUNT_1_CAP_EVENT:
		 SFIOR |=(1<<7);
    3504:	a0 e5       	ldi	r26, 0x50	; 80
    3506:	b0 e0       	ldi	r27, 0x00	; 0
    3508:	e0 e5       	ldi	r30, 0x50	; 80
    350a:	f0 e0       	ldi	r31, 0x00	; 0
    350c:	80 81       	ld	r24, Z
    350e:	80 68       	ori	r24, 0x80	; 128
    3510:	8c 93       	st	X, r24
		 SFIOR |=(1<<6);
    3512:	a0 e5       	ldi	r26, 0x50	; 80
    3514:	b0 e0       	ldi	r27, 0x00	; 0
    3516:	e0 e5       	ldi	r30, 0x50	; 80
    3518:	f0 e0       	ldi	r31, 0x00	; 0
    351a:	80 81       	ld	r24, Z
    351c:	80 64       	ori	r24, 0x40	; 64
    351e:	8c 93       	st	X, r24
		 SFIOR |=(1<<5);
    3520:	a0 e5       	ldi	r26, 0x50	; 80
    3522:	b0 e0       	ldi	r27, 0x00	; 0
    3524:	e0 e5       	ldi	r30, 0x50	; 80
    3526:	f0 e0       	ldi	r31, 0x00	; 0
    3528:	80 81       	ld	r24, Z
    352a:	80 62       	ori	r24, 0x20	; 32
    352c:	8c 93       	st	X, r24
		 Local_enuErrorState=ES_OK;
    352e:	81 e0       	ldi	r24, 0x01	; 1
    3530:	89 83       	std	Y+1, r24	; 0x01
    3532:	02 c0       	rjmp	.+4      	; 0x3538 <ADC_enuEnableTriggeringMode+0x216>
		 break;
	 default:
		 Local_enuErrorState=ES_OUT_OF_RANGE;
    3534:	83 e0       	ldi	r24, 0x03	; 3
    3536:	89 83       	std	Y+1, r24	; 0x01
		 break;
	 }
	 ADCSRA |=(1<<5);
    3538:	a6 e2       	ldi	r26, 0x26	; 38
    353a:	b0 e0       	ldi	r27, 0x00	; 0
    353c:	e6 e2       	ldi	r30, 0x26	; 38
    353e:	f0 e0       	ldi	r31, 0x00	; 0
    3540:	80 81       	ld	r24, Z
    3542:	80 62       	ori	r24, 0x20	; 32
    3544:	8c 93       	st	X, r24

	 return Local_enuErrorState;
    3546:	89 81       	ldd	r24, Y+1	; 0x01
}
    3548:	0f 90       	pop	r0
    354a:	0f 90       	pop	r0
    354c:	0f 90       	pop	r0
    354e:	0f 90       	pop	r0
    3550:	cf 91       	pop	r28
    3552:	df 91       	pop	r29
    3554:	08 95       	ret

00003556 <ADC_enuDisableTriggeringMode>:

ES_t ADC_enuDisableTriggeringMode(void)
{
    3556:	df 93       	push	r29
    3558:	cf 93       	push	r28
    355a:	0f 92       	push	r0
    355c:	cd b7       	in	r28, 0x3d	; 61
    355e:	de b7       	in	r29, 0x3e	; 62
	 ES_t Local_enuErrorState=ES_NOK;
    3560:	19 82       	std	Y+1, r1	; 0x01

	 ADCSRA &=~(1<<5);
    3562:	a6 e2       	ldi	r26, 0x26	; 38
    3564:	b0 e0       	ldi	r27, 0x00	; 0
    3566:	e6 e2       	ldi	r30, 0x26	; 38
    3568:	f0 e0       	ldi	r31, 0x00	; 0
    356a:	80 81       	ld	r24, Z
    356c:	8f 7d       	andi	r24, 0xDF	; 223
    356e:	8c 93       	st	X, r24
	 Local_enuErrorState=ES_OK;
    3570:	81 e0       	ldi	r24, 0x01	; 1
    3572:	89 83       	std	Y+1, r24	; 0x01

	 return Local_enuErrorState;
    3574:	89 81       	ldd	r24, Y+1	; 0x01
}
    3576:	0f 90       	pop	r0
    3578:	cf 91       	pop	r28
    357a:	df 91       	pop	r29
    357c:	08 95       	ret

0000357e <ADC_enuEnableInterruptMode>:

ES_t ADC_enuEnableInterruptMode(void)
{
    357e:	df 93       	push	r29
    3580:	cf 93       	push	r28
    3582:	0f 92       	push	r0
    3584:	cd b7       	in	r28, 0x3d	; 61
    3586:	de b7       	in	r29, 0x3e	; 62
	 ES_t Local_enuErrorState=ES_NOK;
    3588:	19 82       	std	Y+1, r1	; 0x01

	 ADCSRA |=(1<<3);
    358a:	a6 e2       	ldi	r26, 0x26	; 38
    358c:	b0 e0       	ldi	r27, 0x00	; 0
    358e:	e6 e2       	ldi	r30, 0x26	; 38
    3590:	f0 e0       	ldi	r31, 0x00	; 0
    3592:	80 81       	ld	r24, Z
    3594:	88 60       	ori	r24, 0x08	; 8
    3596:	8c 93       	st	X, r24
	 Local_enuErrorState=ES_OK;
    3598:	81 e0       	ldi	r24, 0x01	; 1
    359a:	89 83       	std	Y+1, r24	; 0x01

	 return Local_enuErrorState;
    359c:	89 81       	ldd	r24, Y+1	; 0x01
}
    359e:	0f 90       	pop	r0
    35a0:	cf 91       	pop	r28
    35a2:	df 91       	pop	r29
    35a4:	08 95       	ret

000035a6 <ADC_enuDisableInterruptMode>:

ES_t ADC_enuDisableInterruptMode(void)
{
    35a6:	df 93       	push	r29
    35a8:	cf 93       	push	r28
    35aa:	0f 92       	push	r0
    35ac:	cd b7       	in	r28, 0x3d	; 61
    35ae:	de b7       	in	r29, 0x3e	; 62
	 ES_t Local_enuErrorState=ES_NOK;
    35b0:	19 82       	std	Y+1, r1	; 0x01

	 ADCSRA &=~(1<<3);
    35b2:	a6 e2       	ldi	r26, 0x26	; 38
    35b4:	b0 e0       	ldi	r27, 0x00	; 0
    35b6:	e6 e2       	ldi	r30, 0x26	; 38
    35b8:	f0 e0       	ldi	r31, 0x00	; 0
    35ba:	80 81       	ld	r24, Z
    35bc:	87 7f       	andi	r24, 0xF7	; 247
    35be:	8c 93       	st	X, r24
	 Local_enuErrorState=ES_OK;
    35c0:	81 e0       	ldi	r24, 0x01	; 1
    35c2:	89 83       	std	Y+1, r24	; 0x01

	 return Local_enuErrorState;
    35c4:	89 81       	ldd	r24, Y+1	; 0x01
}
    35c6:	0f 90       	pop	r0
    35c8:	cf 91       	pop	r28
    35ca:	df 91       	pop	r29
    35cc:	08 95       	ret

000035ce <ADC_enuEnable>:

ES_t ADC_enuEnable(void)
{
    35ce:	df 93       	push	r29
    35d0:	cf 93       	push	r28
    35d2:	0f 92       	push	r0
    35d4:	cd b7       	in	r28, 0x3d	; 61
    35d6:	de b7       	in	r29, 0x3e	; 62
	 ES_t Local_enuErrorState=ES_NOK;
    35d8:	19 82       	std	Y+1, r1	; 0x01

	 ADCSRA |=(1<<7);
    35da:	a6 e2       	ldi	r26, 0x26	; 38
    35dc:	b0 e0       	ldi	r27, 0x00	; 0
    35de:	e6 e2       	ldi	r30, 0x26	; 38
    35e0:	f0 e0       	ldi	r31, 0x00	; 0
    35e2:	80 81       	ld	r24, Z
    35e4:	80 68       	ori	r24, 0x80	; 128
    35e6:	8c 93       	st	X, r24
	 Local_enuErrorState=ES_OK;
    35e8:	81 e0       	ldi	r24, 0x01	; 1
    35ea:	89 83       	std	Y+1, r24	; 0x01

	 return Local_enuErrorState;
    35ec:	89 81       	ldd	r24, Y+1	; 0x01
}
    35ee:	0f 90       	pop	r0
    35f0:	cf 91       	pop	r28
    35f2:	df 91       	pop	r29
    35f4:	08 95       	ret

000035f6 <ADC_enuDisable>:

ES_t ADC_enuDisable(void)
{
    35f6:	df 93       	push	r29
    35f8:	cf 93       	push	r28
    35fa:	0f 92       	push	r0
    35fc:	cd b7       	in	r28, 0x3d	; 61
    35fe:	de b7       	in	r29, 0x3e	; 62
	 ES_t Local_enuErrorState=ES_NOK;
    3600:	19 82       	std	Y+1, r1	; 0x01

	 ADCSRA &=~(1<<7);
    3602:	a6 e2       	ldi	r26, 0x26	; 38
    3604:	b0 e0       	ldi	r27, 0x00	; 0
    3606:	e6 e2       	ldi	r30, 0x26	; 38
    3608:	f0 e0       	ldi	r31, 0x00	; 0
    360a:	80 81       	ld	r24, Z
    360c:	8f 77       	andi	r24, 0x7F	; 127
    360e:	8c 93       	st	X, r24
	 Local_enuErrorState=ES_OK;
    3610:	81 e0       	ldi	r24, 0x01	; 1
    3612:	89 83       	std	Y+1, r24	; 0x01

	 return Local_enuErrorState;
    3614:	89 81       	ldd	r24, Y+1	; 0x01
}
    3616:	0f 90       	pop	r0
    3618:	cf 91       	pop	r28
    361a:	df 91       	pop	r29
    361c:	08 95       	ret

0000361e <__vector_16>:


ISR(VECT_ADC)
{
    361e:	1f 92       	push	r1
    3620:	0f 92       	push	r0
    3622:	0f b6       	in	r0, 0x3f	; 63
    3624:	0f 92       	push	r0
    3626:	11 24       	eor	r1, r1
    3628:	2f 93       	push	r18
    362a:	3f 93       	push	r19
    362c:	4f 93       	push	r20
    362e:	5f 93       	push	r21
    3630:	6f 93       	push	r22
    3632:	7f 93       	push	r23
    3634:	8f 93       	push	r24
    3636:	9f 93       	push	r25
    3638:	af 93       	push	r26
    363a:	bf 93       	push	r27
    363c:	ef 93       	push	r30
    363e:	ff 93       	push	r31
    3640:	df 93       	push	r29
    3642:	cf 93       	push	r28
    3644:	cd b7       	in	r28, 0x3d	; 61
    3646:	de b7       	in	r29, 0x3e	; 62
	if(ADC_pfunISRFun!=NULL)
    3648:	80 91 66 02 	lds	r24, 0x0266
    364c:	90 91 67 02 	lds	r25, 0x0267
    3650:	00 97       	sbiw	r24, 0x00	; 0
    3652:	49 f0       	breq	.+18     	; 0x3666 <__vector_16+0x48>
	{
		ADC_pfunISRFun(ADC_pvidISRParameter);
    3654:	e0 91 66 02 	lds	r30, 0x0266
    3658:	f0 91 67 02 	lds	r31, 0x0267
    365c:	80 91 68 02 	lds	r24, 0x0268
    3660:	90 91 69 02 	lds	r25, 0x0269
    3664:	09 95       	icall
	}

}
    3666:	cf 91       	pop	r28
    3668:	df 91       	pop	r29
    366a:	ff 91       	pop	r31
    366c:	ef 91       	pop	r30
    366e:	bf 91       	pop	r27
    3670:	af 91       	pop	r26
    3672:	9f 91       	pop	r25
    3674:	8f 91       	pop	r24
    3676:	7f 91       	pop	r23
    3678:	6f 91       	pop	r22
    367a:	5f 91       	pop	r21
    367c:	4f 91       	pop	r20
    367e:	3f 91       	pop	r19
    3680:	2f 91       	pop	r18
    3682:	0f 90       	pop	r0
    3684:	0f be       	out	0x3f, r0	; 63
    3686:	0f 90       	pop	r0
    3688:	1f 90       	pop	r1
    368a:	18 95       	reti

0000368c <Switch_enuInit>:
#include "Switch_priv.h"

#include "../../MCAL/DIO/DIO_int.h"

ES_t Switch_enuInit(SW_t * copy_AstrSwitchs)
{
    368c:	df 93       	push	r29
    368e:	cf 93       	push	r28
    3690:	00 d0       	rcall	.+0      	; 0x3692 <Switch_enuInit+0x6>
    3692:	00 d0       	rcall	.+0      	; 0x3694 <Switch_enuInit+0x8>
    3694:	cd b7       	in	r28, 0x3d	; 61
    3696:	de b7       	in	r29, 0x3e	; 62
    3698:	9c 83       	std	Y+4, r25	; 0x04
    369a:	8b 83       	std	Y+3, r24	; 0x03
	ES_t Local_enuErrorState = ES_NOK ;
    369c:	1a 82       	std	Y+2, r1	; 0x02

	if(copy_AstrSwitchs !=NULL)
    369e:	8b 81       	ldd	r24, Y+3	; 0x03
    36a0:	9c 81       	ldd	r25, Y+4	; 0x04
    36a2:	00 97       	sbiw	r24, 0x00	; 0
    36a4:	09 f4       	brne	.+2      	; 0x36a8 <Switch_enuInit+0x1c>
    36a6:	5d c0       	rjmp	.+186    	; 0x3762 <Switch_enuInit+0xd6>
	{
		u8 Local_u8Iterator=0;
    36a8:	19 82       	std	Y+1, r1	; 0x01
		for(Local_u8Iterator=0;Local_u8Iterator<SW_NUM;Local_u8Iterator++)
    36aa:	19 82       	std	Y+1, r1	; 0x01
    36ac:	55 c0       	rjmp	.+170    	; 0x3758 <Switch_enuInit+0xcc>
		{
			Local_enuErrorState=DIO_enuSetPinDirection(copy_AstrSwitchs[Local_u8Iterator].SW_PortID,copy_AstrSwitchs[Local_u8Iterator].SW_PinID,DIO_u8INPUT);
    36ae:	89 81       	ldd	r24, Y+1	; 0x01
    36b0:	28 2f       	mov	r18, r24
    36b2:	30 e0       	ldi	r19, 0x00	; 0
    36b4:	c9 01       	movw	r24, r18
    36b6:	88 0f       	add	r24, r24
    36b8:	99 1f       	adc	r25, r25
    36ba:	28 0f       	add	r18, r24
    36bc:	39 1f       	adc	r19, r25
    36be:	8b 81       	ldd	r24, Y+3	; 0x03
    36c0:	9c 81       	ldd	r25, Y+4	; 0x04
    36c2:	fc 01       	movw	r30, r24
    36c4:	e2 0f       	add	r30, r18
    36c6:	f3 1f       	adc	r31, r19
    36c8:	40 81       	ld	r20, Z
    36ca:	89 81       	ldd	r24, Y+1	; 0x01
    36cc:	28 2f       	mov	r18, r24
    36ce:	30 e0       	ldi	r19, 0x00	; 0
    36d0:	c9 01       	movw	r24, r18
    36d2:	88 0f       	add	r24, r24
    36d4:	99 1f       	adc	r25, r25
    36d6:	28 0f       	add	r18, r24
    36d8:	39 1f       	adc	r19, r25
    36da:	8b 81       	ldd	r24, Y+3	; 0x03
    36dc:	9c 81       	ldd	r25, Y+4	; 0x04
    36de:	fc 01       	movw	r30, r24
    36e0:	e2 0f       	add	r30, r18
    36e2:	f3 1f       	adc	r31, r19
    36e4:	91 81       	ldd	r25, Z+1	; 0x01
    36e6:	84 2f       	mov	r24, r20
    36e8:	69 2f       	mov	r22, r25
    36ea:	40 e0       	ldi	r20, 0x00	; 0
    36ec:	0e 94 89 15 	call	0x2b12	; 0x2b12 <DIO_enuSetPinDirection>
    36f0:	8a 83       	std	Y+2, r24	; 0x02
			Local_enuErrorState=DIO_enuSetPinValue(copy_AstrSwitchs[Local_u8Iterator].SW_PortID,copy_AstrSwitchs[Local_u8Iterator].SW_PinID,copy_AstrSwitchs[Local_u8Iterator].SW_Status);
    36f2:	89 81       	ldd	r24, Y+1	; 0x01
    36f4:	28 2f       	mov	r18, r24
    36f6:	30 e0       	ldi	r19, 0x00	; 0
    36f8:	c9 01       	movw	r24, r18
    36fa:	88 0f       	add	r24, r24
    36fc:	99 1f       	adc	r25, r25
    36fe:	28 0f       	add	r18, r24
    3700:	39 1f       	adc	r19, r25
    3702:	8b 81       	ldd	r24, Y+3	; 0x03
    3704:	9c 81       	ldd	r25, Y+4	; 0x04
    3706:	fc 01       	movw	r30, r24
    3708:	e2 0f       	add	r30, r18
    370a:	f3 1f       	adc	r31, r19
    370c:	50 81       	ld	r21, Z
    370e:	89 81       	ldd	r24, Y+1	; 0x01
    3710:	28 2f       	mov	r18, r24
    3712:	30 e0       	ldi	r19, 0x00	; 0
    3714:	c9 01       	movw	r24, r18
    3716:	88 0f       	add	r24, r24
    3718:	99 1f       	adc	r25, r25
    371a:	28 0f       	add	r18, r24
    371c:	39 1f       	adc	r19, r25
    371e:	8b 81       	ldd	r24, Y+3	; 0x03
    3720:	9c 81       	ldd	r25, Y+4	; 0x04
    3722:	fc 01       	movw	r30, r24
    3724:	e2 0f       	add	r30, r18
    3726:	f3 1f       	adc	r31, r19
    3728:	41 81       	ldd	r20, Z+1	; 0x01
    372a:	89 81       	ldd	r24, Y+1	; 0x01
    372c:	28 2f       	mov	r18, r24
    372e:	30 e0       	ldi	r19, 0x00	; 0
    3730:	c9 01       	movw	r24, r18
    3732:	88 0f       	add	r24, r24
    3734:	99 1f       	adc	r25, r25
    3736:	28 0f       	add	r18, r24
    3738:	39 1f       	adc	r19, r25
    373a:	8b 81       	ldd	r24, Y+3	; 0x03
    373c:	9c 81       	ldd	r25, Y+4	; 0x04
    373e:	fc 01       	movw	r30, r24
    3740:	e2 0f       	add	r30, r18
    3742:	f3 1f       	adc	r31, r19
    3744:	92 81       	ldd	r25, Z+2	; 0x02
    3746:	85 2f       	mov	r24, r21
    3748:	64 2f       	mov	r22, r20
    374a:	49 2f       	mov	r20, r25
    374c:	0e 94 75 16 	call	0x2cea	; 0x2cea <DIO_enuSetPinValue>
    3750:	8a 83       	std	Y+2, r24	; 0x02
	ES_t Local_enuErrorState = ES_NOK ;

	if(copy_AstrSwitchs !=NULL)
	{
		u8 Local_u8Iterator=0;
		for(Local_u8Iterator=0;Local_u8Iterator<SW_NUM;Local_u8Iterator++)
    3752:	89 81       	ldd	r24, Y+1	; 0x01
    3754:	8f 5f       	subi	r24, 0xFF	; 255
    3756:	89 83       	std	Y+1, r24	; 0x01
    3758:	89 81       	ldd	r24, Y+1	; 0x01
    375a:	83 30       	cpi	r24, 0x03	; 3
    375c:	08 f4       	brcc	.+2      	; 0x3760 <Switch_enuInit+0xd4>
    375e:	a7 cf       	rjmp	.-178    	; 0x36ae <Switch_enuInit+0x22>
    3760:	02 c0       	rjmp	.+4      	; 0x3766 <Switch_enuInit+0xda>
			Local_enuErrorState=DIO_enuSetPinValue(copy_AstrSwitchs[Local_u8Iterator].SW_PortID,copy_AstrSwitchs[Local_u8Iterator].SW_PinID,copy_AstrSwitchs[Local_u8Iterator].SW_Status);
		}
	}
	else
	{
		Local_enuErrorState=ES_NULL_POINTER;
    3762:	82 e0       	ldi	r24, 0x02	; 2
    3764:	8a 83       	std	Y+2, r24	; 0x02
	}

	return Local_enuErrorState;
    3766:	8a 81       	ldd	r24, Y+2	; 0x02
}
    3768:	0f 90       	pop	r0
    376a:	0f 90       	pop	r0
    376c:	0f 90       	pop	r0
    376e:	0f 90       	pop	r0
    3770:	cf 91       	pop	r28
    3772:	df 91       	pop	r29
    3774:	08 95       	ret

00003776 <Switch_enuGetState>:

ES_t Switch_enuGetState(SW_t * copy_AstrSwitchs,u8 * copy_pu8SwState)
{
    3776:	df 93       	push	r29
    3778:	cf 93       	push	r28
    377a:	00 d0       	rcall	.+0      	; 0x377c <Switch_enuGetState+0x6>
    377c:	00 d0       	rcall	.+0      	; 0x377e <Switch_enuGetState+0x8>
    377e:	0f 92       	push	r0
    3780:	cd b7       	in	r28, 0x3d	; 61
    3782:	de b7       	in	r29, 0x3e	; 62
    3784:	9b 83       	std	Y+3, r25	; 0x03
    3786:	8a 83       	std	Y+2, r24	; 0x02
    3788:	7d 83       	std	Y+5, r23	; 0x05
    378a:	6c 83       	std	Y+4, r22	; 0x04
	ES_t Local_enuErrorState = ES_NOK ;
    378c:	19 82       	std	Y+1, r1	; 0x01

	if(copy_AstrSwitchs !=NULL && copy_pu8SwState !=NULL)
    378e:	8a 81       	ldd	r24, Y+2	; 0x02
    3790:	9b 81       	ldd	r25, Y+3	; 0x03
    3792:	00 97       	sbiw	r24, 0x00	; 0
    3794:	89 f0       	breq	.+34     	; 0x37b8 <Switch_enuGetState+0x42>
    3796:	8c 81       	ldd	r24, Y+4	; 0x04
    3798:	9d 81       	ldd	r25, Y+5	; 0x05
    379a:	00 97       	sbiw	r24, 0x00	; 0
    379c:	69 f0       	breq	.+26     	; 0x37b8 <Switch_enuGetState+0x42>
	{
		Local_enuErrorState=DIO_enuGetPinValue(copy_AstrSwitchs->SW_PortID,copy_AstrSwitchs->SW_PinID,copy_pu8SwState);
    379e:	ea 81       	ldd	r30, Y+2	; 0x02
    37a0:	fb 81       	ldd	r31, Y+3	; 0x03
    37a2:	80 81       	ld	r24, Z
    37a4:	ea 81       	ldd	r30, Y+2	; 0x02
    37a6:	fb 81       	ldd	r31, Y+3	; 0x03
    37a8:	91 81       	ldd	r25, Z+1	; 0x01
    37aa:	2c 81       	ldd	r18, Y+4	; 0x04
    37ac:	3d 81       	ldd	r19, Y+5	; 0x05
    37ae:	69 2f       	mov	r22, r25
    37b0:	a9 01       	movw	r20, r18
    37b2:	0e 94 ef 17 	call	0x2fde	; 0x2fde <DIO_enuGetPinValue>
    37b6:	89 83       	std	Y+1, r24	; 0x01
	}

	return Local_enuErrorState;
    37b8:	89 81       	ldd	r24, Y+1	; 0x01
}
    37ba:	0f 90       	pop	r0
    37bc:	0f 90       	pop	r0
    37be:	0f 90       	pop	r0
    37c0:	0f 90       	pop	r0
    37c2:	0f 90       	pop	r0
    37c4:	cf 91       	pop	r28
    37c6:	df 91       	pop	r29
    37c8:	08 95       	ret

000037ca <LM35_enuInit>:




ES_t LM35_enuInit(TR_t *Copy_pstrLM)
{
    37ca:	df 93       	push	r29
    37cc:	cf 93       	push	r28
    37ce:	00 d0       	rcall	.+0      	; 0x37d0 <LM35_enuInit+0x6>
    37d0:	0f 92       	push	r0
    37d2:	cd b7       	in	r28, 0x3d	; 61
    37d4:	de b7       	in	r29, 0x3e	; 62
    37d6:	9b 83       	std	Y+3, r25	; 0x03
    37d8:	8a 83       	std	Y+2, r24	; 0x02
	ES_t Local_enuErrorState=ES_NOK;
    37da:	19 82       	std	Y+1, r1	; 0x01


	if(Copy_pstrLM!=NULL)
    37dc:	8a 81       	ldd	r24, Y+2	; 0x02
    37de:	9b 81       	ldd	r25, Y+3	; 0x03
    37e0:	00 97       	sbiw	r24, 0x00	; 0
    37e2:	31 f1       	breq	.+76     	; 0x3830 <LM35_enuInit+0x66>
	{

		if(Copy_pstrLM->TR_u8PosPinID!=NOT_CONNECTED)
    37e4:	ea 81       	ldd	r30, Y+2	; 0x02
    37e6:	fb 81       	ldd	r31, Y+3	; 0x03
    37e8:	80 81       	ld	r24, Z
    37ea:	88 23       	and	r24, r24
    37ec:	91 f0       	breq	.+36     	; 0x3812 <LM35_enuInit+0x48>
		{
			Local_enuErrorState=DIO_enuSetPinDirection(DIO_u8PORTA,Copy_pstrLM->TR_u8PosPinID,DIO_u8INPUT);
    37ee:	ea 81       	ldd	r30, Y+2	; 0x02
    37f0:	fb 81       	ldd	r31, Y+3	; 0x03
    37f2:	90 81       	ld	r25, Z
    37f4:	80 e0       	ldi	r24, 0x00	; 0
    37f6:	69 2f       	mov	r22, r25
    37f8:	40 e0       	ldi	r20, 0x00	; 0
    37fa:	0e 94 89 15 	call	0x2b12	; 0x2b12 <DIO_enuSetPinDirection>
    37fe:	89 83       	std	Y+1, r24	; 0x01
			Local_enuErrorState=ADC_enuInit();
    3800:	0e 94 8b 18 	call	0x3116	; 0x3116 <ADC_enuInit>
    3804:	89 83       	std	Y+1, r24	; 0x01
			Local_enuErrorState=ADC_enuSelectChannel(Copy_pstrLM->TR_u8PosPinID);
    3806:	ea 81       	ldd	r30, Y+2	; 0x02
    3808:	fb 81       	ldd	r31, Y+3	; 0x03
    380a:	80 81       	ld	r24, Z
    380c:	0e 94 6d 19 	call	0x32da	; 0x32da <ADC_enuSelectChannel>
    3810:	89 83       	std	Y+1, r24	; 0x01

		}
		if(Copy_pstrLM->TR_u8NegPinID!=NOT_CONNECTED)
    3812:	ea 81       	ldd	r30, Y+2	; 0x02
    3814:	fb 81       	ldd	r31, Y+3	; 0x03
    3816:	81 81       	ldd	r24, Z+1	; 0x01
    3818:	88 23       	and	r24, r24
    381a:	61 f0       	breq	.+24     	; 0x3834 <LM35_enuInit+0x6a>
		{
			Local_enuErrorState=DIO_enuSetPinDirection(DIO_u8PORTA,Copy_pstrLM->TR_u8NegPinID,DIO_u8INPUT);
    381c:	ea 81       	ldd	r30, Y+2	; 0x02
    381e:	fb 81       	ldd	r31, Y+3	; 0x03
    3820:	91 81       	ldd	r25, Z+1	; 0x01
    3822:	80 e0       	ldi	r24, 0x00	; 0
    3824:	69 2f       	mov	r22, r25
    3826:	40 e0       	ldi	r20, 0x00	; 0
    3828:	0e 94 89 15 	call	0x2b12	; 0x2b12 <DIO_enuSetPinDirection>
    382c:	89 83       	std	Y+1, r24	; 0x01
    382e:	02 c0       	rjmp	.+4      	; 0x3834 <LM35_enuInit+0x6a>
		}

	}
	else
	{
		Local_enuErrorState=ES_NULL_POINTER;
    3830:	82 e0       	ldi	r24, 0x02	; 2
    3832:	89 83       	std	Y+1, r24	; 0x01
	}

	return Local_enuErrorState;
    3834:	89 81       	ldd	r24, Y+1	; 0x01
}
    3836:	0f 90       	pop	r0
    3838:	0f 90       	pop	r0
    383a:	0f 90       	pop	r0
    383c:	cf 91       	pop	r28
    383e:	df 91       	pop	r29
    3840:	08 95       	ret

00003842 <LM35_enuGetTemp>:

ES_t LM35_enuGetTemp(f32 * Copy_pf32Temp)
{
    3842:	df 93       	push	r29
    3844:	cf 93       	push	r28
    3846:	00 d0       	rcall	.+0      	; 0x3848 <LM35_enuGetTemp+0x6>
    3848:	00 d0       	rcall	.+0      	; 0x384a <LM35_enuGetTemp+0x8>
    384a:	0f 92       	push	r0
    384c:	cd b7       	in	r28, 0x3d	; 61
    384e:	de b7       	in	r29, 0x3e	; 62
    3850:	9d 83       	std	Y+5, r25	; 0x05
    3852:	8c 83       	std	Y+4, r24	; 0x04
	ES_t Local_enuErrorState=ES_NOK;
    3854:	19 82       	std	Y+1, r1	; 0x01

	u16 Local_u16ADCread=0;
    3856:	1b 82       	std	Y+3, r1	; 0x03
    3858:	1a 82       	std	Y+2, r1	; 0x02
	ADC_enuRead(&Local_u16ADCread);
    385a:	ce 01       	movw	r24, r28
    385c:	02 96       	adiw	r24, 0x02	; 2
    385e:	0e 94 11 19 	call	0x3222	; 0x3222 <ADC_enuRead>
	*Copy_pf32Temp=((Local_u16ADCread*4.88)/10.00);
    3862:	8a 81       	ldd	r24, Y+2	; 0x02
    3864:	9b 81       	ldd	r25, Y+3	; 0x03
    3866:	cc 01       	movw	r24, r24
    3868:	a0 e0       	ldi	r26, 0x00	; 0
    386a:	b0 e0       	ldi	r27, 0x00	; 0
    386c:	bc 01       	movw	r22, r24
    386e:	cd 01       	movw	r24, r26
    3870:	0e 94 d9 04 	call	0x9b2	; 0x9b2 <__floatunsisf>
    3874:	dc 01       	movw	r26, r24
    3876:	cb 01       	movw	r24, r22
    3878:	bc 01       	movw	r22, r24
    387a:	cd 01       	movw	r24, r26
    387c:	26 ef       	ldi	r18, 0xF6	; 246
    387e:	38 e2       	ldi	r19, 0x28	; 40
    3880:	4c e9       	ldi	r20, 0x9C	; 156
    3882:	50 e4       	ldi	r21, 0x40	; 64
    3884:	0e 94 1f 02 	call	0x43e	; 0x43e <__mulsf3>
    3888:	dc 01       	movw	r26, r24
    388a:	cb 01       	movw	r24, r22
    388c:	bc 01       	movw	r22, r24
    388e:	cd 01       	movw	r24, r26
    3890:	20 e0       	ldi	r18, 0x00	; 0
    3892:	30 e0       	ldi	r19, 0x00	; 0
    3894:	40 e2       	ldi	r20, 0x20	; 32
    3896:	51 e4       	ldi	r21, 0x41	; 65
    3898:	0e 94 19 03 	call	0x632	; 0x632 <__divsf3>
    389c:	dc 01       	movw	r26, r24
    389e:	cb 01       	movw	r24, r22
    38a0:	ec 81       	ldd	r30, Y+4	; 0x04
    38a2:	fd 81       	ldd	r31, Y+5	; 0x05
    38a4:	80 83       	st	Z, r24
    38a6:	91 83       	std	Z+1, r25	; 0x01
    38a8:	a2 83       	std	Z+2, r26	; 0x02
    38aa:	b3 83       	std	Z+3, r27	; 0x03

	return Local_enuErrorState;
    38ac:	89 81       	ldd	r24, Y+1	; 0x01
}
    38ae:	0f 90       	pop	r0
    38b0:	0f 90       	pop	r0
    38b2:	0f 90       	pop	r0
    38b4:	0f 90       	pop	r0
    38b6:	0f 90       	pop	r0
    38b8:	cf 91       	pop	r28
    38ba:	df 91       	pop	r29
    38bc:	08 95       	ret

000038be <LCD_enuInit>:
#include "LCD_priv.h"

#include "util/delay.h"

ES_t LCD_enuInit(void)
{
    38be:	0f 93       	push	r16
    38c0:	1f 93       	push	r17
    38c2:	df 93       	push	r29
    38c4:	cf 93       	push	r28
    38c6:	cd b7       	in	r28, 0x3d	; 61
    38c8:	de b7       	in	r29, 0x3e	; 62
    38ca:	c7 54       	subi	r28, 0x47	; 71
    38cc:	d0 40       	sbci	r29, 0x00	; 0
    38ce:	0f b6       	in	r0, 0x3f	; 63
    38d0:	f8 94       	cli
    38d2:	de bf       	out	0x3e, r29	; 62
    38d4:	0f be       	out	0x3f, r0	; 63
    38d6:	cd bf       	out	0x3d, r28	; 61
	ES_t Local_enuErrorState=ES_NOK;
    38d8:	fe 01       	movw	r30, r28
    38da:	e9 5b       	subi	r30, 0xB9	; 185
    38dc:	ff 4f       	sbci	r31, 0xFF	; 255
    38de:	10 82       	st	Z, r1
    38e0:	fe 01       	movw	r30, r28
    38e2:	ed 5b       	subi	r30, 0xBD	; 189
    38e4:	ff 4f       	sbci	r31, 0xFF	; 255
    38e6:	80 e0       	ldi	r24, 0x00	; 0
    38e8:	90 e0       	ldi	r25, 0x00	; 0
    38ea:	ac e0       	ldi	r26, 0x0C	; 12
    38ec:	b2 e4       	ldi	r27, 0x42	; 66
    38ee:	80 83       	st	Z, r24
    38f0:	91 83       	std	Z+1, r25	; 0x01
    38f2:	a2 83       	std	Z+2, r26	; 0x02
    38f4:	b3 83       	std	Z+3, r27	; 0x03
 */
void
_delay_ms(double __ms)
{
	uint16_t __ticks;
	double __tmp = ((F_CPU) / 4e3) * __ms;
    38f6:	8e 01       	movw	r16, r28
    38f8:	01 5c       	subi	r16, 0xC1	; 193
    38fa:	1f 4f       	sbci	r17, 0xFF	; 255
    38fc:	fe 01       	movw	r30, r28
    38fe:	ed 5b       	subi	r30, 0xBD	; 189
    3900:	ff 4f       	sbci	r31, 0xFF	; 255
    3902:	60 81       	ld	r22, Z
    3904:	71 81       	ldd	r23, Z+1	; 0x01
    3906:	82 81       	ldd	r24, Z+2	; 0x02
    3908:	93 81       	ldd	r25, Z+3	; 0x03
    390a:	20 e0       	ldi	r18, 0x00	; 0
    390c:	30 e0       	ldi	r19, 0x00	; 0
    390e:	4a e7       	ldi	r20, 0x7A	; 122
    3910:	53 e4       	ldi	r21, 0x43	; 67
    3912:	0e 94 1f 02 	call	0x43e	; 0x43e <__mulsf3>
    3916:	dc 01       	movw	r26, r24
    3918:	cb 01       	movw	r24, r22
    391a:	f8 01       	movw	r30, r16
    391c:	80 83       	st	Z, r24
    391e:	91 83       	std	Z+1, r25	; 0x01
    3920:	a2 83       	std	Z+2, r26	; 0x02
    3922:	b3 83       	std	Z+3, r27	; 0x03
	if (__tmp < 1.0)
    3924:	fe 01       	movw	r30, r28
    3926:	ff 96       	adiw	r30, 0x3f	; 63
    3928:	60 81       	ld	r22, Z
    392a:	71 81       	ldd	r23, Z+1	; 0x01
    392c:	82 81       	ldd	r24, Z+2	; 0x02
    392e:	93 81       	ldd	r25, Z+3	; 0x03
    3930:	20 e0       	ldi	r18, 0x00	; 0
    3932:	30 e0       	ldi	r19, 0x00	; 0
    3934:	40 e8       	ldi	r20, 0x80	; 128
    3936:	5f e3       	ldi	r21, 0x3F	; 63
    3938:	0e 94 55 04 	call	0x8aa	; 0x8aa <__ltsf2>
    393c:	88 23       	and	r24, r24
    393e:	2c f4       	brge	.+10     	; 0x394a <LCD_enuInit+0x8c>
		__ticks = 1;
    3940:	81 e0       	ldi	r24, 0x01	; 1
    3942:	90 e0       	ldi	r25, 0x00	; 0
    3944:	9e af       	std	Y+62, r25	; 0x3e
    3946:	8d af       	std	Y+61, r24	; 0x3d
    3948:	46 c0       	rjmp	.+140    	; 0x39d6 <LCD_enuInit+0x118>
	else if (__tmp > 65535)
    394a:	fe 01       	movw	r30, r28
    394c:	ff 96       	adiw	r30, 0x3f	; 63
    394e:	60 81       	ld	r22, Z
    3950:	71 81       	ldd	r23, Z+1	; 0x01
    3952:	82 81       	ldd	r24, Z+2	; 0x02
    3954:	93 81       	ldd	r25, Z+3	; 0x03
    3956:	20 e0       	ldi	r18, 0x00	; 0
    3958:	3f ef       	ldi	r19, 0xFF	; 255
    395a:	4f e7       	ldi	r20, 0x7F	; 127
    395c:	57 e4       	ldi	r21, 0x47	; 71
    395e:	0e 94 f5 03 	call	0x7ea	; 0x7ea <__gtsf2>
    3962:	18 16       	cp	r1, r24
    3964:	64 f5       	brge	.+88     	; 0x39be <LCD_enuInit+0x100>
	{
		//	__ticks = requested delay in 1/10 ms
		__ticks = (uint16_t) (__ms * 10.0);
    3966:	fe 01       	movw	r30, r28
    3968:	ed 5b       	subi	r30, 0xBD	; 189
    396a:	ff 4f       	sbci	r31, 0xFF	; 255
    396c:	60 81       	ld	r22, Z
    396e:	71 81       	ldd	r23, Z+1	; 0x01
    3970:	82 81       	ldd	r24, Z+2	; 0x02
    3972:	93 81       	ldd	r25, Z+3	; 0x03
    3974:	20 e0       	ldi	r18, 0x00	; 0
    3976:	30 e0       	ldi	r19, 0x00	; 0
    3978:	40 e2       	ldi	r20, 0x20	; 32
    397a:	51 e4       	ldi	r21, 0x41	; 65
    397c:	0e 94 1f 02 	call	0x43e	; 0x43e <__mulsf3>
    3980:	dc 01       	movw	r26, r24
    3982:	cb 01       	movw	r24, r22
    3984:	bc 01       	movw	r22, r24
    3986:	cd 01       	movw	r24, r26
    3988:	0e 94 49 00 	call	0x92	; 0x92 <__fixunssfsi>
    398c:	dc 01       	movw	r26, r24
    398e:	cb 01       	movw	r24, r22
    3990:	9e af       	std	Y+62, r25	; 0x3e
    3992:	8d af       	std	Y+61, r24	; 0x3d
    3994:	0f c0       	rjmp	.+30     	; 0x39b4 <LCD_enuInit+0xf6>
    3996:	89 e1       	ldi	r24, 0x19	; 25
    3998:	90 e0       	ldi	r25, 0x00	; 0
    399a:	9c af       	std	Y+60, r25	; 0x3c
    399c:	8b af       	std	Y+59, r24	; 0x3b
    milliseconds can be achieved.
 */
void
_delay_loop_2(uint16_t __count)
{
	__asm__ volatile (
    399e:	8b ad       	ldd	r24, Y+59	; 0x3b
    39a0:	9c ad       	ldd	r25, Y+60	; 0x3c
    39a2:	01 97       	sbiw	r24, 0x01	; 1
    39a4:	f1 f7       	brne	.-4      	; 0x39a2 <LCD_enuInit+0xe4>
    39a6:	9c af       	std	Y+60, r25	; 0x3c
    39a8:	8b af       	std	Y+59, r24	; 0x3b
		while(__ticks)
		{
			// wait 1/10 ms
			_delay_loop_2(((F_CPU) / 4e3) / 10);
			__ticks --;
    39aa:	8d ad       	ldd	r24, Y+61	; 0x3d
    39ac:	9e ad       	ldd	r25, Y+62	; 0x3e
    39ae:	01 97       	sbiw	r24, 0x01	; 1
    39b0:	9e af       	std	Y+62, r25	; 0x3e
    39b2:	8d af       	std	Y+61, r24	; 0x3d
		__ticks = 1;
	else if (__tmp > 65535)
	{
		//	__ticks = requested delay in 1/10 ms
		__ticks = (uint16_t) (__ms * 10.0);
		while(__ticks)
    39b4:	8d ad       	ldd	r24, Y+61	; 0x3d
    39b6:	9e ad       	ldd	r25, Y+62	; 0x3e
    39b8:	00 97       	sbiw	r24, 0x00	; 0
    39ba:	69 f7       	brne	.-38     	; 0x3996 <LCD_enuInit+0xd8>
    39bc:	16 c0       	rjmp	.+44     	; 0x39ea <LCD_enuInit+0x12c>
			__ticks --;
		}
		return;
	}
	else
		__ticks = (uint16_t)__tmp;
    39be:	fe 01       	movw	r30, r28
    39c0:	ff 96       	adiw	r30, 0x3f	; 63
    39c2:	60 81       	ld	r22, Z
    39c4:	71 81       	ldd	r23, Z+1	; 0x01
    39c6:	82 81       	ldd	r24, Z+2	; 0x02
    39c8:	93 81       	ldd	r25, Z+3	; 0x03
    39ca:	0e 94 49 00 	call	0x92	; 0x92 <__fixunssfsi>
    39ce:	dc 01       	movw	r26, r24
    39d0:	cb 01       	movw	r24, r22
    39d2:	9e af       	std	Y+62, r25	; 0x3e
    39d4:	8d af       	std	Y+61, r24	; 0x3d
    39d6:	8d ad       	ldd	r24, Y+61	; 0x3d
    39d8:	9e ad       	ldd	r25, Y+62	; 0x3e
    39da:	9a af       	std	Y+58, r25	; 0x3a
    39dc:	89 af       	std	Y+57, r24	; 0x39
    39de:	89 ad       	ldd	r24, Y+57	; 0x39
    39e0:	9a ad       	ldd	r25, Y+58	; 0x3a
    39e2:	01 97       	sbiw	r24, 0x01	; 1
    39e4:	f1 f7       	brne	.-4      	; 0x39e2 <LCD_enuInit+0x124>
    39e6:	9a af       	std	Y+58, r25	; 0x3a
    39e8:	89 af       	std	Y+57, r24	; 0x39
	_delay_ms(35);
	DIO_enuSetPinDirection(RS_PORT,RS_PIN,DIO_u8OUTPUT);
    39ea:	83 e0       	ldi	r24, 0x03	; 3
    39ec:	60 e0       	ldi	r22, 0x00	; 0
    39ee:	41 e0       	ldi	r20, 0x01	; 1
    39f0:	0e 94 89 15 	call	0x2b12	; 0x2b12 <DIO_enuSetPinDirection>
	DIO_enuSetPinDirection(RW_PORT,RW_PIN,DIO_u8OUTPUT);
    39f4:	83 e0       	ldi	r24, 0x03	; 3
    39f6:	61 e0       	ldi	r22, 0x01	; 1
    39f8:	41 e0       	ldi	r20, 0x01	; 1
    39fa:	0e 94 89 15 	call	0x2b12	; 0x2b12 <DIO_enuSetPinDirection>
	DIO_enuSetPinDirection(EN_PORT,EN_PIN,DIO_u8OUTPUT);
    39fe:	83 e0       	ldi	r24, 0x03	; 3
    3a00:	63 e0       	ldi	r22, 0x03	; 3
    3a02:	41 e0       	ldi	r20, 0x01	; 1
    3a04:	0e 94 89 15 	call	0x2b12	; 0x2b12 <DIO_enuSetPinDirection>

	DIO_enuSetPinDirection(D7_PORT,D7_PIN,DIO_u8OUTPUT);
    3a08:	82 e0       	ldi	r24, 0x02	; 2
    3a0a:	67 e0       	ldi	r22, 0x07	; 7
    3a0c:	41 e0       	ldi	r20, 0x01	; 1
    3a0e:	0e 94 89 15 	call	0x2b12	; 0x2b12 <DIO_enuSetPinDirection>
	DIO_enuSetPinDirection(D6_PORT,D6_PIN,DIO_u8OUTPUT);
    3a12:	82 e0       	ldi	r24, 0x02	; 2
    3a14:	66 e0       	ldi	r22, 0x06	; 6
    3a16:	41 e0       	ldi	r20, 0x01	; 1
    3a18:	0e 94 89 15 	call	0x2b12	; 0x2b12 <DIO_enuSetPinDirection>
	DIO_enuSetPinDirection(D5_PORT,D5_PIN,DIO_u8OUTPUT);
    3a1c:	82 e0       	ldi	r24, 0x02	; 2
    3a1e:	65 e0       	ldi	r22, 0x05	; 5
    3a20:	41 e0       	ldi	r20, 0x01	; 1
    3a22:	0e 94 89 15 	call	0x2b12	; 0x2b12 <DIO_enuSetPinDirection>
	DIO_enuSetPinDirection(D4_PORT,D4_PIN,DIO_u8OUTPUT);
    3a26:	82 e0       	ldi	r24, 0x02	; 2
    3a28:	64 e0       	ldi	r22, 0x04	; 4
    3a2a:	41 e0       	ldi	r20, 0x01	; 1
    3a2c:	0e 94 89 15 	call	0x2b12	; 0x2b12 <DIO_enuSetPinDirection>

	//FUNCTION SET
#if LCD_MODE==EIGHT_BIT
	DIO_enuSetPinDirection(D3_PORT,D3_PIN,DIO_u8OUTPUT);
    3a30:	82 e0       	ldi	r24, 0x02	; 2
    3a32:	63 e0       	ldi	r22, 0x03	; 3
    3a34:	41 e0       	ldi	r20, 0x01	; 1
    3a36:	0e 94 89 15 	call	0x2b12	; 0x2b12 <DIO_enuSetPinDirection>
	DIO_enuSetPinDirection(D2_PORT,D2_PIN,DIO_u8OUTPUT);
    3a3a:	82 e0       	ldi	r24, 0x02	; 2
    3a3c:	62 e0       	ldi	r22, 0x02	; 2
    3a3e:	41 e0       	ldi	r20, 0x01	; 1
    3a40:	0e 94 89 15 	call	0x2b12	; 0x2b12 <DIO_enuSetPinDirection>
	DIO_enuSetPinDirection(D1_PORT,D1_PIN,DIO_u8OUTPUT);
    3a44:	82 e0       	ldi	r24, 0x02	; 2
    3a46:	61 e0       	ldi	r22, 0x01	; 1
    3a48:	41 e0       	ldi	r20, 0x01	; 1
    3a4a:	0e 94 89 15 	call	0x2b12	; 0x2b12 <DIO_enuSetPinDirection>
	DIO_enuSetPinDirection(D0_PORT,D0_PIN,DIO_u8OUTPUT);
    3a4e:	82 e0       	ldi	r24, 0x02	; 2
    3a50:	60 e0       	ldi	r22, 0x00	; 0
    3a52:	41 e0       	ldi	r20, 0x01	; 1
    3a54:	0e 94 89 15 	call	0x2b12	; 0x2b12 <DIO_enuSetPinDirection>

	//FUNCTION SET
	LCD_invidSendCommand(EIGHT_BIT_MODE);
    3a58:	88 e3       	ldi	r24, 0x38	; 56
    3a5a:	0e 94 81 22 	call	0x4502	; 0x4502 <LCD_invidSendCommand>

	Local_enuErrorState=ES_OK;
    3a5e:	fe 01       	movw	r30, r28
    3a60:	e9 5b       	subi	r30, 0xB9	; 185
    3a62:	ff 4f       	sbci	r31, 0xFF	; 255
    3a64:	81 e0       	ldi	r24, 0x01	; 1
    3a66:	80 83       	st	Z, r24
    3a68:	80 e0       	ldi	r24, 0x00	; 0
    3a6a:	90 e0       	ldi	r25, 0x00	; 0
    3a6c:	a0 e8       	ldi	r26, 0x80	; 128
    3a6e:	bf e3       	ldi	r27, 0x3F	; 63
    3a70:	8d ab       	std	Y+53, r24	; 0x35
    3a72:	9e ab       	std	Y+54, r25	; 0x36
    3a74:	af ab       	std	Y+55, r26	; 0x37
    3a76:	b8 af       	std	Y+56, r27	; 0x38
 */
void
_delay_ms(double __ms)
{
	uint16_t __ticks;
	double __tmp = ((F_CPU) / 4e3) * __ms;
    3a78:	6d a9       	ldd	r22, Y+53	; 0x35
    3a7a:	7e a9       	ldd	r23, Y+54	; 0x36
    3a7c:	8f a9       	ldd	r24, Y+55	; 0x37
    3a7e:	98 ad       	ldd	r25, Y+56	; 0x38
    3a80:	20 e0       	ldi	r18, 0x00	; 0
    3a82:	30 e0       	ldi	r19, 0x00	; 0
    3a84:	4a e7       	ldi	r20, 0x7A	; 122
    3a86:	53 e4       	ldi	r21, 0x43	; 67
    3a88:	0e 94 1f 02 	call	0x43e	; 0x43e <__mulsf3>
    3a8c:	dc 01       	movw	r26, r24
    3a8e:	cb 01       	movw	r24, r22
    3a90:	89 ab       	std	Y+49, r24	; 0x31
    3a92:	9a ab       	std	Y+50, r25	; 0x32
    3a94:	ab ab       	std	Y+51, r26	; 0x33
    3a96:	bc ab       	std	Y+52, r27	; 0x34
	if (__tmp < 1.0)
    3a98:	69 a9       	ldd	r22, Y+49	; 0x31
    3a9a:	7a a9       	ldd	r23, Y+50	; 0x32
    3a9c:	8b a9       	ldd	r24, Y+51	; 0x33
    3a9e:	9c a9       	ldd	r25, Y+52	; 0x34
    3aa0:	20 e0       	ldi	r18, 0x00	; 0
    3aa2:	30 e0       	ldi	r19, 0x00	; 0
    3aa4:	40 e8       	ldi	r20, 0x80	; 128
    3aa6:	5f e3       	ldi	r21, 0x3F	; 63
    3aa8:	0e 94 55 04 	call	0x8aa	; 0x8aa <__ltsf2>
    3aac:	88 23       	and	r24, r24
    3aae:	2c f4       	brge	.+10     	; 0x3aba <LCD_enuInit+0x1fc>
		__ticks = 1;
    3ab0:	81 e0       	ldi	r24, 0x01	; 1
    3ab2:	90 e0       	ldi	r25, 0x00	; 0
    3ab4:	98 ab       	std	Y+48, r25	; 0x30
    3ab6:	8f a7       	std	Y+47, r24	; 0x2f
    3ab8:	3f c0       	rjmp	.+126    	; 0x3b38 <LCD_enuInit+0x27a>
	else if (__tmp > 65535)
    3aba:	69 a9       	ldd	r22, Y+49	; 0x31
    3abc:	7a a9       	ldd	r23, Y+50	; 0x32
    3abe:	8b a9       	ldd	r24, Y+51	; 0x33
    3ac0:	9c a9       	ldd	r25, Y+52	; 0x34
    3ac2:	20 e0       	ldi	r18, 0x00	; 0
    3ac4:	3f ef       	ldi	r19, 0xFF	; 255
    3ac6:	4f e7       	ldi	r20, 0x7F	; 127
    3ac8:	57 e4       	ldi	r21, 0x47	; 71
    3aca:	0e 94 f5 03 	call	0x7ea	; 0x7ea <__gtsf2>
    3ace:	18 16       	cp	r1, r24
    3ad0:	4c f5       	brge	.+82     	; 0x3b24 <LCD_enuInit+0x266>
	{
		//	__ticks = requested delay in 1/10 ms
		__ticks = (uint16_t) (__ms * 10.0);
    3ad2:	6d a9       	ldd	r22, Y+53	; 0x35
    3ad4:	7e a9       	ldd	r23, Y+54	; 0x36
    3ad6:	8f a9       	ldd	r24, Y+55	; 0x37
    3ad8:	98 ad       	ldd	r25, Y+56	; 0x38
    3ada:	20 e0       	ldi	r18, 0x00	; 0
    3adc:	30 e0       	ldi	r19, 0x00	; 0
    3ade:	40 e2       	ldi	r20, 0x20	; 32
    3ae0:	51 e4       	ldi	r21, 0x41	; 65
    3ae2:	0e 94 1f 02 	call	0x43e	; 0x43e <__mulsf3>
    3ae6:	dc 01       	movw	r26, r24
    3ae8:	cb 01       	movw	r24, r22
    3aea:	bc 01       	movw	r22, r24
    3aec:	cd 01       	movw	r24, r26
    3aee:	0e 94 49 00 	call	0x92	; 0x92 <__fixunssfsi>
    3af2:	dc 01       	movw	r26, r24
    3af4:	cb 01       	movw	r24, r22
    3af6:	98 ab       	std	Y+48, r25	; 0x30
    3af8:	8f a7       	std	Y+47, r24	; 0x2f
    3afa:	0f c0       	rjmp	.+30     	; 0x3b1a <LCD_enuInit+0x25c>
    3afc:	89 e1       	ldi	r24, 0x19	; 25
    3afe:	90 e0       	ldi	r25, 0x00	; 0
    3b00:	9e a7       	std	Y+46, r25	; 0x2e
    3b02:	8d a7       	std	Y+45, r24	; 0x2d
    3b04:	8d a5       	ldd	r24, Y+45	; 0x2d
    3b06:	9e a5       	ldd	r25, Y+46	; 0x2e
    3b08:	01 97       	sbiw	r24, 0x01	; 1
    3b0a:	f1 f7       	brne	.-4      	; 0x3b08 <LCD_enuInit+0x24a>
    3b0c:	9e a7       	std	Y+46, r25	; 0x2e
    3b0e:	8d a7       	std	Y+45, r24	; 0x2d
		while(__ticks)
		{
			// wait 1/10 ms
			_delay_loop_2(((F_CPU) / 4e3) / 10);
			__ticks --;
    3b10:	8f a5       	ldd	r24, Y+47	; 0x2f
    3b12:	98 a9       	ldd	r25, Y+48	; 0x30
    3b14:	01 97       	sbiw	r24, 0x01	; 1
    3b16:	98 ab       	std	Y+48, r25	; 0x30
    3b18:	8f a7       	std	Y+47, r24	; 0x2f
		__ticks = 1;
	else if (__tmp > 65535)
	{
		//	__ticks = requested delay in 1/10 ms
		__ticks = (uint16_t) (__ms * 10.0);
		while(__ticks)
    3b1a:	8f a5       	ldd	r24, Y+47	; 0x2f
    3b1c:	98 a9       	ldd	r25, Y+48	; 0x30
    3b1e:	00 97       	sbiw	r24, 0x00	; 0
    3b20:	69 f7       	brne	.-38     	; 0x3afc <LCD_enuInit+0x23e>
    3b22:	14 c0       	rjmp	.+40     	; 0x3b4c <LCD_enuInit+0x28e>
			__ticks --;
		}
		return;
	}
	else
		__ticks = (uint16_t)__tmp;
    3b24:	69 a9       	ldd	r22, Y+49	; 0x31
    3b26:	7a a9       	ldd	r23, Y+50	; 0x32
    3b28:	8b a9       	ldd	r24, Y+51	; 0x33
    3b2a:	9c a9       	ldd	r25, Y+52	; 0x34
    3b2c:	0e 94 49 00 	call	0x92	; 0x92 <__fixunssfsi>
    3b30:	dc 01       	movw	r26, r24
    3b32:	cb 01       	movw	r24, r22
    3b34:	98 ab       	std	Y+48, r25	; 0x30
    3b36:	8f a7       	std	Y+47, r24	; 0x2f
    3b38:	8f a5       	ldd	r24, Y+47	; 0x2f
    3b3a:	98 a9       	ldd	r25, Y+48	; 0x30
    3b3c:	9c a7       	std	Y+44, r25	; 0x2c
    3b3e:	8b a7       	std	Y+43, r24	; 0x2b
    3b40:	8b a5       	ldd	r24, Y+43	; 0x2b
    3b42:	9c a5       	ldd	r25, Y+44	; 0x2c
    3b44:	01 97       	sbiw	r24, 0x01	; 1
    3b46:	f1 f7       	brne	.-4      	; 0x3b44 <LCD_enuInit+0x286>
    3b48:	9c a7       	std	Y+44, r25	; 0x2c
    3b4a:	8b a7       	std	Y+43, r24	; 0x2b
#endif

	_delay_ms(1);
	//display on/off
	//LCD_invidSendCommand(0x0f);
	LCD_invidSendCommand(DISPLAY_ON_CURSOR_BLINK);
    3b4c:	8e e0       	ldi	r24, 0x0E	; 14
    3b4e:	0e 94 81 22 	call	0x4502	; 0x4502 <LCD_invidSendCommand>
    3b52:	80 e0       	ldi	r24, 0x00	; 0
    3b54:	90 e0       	ldi	r25, 0x00	; 0
    3b56:	a0 e8       	ldi	r26, 0x80	; 128
    3b58:	bf e3       	ldi	r27, 0x3F	; 63
    3b5a:	8f a3       	std	Y+39, r24	; 0x27
    3b5c:	98 a7       	std	Y+40, r25	; 0x28
    3b5e:	a9 a7       	std	Y+41, r26	; 0x29
    3b60:	ba a7       	std	Y+42, r27	; 0x2a
 */
void
_delay_ms(double __ms)
{
	uint16_t __ticks;
	double __tmp = ((F_CPU) / 4e3) * __ms;
    3b62:	6f a1       	ldd	r22, Y+39	; 0x27
    3b64:	78 a5       	ldd	r23, Y+40	; 0x28
    3b66:	89 a5       	ldd	r24, Y+41	; 0x29
    3b68:	9a a5       	ldd	r25, Y+42	; 0x2a
    3b6a:	20 e0       	ldi	r18, 0x00	; 0
    3b6c:	30 e0       	ldi	r19, 0x00	; 0
    3b6e:	4a e7       	ldi	r20, 0x7A	; 122
    3b70:	53 e4       	ldi	r21, 0x43	; 67
    3b72:	0e 94 1f 02 	call	0x43e	; 0x43e <__mulsf3>
    3b76:	dc 01       	movw	r26, r24
    3b78:	cb 01       	movw	r24, r22
    3b7a:	8b a3       	std	Y+35, r24	; 0x23
    3b7c:	9c a3       	std	Y+36, r25	; 0x24
    3b7e:	ad a3       	std	Y+37, r26	; 0x25
    3b80:	be a3       	std	Y+38, r27	; 0x26
	if (__tmp < 1.0)
    3b82:	6b a1       	ldd	r22, Y+35	; 0x23
    3b84:	7c a1       	ldd	r23, Y+36	; 0x24
    3b86:	8d a1       	ldd	r24, Y+37	; 0x25
    3b88:	9e a1       	ldd	r25, Y+38	; 0x26
    3b8a:	20 e0       	ldi	r18, 0x00	; 0
    3b8c:	30 e0       	ldi	r19, 0x00	; 0
    3b8e:	40 e8       	ldi	r20, 0x80	; 128
    3b90:	5f e3       	ldi	r21, 0x3F	; 63
    3b92:	0e 94 55 04 	call	0x8aa	; 0x8aa <__ltsf2>
    3b96:	88 23       	and	r24, r24
    3b98:	2c f4       	brge	.+10     	; 0x3ba4 <LCD_enuInit+0x2e6>
		__ticks = 1;
    3b9a:	81 e0       	ldi	r24, 0x01	; 1
    3b9c:	90 e0       	ldi	r25, 0x00	; 0
    3b9e:	9a a3       	std	Y+34, r25	; 0x22
    3ba0:	89 a3       	std	Y+33, r24	; 0x21
    3ba2:	3f c0       	rjmp	.+126    	; 0x3c22 <LCD_enuInit+0x364>
	else if (__tmp > 65535)
    3ba4:	6b a1       	ldd	r22, Y+35	; 0x23
    3ba6:	7c a1       	ldd	r23, Y+36	; 0x24
    3ba8:	8d a1       	ldd	r24, Y+37	; 0x25
    3baa:	9e a1       	ldd	r25, Y+38	; 0x26
    3bac:	20 e0       	ldi	r18, 0x00	; 0
    3bae:	3f ef       	ldi	r19, 0xFF	; 255
    3bb0:	4f e7       	ldi	r20, 0x7F	; 127
    3bb2:	57 e4       	ldi	r21, 0x47	; 71
    3bb4:	0e 94 f5 03 	call	0x7ea	; 0x7ea <__gtsf2>
    3bb8:	18 16       	cp	r1, r24
    3bba:	4c f5       	brge	.+82     	; 0x3c0e <LCD_enuInit+0x350>
	{
		//	__ticks = requested delay in 1/10 ms
		__ticks = (uint16_t) (__ms * 10.0);
    3bbc:	6f a1       	ldd	r22, Y+39	; 0x27
    3bbe:	78 a5       	ldd	r23, Y+40	; 0x28
    3bc0:	89 a5       	ldd	r24, Y+41	; 0x29
    3bc2:	9a a5       	ldd	r25, Y+42	; 0x2a
    3bc4:	20 e0       	ldi	r18, 0x00	; 0
    3bc6:	30 e0       	ldi	r19, 0x00	; 0
    3bc8:	40 e2       	ldi	r20, 0x20	; 32
    3bca:	51 e4       	ldi	r21, 0x41	; 65
    3bcc:	0e 94 1f 02 	call	0x43e	; 0x43e <__mulsf3>
    3bd0:	dc 01       	movw	r26, r24
    3bd2:	cb 01       	movw	r24, r22
    3bd4:	bc 01       	movw	r22, r24
    3bd6:	cd 01       	movw	r24, r26
    3bd8:	0e 94 49 00 	call	0x92	; 0x92 <__fixunssfsi>
    3bdc:	dc 01       	movw	r26, r24
    3bde:	cb 01       	movw	r24, r22
    3be0:	9a a3       	std	Y+34, r25	; 0x22
    3be2:	89 a3       	std	Y+33, r24	; 0x21
    3be4:	0f c0       	rjmp	.+30     	; 0x3c04 <LCD_enuInit+0x346>
    3be6:	89 e1       	ldi	r24, 0x19	; 25
    3be8:	90 e0       	ldi	r25, 0x00	; 0
    3bea:	98 a3       	std	Y+32, r25	; 0x20
    3bec:	8f 8f       	std	Y+31, r24	; 0x1f
    3bee:	8f 8d       	ldd	r24, Y+31	; 0x1f
    3bf0:	98 a1       	ldd	r25, Y+32	; 0x20
    3bf2:	01 97       	sbiw	r24, 0x01	; 1
    3bf4:	f1 f7       	brne	.-4      	; 0x3bf2 <LCD_enuInit+0x334>
    3bf6:	98 a3       	std	Y+32, r25	; 0x20
    3bf8:	8f 8f       	std	Y+31, r24	; 0x1f
		while(__ticks)
		{
			// wait 1/10 ms
			_delay_loop_2(((F_CPU) / 4e3) / 10);
			__ticks --;
    3bfa:	89 a1       	ldd	r24, Y+33	; 0x21
    3bfc:	9a a1       	ldd	r25, Y+34	; 0x22
    3bfe:	01 97       	sbiw	r24, 0x01	; 1
    3c00:	9a a3       	std	Y+34, r25	; 0x22
    3c02:	89 a3       	std	Y+33, r24	; 0x21
		__ticks = 1;
	else if (__tmp > 65535)
	{
		//	__ticks = requested delay in 1/10 ms
		__ticks = (uint16_t) (__ms * 10.0);
		while(__ticks)
    3c04:	89 a1       	ldd	r24, Y+33	; 0x21
    3c06:	9a a1       	ldd	r25, Y+34	; 0x22
    3c08:	00 97       	sbiw	r24, 0x00	; 0
    3c0a:	69 f7       	brne	.-38     	; 0x3be6 <LCD_enuInit+0x328>
    3c0c:	14 c0       	rjmp	.+40     	; 0x3c36 <LCD_enuInit+0x378>
			__ticks --;
		}
		return;
	}
	else
		__ticks = (uint16_t)__tmp;
    3c0e:	6b a1       	ldd	r22, Y+35	; 0x23
    3c10:	7c a1       	ldd	r23, Y+36	; 0x24
    3c12:	8d a1       	ldd	r24, Y+37	; 0x25
    3c14:	9e a1       	ldd	r25, Y+38	; 0x26
    3c16:	0e 94 49 00 	call	0x92	; 0x92 <__fixunssfsi>
    3c1a:	dc 01       	movw	r26, r24
    3c1c:	cb 01       	movw	r24, r22
    3c1e:	9a a3       	std	Y+34, r25	; 0x22
    3c20:	89 a3       	std	Y+33, r24	; 0x21
    3c22:	89 a1       	ldd	r24, Y+33	; 0x21
    3c24:	9a a1       	ldd	r25, Y+34	; 0x22
    3c26:	9e 8f       	std	Y+30, r25	; 0x1e
    3c28:	8d 8f       	std	Y+29, r24	; 0x1d
    3c2a:	8d 8d       	ldd	r24, Y+29	; 0x1d
    3c2c:	9e 8d       	ldd	r25, Y+30	; 0x1e
    3c2e:	01 97       	sbiw	r24, 0x01	; 1
    3c30:	f1 f7       	brne	.-4      	; 0x3c2e <LCD_enuInit+0x370>
    3c32:	9e 8f       	std	Y+30, r25	; 0x1e
    3c34:	8d 8f       	std	Y+29, r24	; 0x1d
	_delay_ms(1);
	//display clear
	LCD_invidSendCommand(CLEAR_DISPLAY);
    3c36:	81 e0       	ldi	r24, 0x01	; 1
    3c38:	0e 94 81 22 	call	0x4502	; 0x4502 <LCD_invidSendCommand>
    3c3c:	80 e0       	ldi	r24, 0x00	; 0
    3c3e:	90 e0       	ldi	r25, 0x00	; 0
    3c40:	a0 e0       	ldi	r26, 0x00	; 0
    3c42:	b0 e4       	ldi	r27, 0x40	; 64
    3c44:	89 8f       	std	Y+25, r24	; 0x19
    3c46:	9a 8f       	std	Y+26, r25	; 0x1a
    3c48:	ab 8f       	std	Y+27, r26	; 0x1b
    3c4a:	bc 8f       	std	Y+28, r27	; 0x1c
 */
void
_delay_ms(double __ms)
{
	uint16_t __ticks;
	double __tmp = ((F_CPU) / 4e3) * __ms;
    3c4c:	69 8d       	ldd	r22, Y+25	; 0x19
    3c4e:	7a 8d       	ldd	r23, Y+26	; 0x1a
    3c50:	8b 8d       	ldd	r24, Y+27	; 0x1b
    3c52:	9c 8d       	ldd	r25, Y+28	; 0x1c
    3c54:	20 e0       	ldi	r18, 0x00	; 0
    3c56:	30 e0       	ldi	r19, 0x00	; 0
    3c58:	4a e7       	ldi	r20, 0x7A	; 122
    3c5a:	53 e4       	ldi	r21, 0x43	; 67
    3c5c:	0e 94 1f 02 	call	0x43e	; 0x43e <__mulsf3>
    3c60:	dc 01       	movw	r26, r24
    3c62:	cb 01       	movw	r24, r22
    3c64:	8d 8b       	std	Y+21, r24	; 0x15
    3c66:	9e 8b       	std	Y+22, r25	; 0x16
    3c68:	af 8b       	std	Y+23, r26	; 0x17
    3c6a:	b8 8f       	std	Y+24, r27	; 0x18
	if (__tmp < 1.0)
    3c6c:	6d 89       	ldd	r22, Y+21	; 0x15
    3c6e:	7e 89       	ldd	r23, Y+22	; 0x16
    3c70:	8f 89       	ldd	r24, Y+23	; 0x17
    3c72:	98 8d       	ldd	r25, Y+24	; 0x18
    3c74:	20 e0       	ldi	r18, 0x00	; 0
    3c76:	30 e0       	ldi	r19, 0x00	; 0
    3c78:	40 e8       	ldi	r20, 0x80	; 128
    3c7a:	5f e3       	ldi	r21, 0x3F	; 63
    3c7c:	0e 94 55 04 	call	0x8aa	; 0x8aa <__ltsf2>
    3c80:	88 23       	and	r24, r24
    3c82:	2c f4       	brge	.+10     	; 0x3c8e <LCD_enuInit+0x3d0>
		__ticks = 1;
    3c84:	81 e0       	ldi	r24, 0x01	; 1
    3c86:	90 e0       	ldi	r25, 0x00	; 0
    3c88:	9c 8b       	std	Y+20, r25	; 0x14
    3c8a:	8b 8b       	std	Y+19, r24	; 0x13
    3c8c:	3f c0       	rjmp	.+126    	; 0x3d0c <LCD_enuInit+0x44e>
	else if (__tmp > 65535)
    3c8e:	6d 89       	ldd	r22, Y+21	; 0x15
    3c90:	7e 89       	ldd	r23, Y+22	; 0x16
    3c92:	8f 89       	ldd	r24, Y+23	; 0x17
    3c94:	98 8d       	ldd	r25, Y+24	; 0x18
    3c96:	20 e0       	ldi	r18, 0x00	; 0
    3c98:	3f ef       	ldi	r19, 0xFF	; 255
    3c9a:	4f e7       	ldi	r20, 0x7F	; 127
    3c9c:	57 e4       	ldi	r21, 0x47	; 71
    3c9e:	0e 94 f5 03 	call	0x7ea	; 0x7ea <__gtsf2>
    3ca2:	18 16       	cp	r1, r24
    3ca4:	4c f5       	brge	.+82     	; 0x3cf8 <LCD_enuInit+0x43a>
	{
		//	__ticks = requested delay in 1/10 ms
		__ticks = (uint16_t) (__ms * 10.0);
    3ca6:	69 8d       	ldd	r22, Y+25	; 0x19
    3ca8:	7a 8d       	ldd	r23, Y+26	; 0x1a
    3caa:	8b 8d       	ldd	r24, Y+27	; 0x1b
    3cac:	9c 8d       	ldd	r25, Y+28	; 0x1c
    3cae:	20 e0       	ldi	r18, 0x00	; 0
    3cb0:	30 e0       	ldi	r19, 0x00	; 0
    3cb2:	40 e2       	ldi	r20, 0x20	; 32
    3cb4:	51 e4       	ldi	r21, 0x41	; 65
    3cb6:	0e 94 1f 02 	call	0x43e	; 0x43e <__mulsf3>
    3cba:	dc 01       	movw	r26, r24
    3cbc:	cb 01       	movw	r24, r22
    3cbe:	bc 01       	movw	r22, r24
    3cc0:	cd 01       	movw	r24, r26
    3cc2:	0e 94 49 00 	call	0x92	; 0x92 <__fixunssfsi>
    3cc6:	dc 01       	movw	r26, r24
    3cc8:	cb 01       	movw	r24, r22
    3cca:	9c 8b       	std	Y+20, r25	; 0x14
    3ccc:	8b 8b       	std	Y+19, r24	; 0x13
    3cce:	0f c0       	rjmp	.+30     	; 0x3cee <LCD_enuInit+0x430>
    3cd0:	89 e1       	ldi	r24, 0x19	; 25
    3cd2:	90 e0       	ldi	r25, 0x00	; 0
    3cd4:	9a 8b       	std	Y+18, r25	; 0x12
    3cd6:	89 8b       	std	Y+17, r24	; 0x11
    3cd8:	89 89       	ldd	r24, Y+17	; 0x11
    3cda:	9a 89       	ldd	r25, Y+18	; 0x12
    3cdc:	01 97       	sbiw	r24, 0x01	; 1
    3cde:	f1 f7       	brne	.-4      	; 0x3cdc <LCD_enuInit+0x41e>
    3ce0:	9a 8b       	std	Y+18, r25	; 0x12
    3ce2:	89 8b       	std	Y+17, r24	; 0x11
		while(__ticks)
		{
			// wait 1/10 ms
			_delay_loop_2(((F_CPU) / 4e3) / 10);
			__ticks --;
    3ce4:	8b 89       	ldd	r24, Y+19	; 0x13
    3ce6:	9c 89       	ldd	r25, Y+20	; 0x14
    3ce8:	01 97       	sbiw	r24, 0x01	; 1
    3cea:	9c 8b       	std	Y+20, r25	; 0x14
    3cec:	8b 8b       	std	Y+19, r24	; 0x13
		__ticks = 1;
	else if (__tmp > 65535)
	{
		//	__ticks = requested delay in 1/10 ms
		__ticks = (uint16_t) (__ms * 10.0);
		while(__ticks)
    3cee:	8b 89       	ldd	r24, Y+19	; 0x13
    3cf0:	9c 89       	ldd	r25, Y+20	; 0x14
    3cf2:	00 97       	sbiw	r24, 0x00	; 0
    3cf4:	69 f7       	brne	.-38     	; 0x3cd0 <LCD_enuInit+0x412>
    3cf6:	14 c0       	rjmp	.+40     	; 0x3d20 <LCD_enuInit+0x462>
			__ticks --;
		}
		return;
	}
	else
		__ticks = (uint16_t)__tmp;
    3cf8:	6d 89       	ldd	r22, Y+21	; 0x15
    3cfa:	7e 89       	ldd	r23, Y+22	; 0x16
    3cfc:	8f 89       	ldd	r24, Y+23	; 0x17
    3cfe:	98 8d       	ldd	r25, Y+24	; 0x18
    3d00:	0e 94 49 00 	call	0x92	; 0x92 <__fixunssfsi>
    3d04:	dc 01       	movw	r26, r24
    3d06:	cb 01       	movw	r24, r22
    3d08:	9c 8b       	std	Y+20, r25	; 0x14
    3d0a:	8b 8b       	std	Y+19, r24	; 0x13
    3d0c:	8b 89       	ldd	r24, Y+19	; 0x13
    3d0e:	9c 89       	ldd	r25, Y+20	; 0x14
    3d10:	98 8b       	std	Y+16, r25	; 0x10
    3d12:	8f 87       	std	Y+15, r24	; 0x0f
    3d14:	8f 85       	ldd	r24, Y+15	; 0x0f
    3d16:	98 89       	ldd	r25, Y+16	; 0x10
    3d18:	01 97       	sbiw	r24, 0x01	; 1
    3d1a:	f1 f7       	brne	.-4      	; 0x3d18 <LCD_enuInit+0x45a>
    3d1c:	98 8b       	std	Y+16, r25	; 0x10
    3d1e:	8f 87       	std	Y+15, r24	; 0x0f
	_delay_ms(2);
	//Entry mode set
	LCD_invidSendCommand(INCREMENT_CURSOR_TO_RIGHT);
    3d20:	86 e0       	ldi	r24, 0x06	; 6
    3d22:	0e 94 81 22 	call	0x4502	; 0x4502 <LCD_invidSendCommand>
    3d26:	80 e0       	ldi	r24, 0x00	; 0
    3d28:	90 e0       	ldi	r25, 0x00	; 0
    3d2a:	a0 e8       	ldi	r26, 0x80	; 128
    3d2c:	bf e3       	ldi	r27, 0x3F	; 63
    3d2e:	8b 87       	std	Y+11, r24	; 0x0b
    3d30:	9c 87       	std	Y+12, r25	; 0x0c
    3d32:	ad 87       	std	Y+13, r26	; 0x0d
    3d34:	be 87       	std	Y+14, r27	; 0x0e
 */
void
_delay_ms(double __ms)
{
	uint16_t __ticks;
	double __tmp = ((F_CPU) / 4e3) * __ms;
    3d36:	6b 85       	ldd	r22, Y+11	; 0x0b
    3d38:	7c 85       	ldd	r23, Y+12	; 0x0c
    3d3a:	8d 85       	ldd	r24, Y+13	; 0x0d
    3d3c:	9e 85       	ldd	r25, Y+14	; 0x0e
    3d3e:	20 e0       	ldi	r18, 0x00	; 0
    3d40:	30 e0       	ldi	r19, 0x00	; 0
    3d42:	4a e7       	ldi	r20, 0x7A	; 122
    3d44:	53 e4       	ldi	r21, 0x43	; 67
    3d46:	0e 94 1f 02 	call	0x43e	; 0x43e <__mulsf3>
    3d4a:	dc 01       	movw	r26, r24
    3d4c:	cb 01       	movw	r24, r22
    3d4e:	8f 83       	std	Y+7, r24	; 0x07
    3d50:	98 87       	std	Y+8, r25	; 0x08
    3d52:	a9 87       	std	Y+9, r26	; 0x09
    3d54:	ba 87       	std	Y+10, r27	; 0x0a
	if (__tmp < 1.0)
    3d56:	6f 81       	ldd	r22, Y+7	; 0x07
    3d58:	78 85       	ldd	r23, Y+8	; 0x08
    3d5a:	89 85       	ldd	r24, Y+9	; 0x09
    3d5c:	9a 85       	ldd	r25, Y+10	; 0x0a
    3d5e:	20 e0       	ldi	r18, 0x00	; 0
    3d60:	30 e0       	ldi	r19, 0x00	; 0
    3d62:	40 e8       	ldi	r20, 0x80	; 128
    3d64:	5f e3       	ldi	r21, 0x3F	; 63
    3d66:	0e 94 55 04 	call	0x8aa	; 0x8aa <__ltsf2>
    3d6a:	88 23       	and	r24, r24
    3d6c:	2c f4       	brge	.+10     	; 0x3d78 <LCD_enuInit+0x4ba>
		__ticks = 1;
    3d6e:	81 e0       	ldi	r24, 0x01	; 1
    3d70:	90 e0       	ldi	r25, 0x00	; 0
    3d72:	9e 83       	std	Y+6, r25	; 0x06
    3d74:	8d 83       	std	Y+5, r24	; 0x05
    3d76:	3f c0       	rjmp	.+126    	; 0x3df6 <LCD_enuInit+0x538>
	else if (__tmp > 65535)
    3d78:	6f 81       	ldd	r22, Y+7	; 0x07
    3d7a:	78 85       	ldd	r23, Y+8	; 0x08
    3d7c:	89 85       	ldd	r24, Y+9	; 0x09
    3d7e:	9a 85       	ldd	r25, Y+10	; 0x0a
    3d80:	20 e0       	ldi	r18, 0x00	; 0
    3d82:	3f ef       	ldi	r19, 0xFF	; 255
    3d84:	4f e7       	ldi	r20, 0x7F	; 127
    3d86:	57 e4       	ldi	r21, 0x47	; 71
    3d88:	0e 94 f5 03 	call	0x7ea	; 0x7ea <__gtsf2>
    3d8c:	18 16       	cp	r1, r24
    3d8e:	4c f5       	brge	.+82     	; 0x3de2 <LCD_enuInit+0x524>
	{
		//	__ticks = requested delay in 1/10 ms
		__ticks = (uint16_t) (__ms * 10.0);
    3d90:	6b 85       	ldd	r22, Y+11	; 0x0b
    3d92:	7c 85       	ldd	r23, Y+12	; 0x0c
    3d94:	8d 85       	ldd	r24, Y+13	; 0x0d
    3d96:	9e 85       	ldd	r25, Y+14	; 0x0e
    3d98:	20 e0       	ldi	r18, 0x00	; 0
    3d9a:	30 e0       	ldi	r19, 0x00	; 0
    3d9c:	40 e2       	ldi	r20, 0x20	; 32
    3d9e:	51 e4       	ldi	r21, 0x41	; 65
    3da0:	0e 94 1f 02 	call	0x43e	; 0x43e <__mulsf3>
    3da4:	dc 01       	movw	r26, r24
    3da6:	cb 01       	movw	r24, r22
    3da8:	bc 01       	movw	r22, r24
    3daa:	cd 01       	movw	r24, r26
    3dac:	0e 94 49 00 	call	0x92	; 0x92 <__fixunssfsi>
    3db0:	dc 01       	movw	r26, r24
    3db2:	cb 01       	movw	r24, r22
    3db4:	9e 83       	std	Y+6, r25	; 0x06
    3db6:	8d 83       	std	Y+5, r24	; 0x05
    3db8:	0f c0       	rjmp	.+30     	; 0x3dd8 <LCD_enuInit+0x51a>
    3dba:	89 e1       	ldi	r24, 0x19	; 25
    3dbc:	90 e0       	ldi	r25, 0x00	; 0
    3dbe:	9c 83       	std	Y+4, r25	; 0x04
    3dc0:	8b 83       	std	Y+3, r24	; 0x03
    3dc2:	8b 81       	ldd	r24, Y+3	; 0x03
    3dc4:	9c 81       	ldd	r25, Y+4	; 0x04
    3dc6:	01 97       	sbiw	r24, 0x01	; 1
    3dc8:	f1 f7       	brne	.-4      	; 0x3dc6 <LCD_enuInit+0x508>
    3dca:	9c 83       	std	Y+4, r25	; 0x04
    3dcc:	8b 83       	std	Y+3, r24	; 0x03
		while(__ticks)
		{
			// wait 1/10 ms
			_delay_loop_2(((F_CPU) / 4e3) / 10);
			__ticks --;
    3dce:	8d 81       	ldd	r24, Y+5	; 0x05
    3dd0:	9e 81       	ldd	r25, Y+6	; 0x06
    3dd2:	01 97       	sbiw	r24, 0x01	; 1
    3dd4:	9e 83       	std	Y+6, r25	; 0x06
    3dd6:	8d 83       	std	Y+5, r24	; 0x05
		__ticks = 1;
	else if (__tmp > 65535)
	{
		//	__ticks = requested delay in 1/10 ms
		__ticks = (uint16_t) (__ms * 10.0);
		while(__ticks)
    3dd8:	8d 81       	ldd	r24, Y+5	; 0x05
    3dda:	9e 81       	ldd	r25, Y+6	; 0x06
    3ddc:	00 97       	sbiw	r24, 0x00	; 0
    3dde:	69 f7       	brne	.-38     	; 0x3dba <LCD_enuInit+0x4fc>
    3de0:	14 c0       	rjmp	.+40     	; 0x3e0a <LCD_enuInit+0x54c>
			__ticks --;
		}
		return;
	}
	else
		__ticks = (uint16_t)__tmp;
    3de2:	6f 81       	ldd	r22, Y+7	; 0x07
    3de4:	78 85       	ldd	r23, Y+8	; 0x08
    3de6:	89 85       	ldd	r24, Y+9	; 0x09
    3de8:	9a 85       	ldd	r25, Y+10	; 0x0a
    3dea:	0e 94 49 00 	call	0x92	; 0x92 <__fixunssfsi>
    3dee:	dc 01       	movw	r26, r24
    3df0:	cb 01       	movw	r24, r22
    3df2:	9e 83       	std	Y+6, r25	; 0x06
    3df4:	8d 83       	std	Y+5, r24	; 0x05
    3df6:	8d 81       	ldd	r24, Y+5	; 0x05
    3df8:	9e 81       	ldd	r25, Y+6	; 0x06
    3dfa:	9a 83       	std	Y+2, r25	; 0x02
    3dfc:	89 83       	std	Y+1, r24	; 0x01
    3dfe:	89 81       	ldd	r24, Y+1	; 0x01
    3e00:	9a 81       	ldd	r25, Y+2	; 0x02
    3e02:	01 97       	sbiw	r24, 0x01	; 1
    3e04:	f1 f7       	brne	.-4      	; 0x3e02 <LCD_enuInit+0x544>
    3e06:	9a 83       	std	Y+2, r25	; 0x02
    3e08:	89 83       	std	Y+1, r24	; 0x01

	_delay_ms(1);
	LCD_invidSendCommand(FORCE_CURSOR_START_FIRST_LINE);
    3e0a:	80 e8       	ldi	r24, 0x80	; 128
    3e0c:	0e 94 81 22 	call	0x4502	; 0x4502 <LCD_invidSendCommand>


	return Local_enuErrorState;
    3e10:	fe 01       	movw	r30, r28
    3e12:	e9 5b       	subi	r30, 0xB9	; 185
    3e14:	ff 4f       	sbci	r31, 0xFF	; 255
    3e16:	80 81       	ld	r24, Z
}
    3e18:	c9 5b       	subi	r28, 0xB9	; 185
    3e1a:	df 4f       	sbci	r29, 0xFF	; 255
    3e1c:	0f b6       	in	r0, 0x3f	; 63
    3e1e:	f8 94       	cli
    3e20:	de bf       	out	0x3e, r29	; 62
    3e22:	0f be       	out	0x3f, r0	; 63
    3e24:	cd bf       	out	0x3d, r28	; 61
    3e26:	cf 91       	pop	r28
    3e28:	df 91       	pop	r29
    3e2a:	1f 91       	pop	r17
    3e2c:	0f 91       	pop	r16
    3e2e:	08 95       	ret

00003e30 <LCD_enuDisplayChar>:

ES_t LCD_enuDisplayChar(u8 Copy_u8Data)
{
    3e30:	df 93       	push	r29
    3e32:	cf 93       	push	r28
    3e34:	00 d0       	rcall	.+0      	; 0x3e36 <LCD_enuDisplayChar+0x6>
    3e36:	cd b7       	in	r28, 0x3d	; 61
    3e38:	de b7       	in	r29, 0x3e	; 62
    3e3a:	8a 83       	std	Y+2, r24	; 0x02
	ES_t Local_enuErrorState=ES_NOK;
    3e3c:	19 82       	std	Y+1, r1	; 0x01

	//set RS as data
	Local_enuErrorState=DIO_enuSetPinValue(RS_PORT,RS_PIN,DIO_u8HIGH);
    3e3e:	83 e0       	ldi	r24, 0x03	; 3
    3e40:	60 e0       	ldi	r22, 0x00	; 0
    3e42:	41 e0       	ldi	r20, 0x01	; 1
    3e44:	0e 94 75 16 	call	0x2cea	; 0x2cea <DIO_enuSetPinValue>
    3e48:	89 83       	std	Y+1, r24	; 0x01

	LCD_vidLatch(Copy_u8Data);
    3e4a:	8a 81       	ldd	r24, Y+2	; 0x02
    3e4c:	0e 94 24 21 	call	0x4248	; 0x4248 <LCD_vidLatch>

	return Local_enuErrorState;
    3e50:	89 81       	ldd	r24, Y+1	; 0x01
}
    3e52:	0f 90       	pop	r0
    3e54:	0f 90       	pop	r0
    3e56:	cf 91       	pop	r28
    3e58:	df 91       	pop	r29
    3e5a:	08 95       	ret

00003e5c <LCD_enuDisplayString>:

ES_t LCD_enuDisplayString(u8 *Copy_pu8Data)
{
    3e5c:	df 93       	push	r29
    3e5e:	cf 93       	push	r28
    3e60:	00 d0       	rcall	.+0      	; 0x3e62 <LCD_enuDisplayString+0x6>
    3e62:	0f 92       	push	r0
    3e64:	cd b7       	in	r28, 0x3d	; 61
    3e66:	de b7       	in	r29, 0x3e	; 62
    3e68:	9b 83       	std	Y+3, r25	; 0x03
    3e6a:	8a 83       	std	Y+2, r24	; 0x02
	ES_t Local_enuErrorState=ES_NOK;
    3e6c:	19 82       	std	Y+1, r1	; 0x01
    3e6e:	13 c0       	rjmp	.+38     	; 0x3e96 <LCD_enuDisplayString+0x3a>
	{
		Local_enuErrorState=LCD_enuDisplayChar(Copy_pu8Data[Local_u8Counter]);
	}*/
	while(*Copy_pu8Data)
		{
			LCD_enuDisplayChar(*Copy_pu8Data);
    3e70:	ea 81       	ldd	r30, Y+2	; 0x02
    3e72:	fb 81       	ldd	r31, Y+3	; 0x03
    3e74:	80 81       	ld	r24, Z
    3e76:	0e 94 18 1f 	call	0x3e30	; 0x3e30 <LCD_enuDisplayChar>
			if (!(*(Copy_pu8Data+1))) {Local_enuErrorState =ES_OK;}
    3e7a:	8a 81       	ldd	r24, Y+2	; 0x02
    3e7c:	9b 81       	ldd	r25, Y+3	; 0x03
    3e7e:	fc 01       	movw	r30, r24
    3e80:	31 96       	adiw	r30, 0x01	; 1
    3e82:	80 81       	ld	r24, Z
    3e84:	88 23       	and	r24, r24
    3e86:	11 f4       	brne	.+4      	; 0x3e8c <LCD_enuDisplayString+0x30>
    3e88:	81 e0       	ldi	r24, 0x01	; 1
    3e8a:	89 83       	std	Y+1, r24	; 0x01
			Copy_pu8Data++;
    3e8c:	8a 81       	ldd	r24, Y+2	; 0x02
    3e8e:	9b 81       	ldd	r25, Y+3	; 0x03
    3e90:	01 96       	adiw	r24, 0x01	; 1
    3e92:	9b 83       	std	Y+3, r25	; 0x03
    3e94:	8a 83       	std	Y+2, r24	; 0x02
	/*u8 Local_u8Counter;
	for(Local_u8Counter=0;Copy_pu8Data;Local_u8Counter++)
	{
		Local_enuErrorState=LCD_enuDisplayChar(Copy_pu8Data[Local_u8Counter]);
	}*/
	while(*Copy_pu8Data)
    3e96:	ea 81       	ldd	r30, Y+2	; 0x02
    3e98:	fb 81       	ldd	r31, Y+3	; 0x03
    3e9a:	80 81       	ld	r24, Z
    3e9c:	88 23       	and	r24, r24
    3e9e:	41 f7       	brne	.-48     	; 0x3e70 <LCD_enuDisplayString+0x14>
			LCD_enuDisplayChar(*Copy_pu8Data);
			if (!(*(Copy_pu8Data+1))) {Local_enuErrorState =ES_OK;}
			Copy_pu8Data++;
		}

	return Local_enuErrorState;
    3ea0:	89 81       	ldd	r24, Y+1	; 0x01
}
    3ea2:	0f 90       	pop	r0
    3ea4:	0f 90       	pop	r0
    3ea6:	0f 90       	pop	r0
    3ea8:	cf 91       	pop	r28
    3eaa:	df 91       	pop	r29
    3eac:	08 95       	ret

00003eae <LCD_enuSendCommand>:

ES_t LCD_enuSendCommand(u8 Copy_u8Command)
{
    3eae:	df 93       	push	r29
    3eb0:	cf 93       	push	r28
    3eb2:	00 d0       	rcall	.+0      	; 0x3eb4 <LCD_enuSendCommand+0x6>
    3eb4:	cd b7       	in	r28, 0x3d	; 61
    3eb6:	de b7       	in	r29, 0x3e	; 62
    3eb8:	8a 83       	std	Y+2, r24	; 0x02
	ES_t Local_enuErrorState=ES_NOK;
    3eba:	19 82       	std	Y+1, r1	; 0x01

	//set RS as command
	Local_enuErrorState=DIO_enuSetPinValue(RS_PORT,RS_PIN,DIO_u8LOW);
    3ebc:	83 e0       	ldi	r24, 0x03	; 3
    3ebe:	60 e0       	ldi	r22, 0x00	; 0
    3ec0:	40 e0       	ldi	r20, 0x00	; 0
    3ec2:	0e 94 75 16 	call	0x2cea	; 0x2cea <DIO_enuSetPinValue>
    3ec6:	89 83       	std	Y+1, r24	; 0x01

	LCD_vidLatch(Copy_u8Command);
    3ec8:	8a 81       	ldd	r24, Y+2	; 0x02
    3eca:	0e 94 24 21 	call	0x4248	; 0x4248 <LCD_vidLatch>

	return Local_enuErrorState;
    3ece:	89 81       	ldd	r24, Y+1	; 0x01
}
    3ed0:	0f 90       	pop	r0
    3ed2:	0f 90       	pop	r0
    3ed4:	cf 91       	pop	r28
    3ed6:	df 91       	pop	r29
    3ed8:	08 95       	ret

00003eda <LCD_enuGoToPosition>:

ES_t LCD_enuGoToPosition (u8 Copy_u8Row , u8 Copy_u8Col)
{
    3eda:	df 93       	push	r29
    3edc:	cf 93       	push	r28
    3ede:	00 d0       	rcall	.+0      	; 0x3ee0 <LCD_enuGoToPosition+0x6>
    3ee0:	00 d0       	rcall	.+0      	; 0x3ee2 <LCD_enuGoToPosition+0x8>
    3ee2:	0f 92       	push	r0
    3ee4:	cd b7       	in	r28, 0x3d	; 61
    3ee6:	de b7       	in	r29, 0x3e	; 62
    3ee8:	8c 83       	std	Y+4, r24	; 0x04
    3eea:	6d 83       	std	Y+5, r22	; 0x05
	ES_t Local_enuErrorState=ES_NOK;
    3eec:	19 82       	std	Y+1, r1	; 0x01

	u8 Local_u8RowLocation [] = {FORCE_CURSOR_START_FIRST_LINE,FORCE_CURSOR_START_SECOND_LINE};
    3eee:	80 e8       	ldi	r24, 0x80	; 128
    3ef0:	8a 83       	std	Y+2, r24	; 0x02
    3ef2:	80 ec       	ldi	r24, 0xC0	; 192
    3ef4:	8b 83       	std	Y+3, r24	; 0x03

	LCD_enuSendCommand(Local_u8RowLocation[Copy_u8Row-1]+(Copy_u8Col-1));
    3ef6:	8c 81       	ldd	r24, Y+4	; 0x04
    3ef8:	88 2f       	mov	r24, r24
    3efa:	90 e0       	ldi	r25, 0x00	; 0
    3efc:	9c 01       	movw	r18, r24
    3efe:	21 50       	subi	r18, 0x01	; 1
    3f00:	30 40       	sbci	r19, 0x00	; 0
    3f02:	ce 01       	movw	r24, r28
    3f04:	02 96       	adiw	r24, 0x02	; 2
    3f06:	fc 01       	movw	r30, r24
    3f08:	e2 0f       	add	r30, r18
    3f0a:	f3 1f       	adc	r31, r19
    3f0c:	90 81       	ld	r25, Z
    3f0e:	8d 81       	ldd	r24, Y+5	; 0x05
    3f10:	89 0f       	add	r24, r25
    3f12:	81 50       	subi	r24, 0x01	; 1
    3f14:	0e 94 57 1f 	call	0x3eae	; 0x3eae <LCD_enuSendCommand>

	Local_enuErrorState=ES_OK;
    3f18:	81 e0       	ldi	r24, 0x01	; 1
    3f1a:	89 83       	std	Y+1, r24	; 0x01

	return Local_enuErrorState;
    3f1c:	89 81       	ldd	r24, Y+1	; 0x01
}
    3f1e:	0f 90       	pop	r0
    3f20:	0f 90       	pop	r0
    3f22:	0f 90       	pop	r0
    3f24:	0f 90       	pop	r0
    3f26:	0f 90       	pop	r0
    3f28:	cf 91       	pop	r28
    3f2a:	df 91       	pop	r29
    3f2c:	08 95       	ret

00003f2e <LCD_enuDisplayNum>:

ES_t LCD_enuDisplayNum(u8 Copy_u8Num)
{
    3f2e:	df 93       	push	r29
    3f30:	cf 93       	push	r28
    3f32:	cd b7       	in	r28, 0x3d	; 61
    3f34:	de b7       	in	r29, 0x3e	; 62
    3f36:	28 97       	sbiw	r28, 0x08	; 8
    3f38:	0f b6       	in	r0, 0x3f	; 63
    3f3a:	f8 94       	cli
    3f3c:	de bf       	out	0x3e, r29	; 62
    3f3e:	0f be       	out	0x3f, r0	; 63
    3f40:	cd bf       	out	0x3d, r28	; 61
    3f42:	88 87       	std	Y+8, r24	; 0x08
	ES_t Local_enuErrorState=ES_NOK;
    3f44:	1f 82       	std	Y+7, r1	; 0x07

	if(Copy_u8Num>=0 && Copy_u8Num<=9)
    3f46:	88 85       	ldd	r24, Y+8	; 0x08
    3f48:	8a 30       	cpi	r24, 0x0A	; 10
    3f4a:	28 f4       	brcc	.+10     	; 0x3f56 <LCD_enuDisplayNum+0x28>
	{
		LCD_enuDisplayChar(0x30+Copy_u8Num);
    3f4c:	88 85       	ldd	r24, Y+8	; 0x08
    3f4e:	80 5d       	subi	r24, 0xD0	; 208
    3f50:	0e 94 18 1f 	call	0x3e30	; 0x3e30 <LCD_enuDisplayChar>
    3f54:	86 c0       	rjmp	.+268    	; 0x4062 <LCD_enuDisplayNum+0x134>
	}
	else
	{
		u8 Local_u8Iterator=0;
    3f56:	1e 82       	std	Y+6, r1	; 0x06
		u32 Local_u8Divisor=10;
    3f58:	8a e0       	ldi	r24, 0x0A	; 10
    3f5a:	90 e0       	ldi	r25, 0x00	; 0
    3f5c:	a0 e0       	ldi	r26, 0x00	; 0
    3f5e:	b0 e0       	ldi	r27, 0x00	; 0
    3f60:	8a 83       	std	Y+2, r24	; 0x02
    3f62:	9b 83       	std	Y+3, r25	; 0x03
    3f64:	ac 83       	std	Y+4, r26	; 0x04
    3f66:	bd 83       	std	Y+5, r27	; 0x05

		while(1)
		{
			if((Copy_u8Num/Local_u8Divisor)==0)
    3f68:	88 85       	ldd	r24, Y+8	; 0x08
    3f6a:	88 2f       	mov	r24, r24
    3f6c:	90 e0       	ldi	r25, 0x00	; 0
    3f6e:	a0 e0       	ldi	r26, 0x00	; 0
    3f70:	b0 e0       	ldi	r27, 0x00	; 0
    3f72:	2a 81       	ldd	r18, Y+2	; 0x02
    3f74:	3b 81       	ldd	r19, Y+3	; 0x03
    3f76:	4c 81       	ldd	r20, Y+4	; 0x04
    3f78:	5d 81       	ldd	r21, Y+5	; 0x05
    3f7a:	bc 01       	movw	r22, r24
    3f7c:	cd 01       	movw	r24, r26
    3f7e:	0e 94 6f 24 	call	0x48de	; 0x48de <__udivmodsi4>
    3f82:	da 01       	movw	r26, r20
    3f84:	c9 01       	movw	r24, r18
    3f86:	00 97       	sbiw	r24, 0x00	; 0
    3f88:	a1 05       	cpc	r26, r1
    3f8a:	b1 05       	cpc	r27, r1
    3f8c:	09 f0       	breq	.+2      	; 0x3f90 <LCD_enuDisplayNum+0x62>
    3f8e:	53 c0       	rjmp	.+166    	; 0x4036 <LCD_enuDisplayNum+0x108>
			{
				for(u8 Local_u8Iter=0; Local_u8Iter<=Local_u8Iterator ;Local_u8Iter++)
    3f90:	19 82       	std	Y+1, r1	; 0x01
    3f92:	4b c0       	rjmp	.+150    	; 0x402a <LCD_enuDisplayNum+0xfc>
				{
					Local_u8Divisor=Local_u8Divisor/10;
    3f94:	8a 81       	ldd	r24, Y+2	; 0x02
    3f96:	9b 81       	ldd	r25, Y+3	; 0x03
    3f98:	ac 81       	ldd	r26, Y+4	; 0x04
    3f9a:	bd 81       	ldd	r27, Y+5	; 0x05
    3f9c:	2a e0       	ldi	r18, 0x0A	; 10
    3f9e:	30 e0       	ldi	r19, 0x00	; 0
    3fa0:	40 e0       	ldi	r20, 0x00	; 0
    3fa2:	50 e0       	ldi	r21, 0x00	; 0
    3fa4:	bc 01       	movw	r22, r24
    3fa6:	cd 01       	movw	r24, r26
    3fa8:	0e 94 6f 24 	call	0x48de	; 0x48de <__udivmodsi4>
    3fac:	da 01       	movw	r26, r20
    3fae:	c9 01       	movw	r24, r18
    3fb0:	8a 83       	std	Y+2, r24	; 0x02
    3fb2:	9b 83       	std	Y+3, r25	; 0x03
    3fb4:	ac 83       	std	Y+4, r26	; 0x04
    3fb6:	bd 83       	std	Y+5, r27	; 0x05
					if((Copy_u8Num/Local_u8Divisor)>=0  && (Copy_u8Num/Local_u8Divisor)<=9 )
    3fb8:	88 85       	ldd	r24, Y+8	; 0x08
    3fba:	88 2f       	mov	r24, r24
    3fbc:	90 e0       	ldi	r25, 0x00	; 0
    3fbe:	a0 e0       	ldi	r26, 0x00	; 0
    3fc0:	b0 e0       	ldi	r27, 0x00	; 0
    3fc2:	2a 81       	ldd	r18, Y+2	; 0x02
    3fc4:	3b 81       	ldd	r19, Y+3	; 0x03
    3fc6:	4c 81       	ldd	r20, Y+4	; 0x04
    3fc8:	5d 81       	ldd	r21, Y+5	; 0x05
    3fca:	bc 01       	movw	r22, r24
    3fcc:	cd 01       	movw	r24, r26
    3fce:	0e 94 6f 24 	call	0x48de	; 0x48de <__udivmodsi4>
    3fd2:	da 01       	movw	r26, r20
    3fd4:	c9 01       	movw	r24, r18
    3fd6:	8a 30       	cpi	r24, 0x0A	; 10
    3fd8:	91 05       	cpc	r25, r1
    3fda:	a1 05       	cpc	r26, r1
    3fdc:	b1 05       	cpc	r27, r1
    3fde:	90 f4       	brcc	.+36     	; 0x4004 <LCD_enuDisplayNum+0xd6>
					{
						//LCD_enuDisplayChar(Array_u8Num[(Copy_u8Num/Local_u8Divisor)]);
						//LCD_enuDisplayChar('0'+(Copy_u8Num/Local_u8Divisor));
						LCD_enuDisplayChar(0x30+(Copy_u8Num/Local_u8Divisor));
    3fe0:	88 85       	ldd	r24, Y+8	; 0x08
    3fe2:	88 2f       	mov	r24, r24
    3fe4:	90 e0       	ldi	r25, 0x00	; 0
    3fe6:	a0 e0       	ldi	r26, 0x00	; 0
    3fe8:	b0 e0       	ldi	r27, 0x00	; 0
    3fea:	2a 81       	ldd	r18, Y+2	; 0x02
    3fec:	3b 81       	ldd	r19, Y+3	; 0x03
    3fee:	4c 81       	ldd	r20, Y+4	; 0x04
    3ff0:	5d 81       	ldd	r21, Y+5	; 0x05
    3ff2:	bc 01       	movw	r22, r24
    3ff4:	cd 01       	movw	r24, r26
    3ff6:	0e 94 6f 24 	call	0x48de	; 0x48de <__udivmodsi4>
    3ffa:	da 01       	movw	r26, r20
    3ffc:	c9 01       	movw	r24, r18
    3ffe:	80 5d       	subi	r24, 0xD0	; 208
    4000:	0e 94 18 1f 	call	0x3e30	; 0x3e30 <LCD_enuDisplayChar>
					}
					Copy_u8Num= Copy_u8Num % Local_u8Divisor;
    4004:	88 85       	ldd	r24, Y+8	; 0x08
    4006:	88 2f       	mov	r24, r24
    4008:	90 e0       	ldi	r25, 0x00	; 0
    400a:	a0 e0       	ldi	r26, 0x00	; 0
    400c:	b0 e0       	ldi	r27, 0x00	; 0
    400e:	2a 81       	ldd	r18, Y+2	; 0x02
    4010:	3b 81       	ldd	r19, Y+3	; 0x03
    4012:	4c 81       	ldd	r20, Y+4	; 0x04
    4014:	5d 81       	ldd	r21, Y+5	; 0x05
    4016:	bc 01       	movw	r22, r24
    4018:	cd 01       	movw	r24, r26
    401a:	0e 94 6f 24 	call	0x48de	; 0x48de <__udivmodsi4>
    401e:	dc 01       	movw	r26, r24
    4020:	cb 01       	movw	r24, r22
    4022:	88 87       	std	Y+8, r24	; 0x08

		while(1)
		{
			if((Copy_u8Num/Local_u8Divisor)==0)
			{
				for(u8 Local_u8Iter=0; Local_u8Iter<=Local_u8Iterator ;Local_u8Iter++)
    4024:	89 81       	ldd	r24, Y+1	; 0x01
    4026:	8f 5f       	subi	r24, 0xFF	; 255
    4028:	89 83       	std	Y+1, r24	; 0x01
    402a:	99 81       	ldd	r25, Y+1	; 0x01
    402c:	8e 81       	ldd	r24, Y+6	; 0x06
    402e:	89 17       	cp	r24, r25
    4030:	08 f0       	brcs	.+2      	; 0x4034 <LCD_enuDisplayNum+0x106>
    4032:	b0 cf       	rjmp	.-160    	; 0x3f94 <LCD_enuDisplayNum+0x66>
    4034:	16 c0       	rjmp	.+44     	; 0x4062 <LCD_enuDisplayNum+0x134>
				}
				break;
			}
			else
			{
				Local_u8Divisor=Local_u8Divisor*10;
    4036:	8a 81       	ldd	r24, Y+2	; 0x02
    4038:	9b 81       	ldd	r25, Y+3	; 0x03
    403a:	ac 81       	ldd	r26, Y+4	; 0x04
    403c:	bd 81       	ldd	r27, Y+5	; 0x05
    403e:	2a e0       	ldi	r18, 0x0A	; 10
    4040:	30 e0       	ldi	r19, 0x00	; 0
    4042:	40 e0       	ldi	r20, 0x00	; 0
    4044:	50 e0       	ldi	r21, 0x00	; 0
    4046:	bc 01       	movw	r22, r24
    4048:	cd 01       	movw	r24, r26
    404a:	0e 94 50 24 	call	0x48a0	; 0x48a0 <__mulsi3>
    404e:	dc 01       	movw	r26, r24
    4050:	cb 01       	movw	r24, r22
    4052:	8a 83       	std	Y+2, r24	; 0x02
    4054:	9b 83       	std	Y+3, r25	; 0x03
    4056:	ac 83       	std	Y+4, r26	; 0x04
    4058:	bd 83       	std	Y+5, r27	; 0x05
				Local_u8Iterator++;
    405a:	8e 81       	ldd	r24, Y+6	; 0x06
    405c:	8f 5f       	subi	r24, 0xFF	; 255
    405e:	8e 83       	std	Y+6, r24	; 0x06
    4060:	83 cf       	rjmp	.-250    	; 0x3f68 <LCD_enuDisplayNum+0x3a>
			}
		}
	}

		Local_enuErrorState=ES_OK;
    4062:	81 e0       	ldi	r24, 0x01	; 1
    4064:	8f 83       	std	Y+7, r24	; 0x07

		return Local_enuErrorState;
    4066:	8f 81       	ldd	r24, Y+7	; 0x07
}
    4068:	28 96       	adiw	r28, 0x08	; 8
    406a:	0f b6       	in	r0, 0x3f	; 63
    406c:	f8 94       	cli
    406e:	de bf       	out	0x3e, r29	; 62
    4070:	0f be       	out	0x3f, r0	; 63
    4072:	cd bf       	out	0x3d, r28	; 61
    4074:	cf 91       	pop	r28
    4076:	df 91       	pop	r29
    4078:	08 95       	ret

0000407a <LCD_enuSendSpecialNumber>:

ES_t LCD_enuSendSpecialNumber(u32 Copy_u32Number)
{
    407a:	df 93       	push	r29
    407c:	cf 93       	push	r28
    407e:	cd b7       	in	r28, 0x3d	; 61
    4080:	de b7       	in	r29, 0x3e	; 62
    4082:	2f 97       	sbiw	r28, 0x0f	; 15
    4084:	0f b6       	in	r0, 0x3f	; 63
    4086:	f8 94       	cli
    4088:	de bf       	out	0x3e, r29	; 62
    408a:	0f be       	out	0x3f, r0	; 63
    408c:	cd bf       	out	0x3d, r28	; 61
    408e:	6c 87       	std	Y+12, r22	; 0x0c
    4090:	7d 87       	std	Y+13, r23	; 0x0d
    4092:	8e 87       	std	Y+14, r24	; 0x0e
    4094:	9f 87       	std	Y+15, r25	; 0x0f
	ES_t error_enuState = ES_NOK;
    4096:	1b 86       	std	Y+11, r1	; 0x0b

	u8 Local_u8Iteration , Local_u8NumOfDigits=LCD_ZERO;
    4098:	19 86       	std	Y+9, r1	; 0x09
	u32 Local_u32Reminder , Local_u8PowerTen ;
	Local_u32Reminder=Copy_u32Number;
    409a:	8c 85       	ldd	r24, Y+12	; 0x0c
    409c:	9d 85       	ldd	r25, Y+13	; 0x0d
    409e:	ae 85       	ldd	r26, Y+14	; 0x0e
    40a0:	bf 85       	ldd	r27, Y+15	; 0x0f
    40a2:	8d 83       	std	Y+5, r24	; 0x05
    40a4:	9e 83       	std	Y+6, r25	; 0x06
    40a6:	af 83       	std	Y+7, r26	; 0x07
    40a8:	b8 87       	std	Y+8, r27	; 0x08

	for (Local_u8Iteration = LCD_ONE ;  ; Local_u8Iteration++)
    40aa:	81 e0       	ldi	r24, 0x01	; 1
    40ac:	8a 87       	std	Y+10, r24	; 0x0a
	{
		Copy_u32Number=Local_u32Reminder;
    40ae:	8d 81       	ldd	r24, Y+5	; 0x05
    40b0:	9e 81       	ldd	r25, Y+6	; 0x06
    40b2:	af 81       	ldd	r26, Y+7	; 0x07
    40b4:	b8 85       	ldd	r27, Y+8	; 0x08
    40b6:	8c 87       	std	Y+12, r24	; 0x0c
    40b8:	9d 87       	std	Y+13, r25	; 0x0d
    40ba:	ae 87       	std	Y+14, r26	; 0x0e
    40bc:	bf 87       	std	Y+15, r27	; 0x0f
		Local_u8PowerTen=POWER_u32PowerNumbers( LCD_TEN , Local_u8Iteration);
    40be:	6a e0       	ldi	r22, 0x0A	; 10
    40c0:	70 e0       	ldi	r23, 0x00	; 0
    40c2:	80 e0       	ldi	r24, 0x00	; 0
    40c4:	90 e0       	ldi	r25, 0x00	; 0
    40c6:	4a 85       	ldd	r20, Y+10	; 0x0a
    40c8:	0e 94 e2 20 	call	0x41c4	; 0x41c4 <POWER_u32PowerNumbers>
    40cc:	dc 01       	movw	r26, r24
    40ce:	cb 01       	movw	r24, r22
    40d0:	89 83       	std	Y+1, r24	; 0x01
    40d2:	9a 83       	std	Y+2, r25	; 0x02
    40d4:	ab 83       	std	Y+3, r26	; 0x03
    40d6:	bc 83       	std	Y+4, r27	; 0x04
		Copy_u32Number /= Local_u8PowerTen;
    40d8:	8c 85       	ldd	r24, Y+12	; 0x0c
    40da:	9d 85       	ldd	r25, Y+13	; 0x0d
    40dc:	ae 85       	ldd	r26, Y+14	; 0x0e
    40de:	bf 85       	ldd	r27, Y+15	; 0x0f
    40e0:	29 81       	ldd	r18, Y+1	; 0x01
    40e2:	3a 81       	ldd	r19, Y+2	; 0x02
    40e4:	4b 81       	ldd	r20, Y+3	; 0x03
    40e6:	5c 81       	ldd	r21, Y+4	; 0x04
    40e8:	bc 01       	movw	r22, r24
    40ea:	cd 01       	movw	r24, r26
    40ec:	0e 94 6f 24 	call	0x48de	; 0x48de <__udivmodsi4>
    40f0:	da 01       	movw	r26, r20
    40f2:	c9 01       	movw	r24, r18
    40f4:	8c 87       	std	Y+12, r24	; 0x0c
    40f6:	9d 87       	std	Y+13, r25	; 0x0d
    40f8:	ae 87       	std	Y+14, r26	; 0x0e
    40fa:	bf 87       	std	Y+15, r27	; 0x0f

		if (! (Copy_u32Number))
    40fc:	8c 85       	ldd	r24, Y+12	; 0x0c
    40fe:	9d 85       	ldd	r25, Y+13	; 0x0d
    4100:	ae 85       	ldd	r26, Y+14	; 0x0e
    4102:	bf 85       	ldd	r27, Y+15	; 0x0f
    4104:	00 97       	sbiw	r24, 0x00	; 0
    4106:	a1 05       	cpc	r26, r1
    4108:	b1 05       	cpc	r27, r1
    410a:	29 f4       	brne	.+10     	; 0x4116 <LCD_enuSendSpecialNumber+0x9c>
		{
			Local_u8NumOfDigits=Local_u8Iteration;
    410c:	8a 85       	ldd	r24, Y+10	; 0x0a
    410e:	89 87       	std	Y+9, r24	; 0x09
			break;
		}
	}

	for (Local_u8Iteration = Local_u8NumOfDigits ; Local_u8Iteration > LCD_ZERO ;Local_u8Iteration--)
    4110:	89 85       	ldd	r24, Y+9	; 0x09
    4112:	8a 87       	std	Y+10, r24	; 0x0a
    4114:	47 c0       	rjmp	.+142    	; 0x41a4 <LCD_enuSendSpecialNumber+0x12a>

	u8 Local_u8Iteration , Local_u8NumOfDigits=LCD_ZERO;
	u32 Local_u32Reminder , Local_u8PowerTen ;
	Local_u32Reminder=Copy_u32Number;

	for (Local_u8Iteration = LCD_ONE ;  ; Local_u8Iteration++)
    4116:	8a 85       	ldd	r24, Y+10	; 0x0a
    4118:	8f 5f       	subi	r24, 0xFF	; 255
    411a:	8a 87       	std	Y+10, r24	; 0x0a
    411c:	c8 cf       	rjmp	.-112    	; 0x40ae <LCD_enuSendSpecialNumber+0x34>
		}
	}

	for (Local_u8Iteration = Local_u8NumOfDigits ; Local_u8Iteration > LCD_ZERO ;Local_u8Iteration--)
	{
		Copy_u32Number=Local_u32Reminder;
    411e:	8d 81       	ldd	r24, Y+5	; 0x05
    4120:	9e 81       	ldd	r25, Y+6	; 0x06
    4122:	af 81       	ldd	r26, Y+7	; 0x07
    4124:	b8 85       	ldd	r27, Y+8	; 0x08
    4126:	8c 87       	std	Y+12, r24	; 0x0c
    4128:	9d 87       	std	Y+13, r25	; 0x0d
    412a:	ae 87       	std	Y+14, r26	; 0x0e
    412c:	bf 87       	std	Y+15, r27	; 0x0f
		Local_u8PowerTen=POWER_u32PowerNumbers( LCD_TEN , Local_u8Iteration - LCD_ONE);
    412e:	8a 85       	ldd	r24, Y+10	; 0x0a
    4130:	28 2f       	mov	r18, r24
    4132:	21 50       	subi	r18, 0x01	; 1
    4134:	6a e0       	ldi	r22, 0x0A	; 10
    4136:	70 e0       	ldi	r23, 0x00	; 0
    4138:	80 e0       	ldi	r24, 0x00	; 0
    413a:	90 e0       	ldi	r25, 0x00	; 0
    413c:	42 2f       	mov	r20, r18
    413e:	0e 94 e2 20 	call	0x41c4	; 0x41c4 <POWER_u32PowerNumbers>
    4142:	dc 01       	movw	r26, r24
    4144:	cb 01       	movw	r24, r22
    4146:	89 83       	std	Y+1, r24	; 0x01
    4148:	9a 83       	std	Y+2, r25	; 0x02
    414a:	ab 83       	std	Y+3, r26	; 0x03
    414c:	bc 83       	std	Y+4, r27	; 0x04

		Local_u32Reminder  %= Local_u8PowerTen;
    414e:	8d 81       	ldd	r24, Y+5	; 0x05
    4150:	9e 81       	ldd	r25, Y+6	; 0x06
    4152:	af 81       	ldd	r26, Y+7	; 0x07
    4154:	b8 85       	ldd	r27, Y+8	; 0x08
    4156:	29 81       	ldd	r18, Y+1	; 0x01
    4158:	3a 81       	ldd	r19, Y+2	; 0x02
    415a:	4b 81       	ldd	r20, Y+3	; 0x03
    415c:	5c 81       	ldd	r21, Y+4	; 0x04
    415e:	bc 01       	movw	r22, r24
    4160:	cd 01       	movw	r24, r26
    4162:	0e 94 6f 24 	call	0x48de	; 0x48de <__udivmodsi4>
    4166:	dc 01       	movw	r26, r24
    4168:	cb 01       	movw	r24, r22
    416a:	8d 83       	std	Y+5, r24	; 0x05
    416c:	9e 83       	std	Y+6, r25	; 0x06
    416e:	af 83       	std	Y+7, r26	; 0x07
    4170:	b8 87       	std	Y+8, r27	; 0x08

		Copy_u32Number /= (Local_u8PowerTen);
    4172:	8c 85       	ldd	r24, Y+12	; 0x0c
    4174:	9d 85       	ldd	r25, Y+13	; 0x0d
    4176:	ae 85       	ldd	r26, Y+14	; 0x0e
    4178:	bf 85       	ldd	r27, Y+15	; 0x0f
    417a:	29 81       	ldd	r18, Y+1	; 0x01
    417c:	3a 81       	ldd	r19, Y+2	; 0x02
    417e:	4b 81       	ldd	r20, Y+3	; 0x03
    4180:	5c 81       	ldd	r21, Y+4	; 0x04
    4182:	bc 01       	movw	r22, r24
    4184:	cd 01       	movw	r24, r26
    4186:	0e 94 6f 24 	call	0x48de	; 0x48de <__udivmodsi4>
    418a:	da 01       	movw	r26, r20
    418c:	c9 01       	movw	r24, r18
    418e:	8c 87       	std	Y+12, r24	; 0x0c
    4190:	9d 87       	std	Y+13, r25	; 0x0d
    4192:	ae 87       	std	Y+14, r26	; 0x0e
    4194:	bf 87       	std	Y+15, r27	; 0x0f

		LCD_enuDisplayChar(Copy_u32Number+'0');
    4196:	8c 85       	ldd	r24, Y+12	; 0x0c
    4198:	80 5d       	subi	r24, 0xD0	; 208
    419a:	0e 94 18 1f 	call	0x3e30	; 0x3e30 <LCD_enuDisplayChar>
			Local_u8NumOfDigits=Local_u8Iteration;
			break;
		}
	}

	for (Local_u8Iteration = Local_u8NumOfDigits ; Local_u8Iteration > LCD_ZERO ;Local_u8Iteration--)
    419e:	8a 85       	ldd	r24, Y+10	; 0x0a
    41a0:	81 50       	subi	r24, 0x01	; 1
    41a2:	8a 87       	std	Y+10, r24	; 0x0a
    41a4:	8a 85       	ldd	r24, Y+10	; 0x0a
    41a6:	88 23       	and	r24, r24
    41a8:	09 f0       	breq	.+2      	; 0x41ac <LCD_enuSendSpecialNumber+0x132>
    41aa:	b9 cf       	rjmp	.-142    	; 0x411e <LCD_enuSendSpecialNumber+0xa4>

		Copy_u32Number /= (Local_u8PowerTen);

		LCD_enuDisplayChar(Copy_u32Number+'0');
	}
	error_enuState = ES_OK;
    41ac:	81 e0       	ldi	r24, 0x01	; 1
    41ae:	8b 87       	std	Y+11, r24	; 0x0b

	return error_enuState;
    41b0:	8b 85       	ldd	r24, Y+11	; 0x0b
}
    41b2:	2f 96       	adiw	r28, 0x0f	; 15
    41b4:	0f b6       	in	r0, 0x3f	; 63
    41b6:	f8 94       	cli
    41b8:	de bf       	out	0x3e, r29	; 62
    41ba:	0f be       	out	0x3f, r0	; 63
    41bc:	cd bf       	out	0x3d, r28	; 61
    41be:	cf 91       	pop	r28
    41c0:	df 91       	pop	r29
    41c2:	08 95       	ret

000041c4 <POWER_u32PowerNumbers>:

u32 POWER_u32PowerNumbers(u32 Copy_u32Number , u8 Copy_u8Power)
{
    41c4:	df 93       	push	r29
    41c6:	cf 93       	push	r28
    41c8:	cd b7       	in	r28, 0x3d	; 61
    41ca:	de b7       	in	r29, 0x3e	; 62
    41cc:	2a 97       	sbiw	r28, 0x0a	; 10
    41ce:	0f b6       	in	r0, 0x3f	; 63
    41d0:	f8 94       	cli
    41d2:	de bf       	out	0x3e, r29	; 62
    41d4:	0f be       	out	0x3f, r0	; 63
    41d6:	cd bf       	out	0x3d, r28	; 61
    41d8:	6e 83       	std	Y+6, r22	; 0x06
    41da:	7f 83       	std	Y+7, r23	; 0x07
    41dc:	88 87       	std	Y+8, r24	; 0x08
    41de:	99 87       	std	Y+9, r25	; 0x09
    41e0:	4a 87       	std	Y+10, r20	; 0x0a
	u32 Local_u32Result = LCD_ONE ;
    41e2:	81 e0       	ldi	r24, 0x01	; 1
    41e4:	90 e0       	ldi	r25, 0x00	; 0
    41e6:	a0 e0       	ldi	r26, 0x00	; 0
    41e8:	b0 e0       	ldi	r27, 0x00	; 0
    41ea:	8a 83       	std	Y+2, r24	; 0x02
    41ec:	9b 83       	std	Y+3, r25	; 0x03
    41ee:	ac 83       	std	Y+4, r26	; 0x04
    41f0:	bd 83       	std	Y+5, r27	; 0x05
	u8 Local_u8Iteration ;

	for (Local_u8Iteration = LCD_ONE ; Local_u8Iteration <= Copy_u8Power ; Local_u8Iteration++)
    41f2:	81 e0       	ldi	r24, 0x01	; 1
    41f4:	89 83       	std	Y+1, r24	; 0x01
    41f6:	15 c0       	rjmp	.+42     	; 0x4222 <POWER_u32PowerNumbers+0x5e>
	{
		Local_u32Result *=Copy_u32Number ;
    41f8:	8a 81       	ldd	r24, Y+2	; 0x02
    41fa:	9b 81       	ldd	r25, Y+3	; 0x03
    41fc:	ac 81       	ldd	r26, Y+4	; 0x04
    41fe:	bd 81       	ldd	r27, Y+5	; 0x05
    4200:	2e 81       	ldd	r18, Y+6	; 0x06
    4202:	3f 81       	ldd	r19, Y+7	; 0x07
    4204:	48 85       	ldd	r20, Y+8	; 0x08
    4206:	59 85       	ldd	r21, Y+9	; 0x09
    4208:	bc 01       	movw	r22, r24
    420a:	cd 01       	movw	r24, r26
    420c:	0e 94 50 24 	call	0x48a0	; 0x48a0 <__mulsi3>
    4210:	dc 01       	movw	r26, r24
    4212:	cb 01       	movw	r24, r22
    4214:	8a 83       	std	Y+2, r24	; 0x02
    4216:	9b 83       	std	Y+3, r25	; 0x03
    4218:	ac 83       	std	Y+4, r26	; 0x04
    421a:	bd 83       	std	Y+5, r27	; 0x05
u32 POWER_u32PowerNumbers(u32 Copy_u32Number , u8 Copy_u8Power)
{
	u32 Local_u32Result = LCD_ONE ;
	u8 Local_u8Iteration ;

	for (Local_u8Iteration = LCD_ONE ; Local_u8Iteration <= Copy_u8Power ; Local_u8Iteration++)
    421c:	89 81       	ldd	r24, Y+1	; 0x01
    421e:	8f 5f       	subi	r24, 0xFF	; 255
    4220:	89 83       	std	Y+1, r24	; 0x01
    4222:	99 81       	ldd	r25, Y+1	; 0x01
    4224:	8a 85       	ldd	r24, Y+10	; 0x0a
    4226:	89 17       	cp	r24, r25
    4228:	38 f7       	brcc	.-50     	; 0x41f8 <POWER_u32PowerNumbers+0x34>
	{
		Local_u32Result *=Copy_u32Number ;
	}

	return Local_u32Result ;
    422a:	8a 81       	ldd	r24, Y+2	; 0x02
    422c:	9b 81       	ldd	r25, Y+3	; 0x03
    422e:	ac 81       	ldd	r26, Y+4	; 0x04
    4230:	bd 81       	ldd	r27, Y+5	; 0x05
}
    4232:	bc 01       	movw	r22, r24
    4234:	cd 01       	movw	r24, r26
    4236:	2a 96       	adiw	r28, 0x0a	; 10
    4238:	0f b6       	in	r0, 0x3f	; 63
    423a:	f8 94       	cli
    423c:	de bf       	out	0x3e, r29	; 62
    423e:	0f be       	out	0x3f, r0	; 63
    4240:	cd bf       	out	0x3d, r28	; 61
    4242:	cf 91       	pop	r28
    4244:	df 91       	pop	r29
    4246:	08 95       	ret

00004248 <LCD_vidLatch>:


static void LCD_vidLatch(u8 Copy_u8Data)
{
    4248:	df 93       	push	r29
    424a:	cf 93       	push	r28
    424c:	cd b7       	in	r28, 0x3d	; 61
    424e:	de b7       	in	r29, 0x3e	; 62
    4250:	6d 97       	sbiw	r28, 0x1d	; 29
    4252:	0f b6       	in	r0, 0x3f	; 63
    4254:	f8 94       	cli
    4256:	de bf       	out	0x3e, r29	; 62
    4258:	0f be       	out	0x3f, r0	; 63
    425a:	cd bf       	out	0x3d, r28	; 61
    425c:	8d 8f       	std	Y+29, r24	; 0x1d
	//set EN as low
		DIO_enuSetPinValue(EN_PORT,EN_PIN,DIO_u8LOW);
    425e:	83 e0       	ldi	r24, 0x03	; 3
    4260:	63 e0       	ldi	r22, 0x03	; 3
    4262:	40 e0       	ldi	r20, 0x00	; 0
    4264:	0e 94 75 16 	call	0x2cea	; 0x2cea <DIO_enuSetPinValue>
		//set RW as write operation
		DIO_enuSetPinValue(RW_PORT,RW_PIN,DIO_u8LOW);
    4268:	83 e0       	ldi	r24, 0x03	; 3
    426a:	61 e0       	ldi	r22, 0x01	; 1
    426c:	40 e0       	ldi	r20, 0x00	; 0
    426e:	0e 94 75 16 	call	0x2cea	; 0x2cea <DIO_enuSetPinValue>
		//write data
		DIO_enuSetPinValue(D7_PORT,D7_PIN,((Copy_u8Data>>7)&LCD_MASK_BIT));
    4272:	8d 8d       	ldd	r24, Y+29	; 0x1d
    4274:	98 2f       	mov	r25, r24
    4276:	99 1f       	adc	r25, r25
    4278:	99 27       	eor	r25, r25
    427a:	99 1f       	adc	r25, r25
    427c:	82 e0       	ldi	r24, 0x02	; 2
    427e:	67 e0       	ldi	r22, 0x07	; 7
    4280:	49 2f       	mov	r20, r25
    4282:	0e 94 75 16 	call	0x2cea	; 0x2cea <DIO_enuSetPinValue>
		DIO_enuSetPinValue(D6_PORT,D6_PIN,((Copy_u8Data>>6)&LCD_MASK_BIT));
    4286:	8d 8d       	ldd	r24, Y+29	; 0x1d
    4288:	82 95       	swap	r24
    428a:	86 95       	lsr	r24
    428c:	86 95       	lsr	r24
    428e:	83 70       	andi	r24, 0x03	; 3
    4290:	98 2f       	mov	r25, r24
    4292:	91 70       	andi	r25, 0x01	; 1
    4294:	82 e0       	ldi	r24, 0x02	; 2
    4296:	66 e0       	ldi	r22, 0x06	; 6
    4298:	49 2f       	mov	r20, r25
    429a:	0e 94 75 16 	call	0x2cea	; 0x2cea <DIO_enuSetPinValue>
		DIO_enuSetPinValue(D5_PORT,D5_PIN,((Copy_u8Data>>5)&LCD_MASK_BIT));
    429e:	8d 8d       	ldd	r24, Y+29	; 0x1d
    42a0:	82 95       	swap	r24
    42a2:	86 95       	lsr	r24
    42a4:	87 70       	andi	r24, 0x07	; 7
    42a6:	98 2f       	mov	r25, r24
    42a8:	91 70       	andi	r25, 0x01	; 1
    42aa:	82 e0       	ldi	r24, 0x02	; 2
    42ac:	65 e0       	ldi	r22, 0x05	; 5
    42ae:	49 2f       	mov	r20, r25
    42b0:	0e 94 75 16 	call	0x2cea	; 0x2cea <DIO_enuSetPinValue>
		DIO_enuSetPinValue(D4_PORT,D4_PIN,((Copy_u8Data>>4)&LCD_MASK_BIT));
    42b4:	8d 8d       	ldd	r24, Y+29	; 0x1d
    42b6:	82 95       	swap	r24
    42b8:	8f 70       	andi	r24, 0x0F	; 15
    42ba:	98 2f       	mov	r25, r24
    42bc:	91 70       	andi	r25, 0x01	; 1
    42be:	82 e0       	ldi	r24, 0x02	; 2
    42c0:	64 e0       	ldi	r22, 0x04	; 4
    42c2:	49 2f       	mov	r20, r25
    42c4:	0e 94 75 16 	call	0x2cea	; 0x2cea <DIO_enuSetPinValue>
#if LCD_MODE==EIGHT_BIT
		DIO_enuSetPinValue(D3_PORT,D3_PIN,((Copy_u8Data>>3)&LCD_MASK_BIT));
    42c8:	8d 8d       	ldd	r24, Y+29	; 0x1d
    42ca:	86 95       	lsr	r24
    42cc:	86 95       	lsr	r24
    42ce:	86 95       	lsr	r24
    42d0:	98 2f       	mov	r25, r24
    42d2:	91 70       	andi	r25, 0x01	; 1
    42d4:	82 e0       	ldi	r24, 0x02	; 2
    42d6:	63 e0       	ldi	r22, 0x03	; 3
    42d8:	49 2f       	mov	r20, r25
    42da:	0e 94 75 16 	call	0x2cea	; 0x2cea <DIO_enuSetPinValue>
		DIO_enuSetPinValue(D2_PORT,D2_PIN,((Copy_u8Data>>2)&LCD_MASK_BIT));
    42de:	8d 8d       	ldd	r24, Y+29	; 0x1d
    42e0:	86 95       	lsr	r24
    42e2:	86 95       	lsr	r24
    42e4:	98 2f       	mov	r25, r24
    42e6:	91 70       	andi	r25, 0x01	; 1
    42e8:	82 e0       	ldi	r24, 0x02	; 2
    42ea:	62 e0       	ldi	r22, 0x02	; 2
    42ec:	49 2f       	mov	r20, r25
    42ee:	0e 94 75 16 	call	0x2cea	; 0x2cea <DIO_enuSetPinValue>
		DIO_enuSetPinValue(D1_PORT,D1_PIN,((Copy_u8Data>>1)&LCD_MASK_BIT));
    42f2:	8d 8d       	ldd	r24, Y+29	; 0x1d
    42f4:	86 95       	lsr	r24
    42f6:	98 2f       	mov	r25, r24
    42f8:	91 70       	andi	r25, 0x01	; 1
    42fa:	82 e0       	ldi	r24, 0x02	; 2
    42fc:	61 e0       	ldi	r22, 0x01	; 1
    42fe:	49 2f       	mov	r20, r25
    4300:	0e 94 75 16 	call	0x2cea	; 0x2cea <DIO_enuSetPinValue>
		DIO_enuSetPinValue(D0_PORT,D0_PIN,((Copy_u8Data>>0)&LCD_MASK_BIT));
    4304:	8d 8d       	ldd	r24, Y+29	; 0x1d
    4306:	98 2f       	mov	r25, r24
    4308:	91 70       	andi	r25, 0x01	; 1
    430a:	82 e0       	ldi	r24, 0x02	; 2
    430c:	60 e0       	ldi	r22, 0x00	; 0
    430e:	49 2f       	mov	r20, r25
    4310:	0e 94 75 16 	call	0x2cea	; 0x2cea <DIO_enuSetPinValue>
#else
#error"your LCD_MODE has a wrong selection"
#endif

		//enable latch
		DIO_enuSetPinValue(EN_PORT,EN_PIN,DIO_u8HIGH);
    4314:	83 e0       	ldi	r24, 0x03	; 3
    4316:	63 e0       	ldi	r22, 0x03	; 3
    4318:	41 e0       	ldi	r20, 0x01	; 1
    431a:	0e 94 75 16 	call	0x2cea	; 0x2cea <DIO_enuSetPinValue>
    431e:	80 e0       	ldi	r24, 0x00	; 0
    4320:	90 e0       	ldi	r25, 0x00	; 0
    4322:	a0 e2       	ldi	r26, 0x20	; 32
    4324:	b1 e4       	ldi	r27, 0x41	; 65
    4326:	89 8f       	std	Y+25, r24	; 0x19
    4328:	9a 8f       	std	Y+26, r25	; 0x1a
    432a:	ab 8f       	std	Y+27, r26	; 0x1b
    432c:	bc 8f       	std	Y+28, r27	; 0x1c
 */
void
_delay_ms(double __ms)
{
	uint16_t __ticks;
	double __tmp = ((F_CPU) / 4e3) * __ms;
    432e:	69 8d       	ldd	r22, Y+25	; 0x19
    4330:	7a 8d       	ldd	r23, Y+26	; 0x1a
    4332:	8b 8d       	ldd	r24, Y+27	; 0x1b
    4334:	9c 8d       	ldd	r25, Y+28	; 0x1c
    4336:	20 e0       	ldi	r18, 0x00	; 0
    4338:	30 e0       	ldi	r19, 0x00	; 0
    433a:	4a e7       	ldi	r20, 0x7A	; 122
    433c:	53 e4       	ldi	r21, 0x43	; 67
    433e:	0e 94 1f 02 	call	0x43e	; 0x43e <__mulsf3>
    4342:	dc 01       	movw	r26, r24
    4344:	cb 01       	movw	r24, r22
    4346:	8d 8b       	std	Y+21, r24	; 0x15
    4348:	9e 8b       	std	Y+22, r25	; 0x16
    434a:	af 8b       	std	Y+23, r26	; 0x17
    434c:	b8 8f       	std	Y+24, r27	; 0x18
	if (__tmp < 1.0)
    434e:	6d 89       	ldd	r22, Y+21	; 0x15
    4350:	7e 89       	ldd	r23, Y+22	; 0x16
    4352:	8f 89       	ldd	r24, Y+23	; 0x17
    4354:	98 8d       	ldd	r25, Y+24	; 0x18
    4356:	20 e0       	ldi	r18, 0x00	; 0
    4358:	30 e0       	ldi	r19, 0x00	; 0
    435a:	40 e8       	ldi	r20, 0x80	; 128
    435c:	5f e3       	ldi	r21, 0x3F	; 63
    435e:	0e 94 55 04 	call	0x8aa	; 0x8aa <__ltsf2>
    4362:	88 23       	and	r24, r24
    4364:	2c f4       	brge	.+10     	; 0x4370 <LCD_vidLatch+0x128>
		__ticks = 1;
    4366:	81 e0       	ldi	r24, 0x01	; 1
    4368:	90 e0       	ldi	r25, 0x00	; 0
    436a:	9c 8b       	std	Y+20, r25	; 0x14
    436c:	8b 8b       	std	Y+19, r24	; 0x13
    436e:	3f c0       	rjmp	.+126    	; 0x43ee <LCD_vidLatch+0x1a6>
	else if (__tmp > 65535)
    4370:	6d 89       	ldd	r22, Y+21	; 0x15
    4372:	7e 89       	ldd	r23, Y+22	; 0x16
    4374:	8f 89       	ldd	r24, Y+23	; 0x17
    4376:	98 8d       	ldd	r25, Y+24	; 0x18
    4378:	20 e0       	ldi	r18, 0x00	; 0
    437a:	3f ef       	ldi	r19, 0xFF	; 255
    437c:	4f e7       	ldi	r20, 0x7F	; 127
    437e:	57 e4       	ldi	r21, 0x47	; 71
    4380:	0e 94 f5 03 	call	0x7ea	; 0x7ea <__gtsf2>
    4384:	18 16       	cp	r1, r24
    4386:	4c f5       	brge	.+82     	; 0x43da <LCD_vidLatch+0x192>
	{
		//	__ticks = requested delay in 1/10 ms
		__ticks = (uint16_t) (__ms * 10.0);
    4388:	69 8d       	ldd	r22, Y+25	; 0x19
    438a:	7a 8d       	ldd	r23, Y+26	; 0x1a
    438c:	8b 8d       	ldd	r24, Y+27	; 0x1b
    438e:	9c 8d       	ldd	r25, Y+28	; 0x1c
    4390:	20 e0       	ldi	r18, 0x00	; 0
    4392:	30 e0       	ldi	r19, 0x00	; 0
    4394:	40 e2       	ldi	r20, 0x20	; 32
    4396:	51 e4       	ldi	r21, 0x41	; 65
    4398:	0e 94 1f 02 	call	0x43e	; 0x43e <__mulsf3>
    439c:	dc 01       	movw	r26, r24
    439e:	cb 01       	movw	r24, r22
    43a0:	bc 01       	movw	r22, r24
    43a2:	cd 01       	movw	r24, r26
    43a4:	0e 94 49 00 	call	0x92	; 0x92 <__fixunssfsi>
    43a8:	dc 01       	movw	r26, r24
    43aa:	cb 01       	movw	r24, r22
    43ac:	9c 8b       	std	Y+20, r25	; 0x14
    43ae:	8b 8b       	std	Y+19, r24	; 0x13
    43b0:	0f c0       	rjmp	.+30     	; 0x43d0 <LCD_vidLatch+0x188>
    43b2:	89 e1       	ldi	r24, 0x19	; 25
    43b4:	90 e0       	ldi	r25, 0x00	; 0
    43b6:	9a 8b       	std	Y+18, r25	; 0x12
    43b8:	89 8b       	std	Y+17, r24	; 0x11
    43ba:	89 89       	ldd	r24, Y+17	; 0x11
    43bc:	9a 89       	ldd	r25, Y+18	; 0x12
    43be:	01 97       	sbiw	r24, 0x01	; 1
    43c0:	f1 f7       	brne	.-4      	; 0x43be <LCD_vidLatch+0x176>
    43c2:	9a 8b       	std	Y+18, r25	; 0x12
    43c4:	89 8b       	std	Y+17, r24	; 0x11
		while(__ticks)
		{
			// wait 1/10 ms
			_delay_loop_2(((F_CPU) / 4e3) / 10);
			__ticks --;
    43c6:	8b 89       	ldd	r24, Y+19	; 0x13
    43c8:	9c 89       	ldd	r25, Y+20	; 0x14
    43ca:	01 97       	sbiw	r24, 0x01	; 1
    43cc:	9c 8b       	std	Y+20, r25	; 0x14
    43ce:	8b 8b       	std	Y+19, r24	; 0x13
		__ticks = 1;
	else if (__tmp > 65535)
	{
		//	__ticks = requested delay in 1/10 ms
		__ticks = (uint16_t) (__ms * 10.0);
		while(__ticks)
    43d0:	8b 89       	ldd	r24, Y+19	; 0x13
    43d2:	9c 89       	ldd	r25, Y+20	; 0x14
    43d4:	00 97       	sbiw	r24, 0x00	; 0
    43d6:	69 f7       	brne	.-38     	; 0x43b2 <LCD_vidLatch+0x16a>
    43d8:	14 c0       	rjmp	.+40     	; 0x4402 <LCD_vidLatch+0x1ba>
			__ticks --;
		}
		return;
	}
	else
		__ticks = (uint16_t)__tmp;
    43da:	6d 89       	ldd	r22, Y+21	; 0x15
    43dc:	7e 89       	ldd	r23, Y+22	; 0x16
    43de:	8f 89       	ldd	r24, Y+23	; 0x17
    43e0:	98 8d       	ldd	r25, Y+24	; 0x18
    43e2:	0e 94 49 00 	call	0x92	; 0x92 <__fixunssfsi>
    43e6:	dc 01       	movw	r26, r24
    43e8:	cb 01       	movw	r24, r22
    43ea:	9c 8b       	std	Y+20, r25	; 0x14
    43ec:	8b 8b       	std	Y+19, r24	; 0x13
    43ee:	8b 89       	ldd	r24, Y+19	; 0x13
    43f0:	9c 89       	ldd	r25, Y+20	; 0x14
    43f2:	98 8b       	std	Y+16, r25	; 0x10
    43f4:	8f 87       	std	Y+15, r24	; 0x0f
    43f6:	8f 85       	ldd	r24, Y+15	; 0x0f
    43f8:	98 89       	ldd	r25, Y+16	; 0x10
    43fa:	01 97       	sbiw	r24, 0x01	; 1
    43fc:	f1 f7       	brne	.-4      	; 0x43fa <LCD_vidLatch+0x1b2>
    43fe:	98 8b       	std	Y+16, r25	; 0x10
    4400:	8f 87       	std	Y+15, r24	; 0x0f
		_delay_ms(10);
		DIO_enuSetPinValue(EN_PORT,EN_PIN,DIO_u8LOW);
    4402:	83 e0       	ldi	r24, 0x03	; 3
    4404:	63 e0       	ldi	r22, 0x03	; 3
    4406:	40 e0       	ldi	r20, 0x00	; 0
    4408:	0e 94 75 16 	call	0x2cea	; 0x2cea <DIO_enuSetPinValue>
    440c:	80 e0       	ldi	r24, 0x00	; 0
    440e:	90 e0       	ldi	r25, 0x00	; 0
    4410:	a0 e2       	ldi	r26, 0x20	; 32
    4412:	b1 e4       	ldi	r27, 0x41	; 65
    4414:	8b 87       	std	Y+11, r24	; 0x0b
    4416:	9c 87       	std	Y+12, r25	; 0x0c
    4418:	ad 87       	std	Y+13, r26	; 0x0d
    441a:	be 87       	std	Y+14, r27	; 0x0e
 */
void
_delay_ms(double __ms)
{
	uint16_t __ticks;
	double __tmp = ((F_CPU) / 4e3) * __ms;
    441c:	6b 85       	ldd	r22, Y+11	; 0x0b
    441e:	7c 85       	ldd	r23, Y+12	; 0x0c
    4420:	8d 85       	ldd	r24, Y+13	; 0x0d
    4422:	9e 85       	ldd	r25, Y+14	; 0x0e
    4424:	20 e0       	ldi	r18, 0x00	; 0
    4426:	30 e0       	ldi	r19, 0x00	; 0
    4428:	4a e7       	ldi	r20, 0x7A	; 122
    442a:	53 e4       	ldi	r21, 0x43	; 67
    442c:	0e 94 1f 02 	call	0x43e	; 0x43e <__mulsf3>
    4430:	dc 01       	movw	r26, r24
    4432:	cb 01       	movw	r24, r22
    4434:	8f 83       	std	Y+7, r24	; 0x07
    4436:	98 87       	std	Y+8, r25	; 0x08
    4438:	a9 87       	std	Y+9, r26	; 0x09
    443a:	ba 87       	std	Y+10, r27	; 0x0a
	if (__tmp < 1.0)
    443c:	6f 81       	ldd	r22, Y+7	; 0x07
    443e:	78 85       	ldd	r23, Y+8	; 0x08
    4440:	89 85       	ldd	r24, Y+9	; 0x09
    4442:	9a 85       	ldd	r25, Y+10	; 0x0a
    4444:	20 e0       	ldi	r18, 0x00	; 0
    4446:	30 e0       	ldi	r19, 0x00	; 0
    4448:	40 e8       	ldi	r20, 0x80	; 128
    444a:	5f e3       	ldi	r21, 0x3F	; 63
    444c:	0e 94 55 04 	call	0x8aa	; 0x8aa <__ltsf2>
    4450:	88 23       	and	r24, r24
    4452:	2c f4       	brge	.+10     	; 0x445e <LCD_vidLatch+0x216>
		__ticks = 1;
    4454:	81 e0       	ldi	r24, 0x01	; 1
    4456:	90 e0       	ldi	r25, 0x00	; 0
    4458:	9e 83       	std	Y+6, r25	; 0x06
    445a:	8d 83       	std	Y+5, r24	; 0x05
    445c:	3f c0       	rjmp	.+126    	; 0x44dc <LCD_vidLatch+0x294>
	else if (__tmp > 65535)
    445e:	6f 81       	ldd	r22, Y+7	; 0x07
    4460:	78 85       	ldd	r23, Y+8	; 0x08
    4462:	89 85       	ldd	r24, Y+9	; 0x09
    4464:	9a 85       	ldd	r25, Y+10	; 0x0a
    4466:	20 e0       	ldi	r18, 0x00	; 0
    4468:	3f ef       	ldi	r19, 0xFF	; 255
    446a:	4f e7       	ldi	r20, 0x7F	; 127
    446c:	57 e4       	ldi	r21, 0x47	; 71
    446e:	0e 94 f5 03 	call	0x7ea	; 0x7ea <__gtsf2>
    4472:	18 16       	cp	r1, r24
    4474:	4c f5       	brge	.+82     	; 0x44c8 <LCD_vidLatch+0x280>
	{
		//	__ticks = requested delay in 1/10 ms
		__ticks = (uint16_t) (__ms * 10.0);
    4476:	6b 85       	ldd	r22, Y+11	; 0x0b
    4478:	7c 85       	ldd	r23, Y+12	; 0x0c
    447a:	8d 85       	ldd	r24, Y+13	; 0x0d
    447c:	9e 85       	ldd	r25, Y+14	; 0x0e
    447e:	20 e0       	ldi	r18, 0x00	; 0
    4480:	30 e0       	ldi	r19, 0x00	; 0
    4482:	40 e2       	ldi	r20, 0x20	; 32
    4484:	51 e4       	ldi	r21, 0x41	; 65
    4486:	0e 94 1f 02 	call	0x43e	; 0x43e <__mulsf3>
    448a:	dc 01       	movw	r26, r24
    448c:	cb 01       	movw	r24, r22
    448e:	bc 01       	movw	r22, r24
    4490:	cd 01       	movw	r24, r26
    4492:	0e 94 49 00 	call	0x92	; 0x92 <__fixunssfsi>
    4496:	dc 01       	movw	r26, r24
    4498:	cb 01       	movw	r24, r22
    449a:	9e 83       	std	Y+6, r25	; 0x06
    449c:	8d 83       	std	Y+5, r24	; 0x05
    449e:	0f c0       	rjmp	.+30     	; 0x44be <LCD_vidLatch+0x276>
    44a0:	89 e1       	ldi	r24, 0x19	; 25
    44a2:	90 e0       	ldi	r25, 0x00	; 0
    44a4:	9c 83       	std	Y+4, r25	; 0x04
    44a6:	8b 83       	std	Y+3, r24	; 0x03
    44a8:	8b 81       	ldd	r24, Y+3	; 0x03
    44aa:	9c 81       	ldd	r25, Y+4	; 0x04
    44ac:	01 97       	sbiw	r24, 0x01	; 1
    44ae:	f1 f7       	brne	.-4      	; 0x44ac <LCD_vidLatch+0x264>
    44b0:	9c 83       	std	Y+4, r25	; 0x04
    44b2:	8b 83       	std	Y+3, r24	; 0x03
		while(__ticks)
		{
			// wait 1/10 ms
			_delay_loop_2(((F_CPU) / 4e3) / 10);
			__ticks --;
    44b4:	8d 81       	ldd	r24, Y+5	; 0x05
    44b6:	9e 81       	ldd	r25, Y+6	; 0x06
    44b8:	01 97       	sbiw	r24, 0x01	; 1
    44ba:	9e 83       	std	Y+6, r25	; 0x06
    44bc:	8d 83       	std	Y+5, r24	; 0x05
		__ticks = 1;
	else if (__tmp > 65535)
	{
		//	__ticks = requested delay in 1/10 ms
		__ticks = (uint16_t) (__ms * 10.0);
		while(__ticks)
    44be:	8d 81       	ldd	r24, Y+5	; 0x05
    44c0:	9e 81       	ldd	r25, Y+6	; 0x06
    44c2:	00 97       	sbiw	r24, 0x00	; 0
    44c4:	69 f7       	brne	.-38     	; 0x44a0 <LCD_vidLatch+0x258>
    44c6:	14 c0       	rjmp	.+40     	; 0x44f0 <LCD_vidLatch+0x2a8>
			__ticks --;
		}
		return;
	}
	else
		__ticks = (uint16_t)__tmp;
    44c8:	6f 81       	ldd	r22, Y+7	; 0x07
    44ca:	78 85       	ldd	r23, Y+8	; 0x08
    44cc:	89 85       	ldd	r24, Y+9	; 0x09
    44ce:	9a 85       	ldd	r25, Y+10	; 0x0a
    44d0:	0e 94 49 00 	call	0x92	; 0x92 <__fixunssfsi>
    44d4:	dc 01       	movw	r26, r24
    44d6:	cb 01       	movw	r24, r22
    44d8:	9e 83       	std	Y+6, r25	; 0x06
    44da:	8d 83       	std	Y+5, r24	; 0x05
    44dc:	8d 81       	ldd	r24, Y+5	; 0x05
    44de:	9e 81       	ldd	r25, Y+6	; 0x06
    44e0:	9a 83       	std	Y+2, r25	; 0x02
    44e2:	89 83       	std	Y+1, r24	; 0x01
    44e4:	89 81       	ldd	r24, Y+1	; 0x01
    44e6:	9a 81       	ldd	r25, Y+2	; 0x02
    44e8:	01 97       	sbiw	r24, 0x01	; 1
    44ea:	f1 f7       	brne	.-4      	; 0x44e8 <LCD_vidLatch+0x2a0>
    44ec:	9a 83       	std	Y+2, r25	; 0x02
    44ee:	89 83       	std	Y+1, r24	; 0x01

		// solve prob of freq of atmega bigger than lcd (appear in real time)
		_delay_ms(10);
}
    44f0:	6d 96       	adiw	r28, 0x1d	; 29
    44f2:	0f b6       	in	r0, 0x3f	; 63
    44f4:	f8 94       	cli
    44f6:	de bf       	out	0x3e, r29	; 62
    44f8:	0f be       	out	0x3f, r0	; 63
    44fa:	cd bf       	out	0x3d, r28	; 61
    44fc:	cf 91       	pop	r28
    44fe:	df 91       	pop	r29
    4500:	08 95       	ret

00004502 <LCD_invidSendCommand>:

static inline void LCD_invidSendCommand(u8 Copy_u8Command)
{
    4502:	df 93       	push	r29
    4504:	cf 93       	push	r28
    4506:	cd b7       	in	r28, 0x3d	; 61
    4508:	de b7       	in	r29, 0x3e	; 62
    450a:	2f 97       	sbiw	r28, 0x0f	; 15
    450c:	0f b6       	in	r0, 0x3f	; 63
    450e:	f8 94       	cli
    4510:	de bf       	out	0x3e, r29	; 62
    4512:	0f be       	out	0x3f, r0	; 63
    4514:	cd bf       	out	0x3d, r28	; 61
    4516:	8f 87       	std	Y+15, r24	; 0x0f

	//set RS as command
	DIO_enuSetPinValue(RS_PORT,RS_PIN,DIO_u8LOW);
    4518:	83 e0       	ldi	r24, 0x03	; 3
    451a:	60 e0       	ldi	r22, 0x00	; 0
    451c:	40 e0       	ldi	r20, 0x00	; 0
    451e:	0e 94 75 16 	call	0x2cea	; 0x2cea <DIO_enuSetPinValue>
	//set EN as low
	DIO_enuSetPinValue(EN_PORT,EN_PIN,DIO_u8LOW);
    4522:	83 e0       	ldi	r24, 0x03	; 3
    4524:	63 e0       	ldi	r22, 0x03	; 3
    4526:	40 e0       	ldi	r20, 0x00	; 0
    4528:	0e 94 75 16 	call	0x2cea	; 0x2cea <DIO_enuSetPinValue>
	//set RW as write operation
	DIO_enuSetPinValue(RW_PORT,RW_PIN,DIO_u8LOW);
    452c:	83 e0       	ldi	r24, 0x03	; 3
    452e:	61 e0       	ldi	r22, 0x01	; 1
    4530:	40 e0       	ldi	r20, 0x00	; 0
    4532:	0e 94 75 16 	call	0x2cea	; 0x2cea <DIO_enuSetPinValue>
	//write data
	DIO_enuSetPinValue(D7_PORT,D7_PIN,((Copy_u8Command>>7)&LCD_MASK_BIT));
    4536:	8f 85       	ldd	r24, Y+15	; 0x0f
    4538:	98 2f       	mov	r25, r24
    453a:	99 1f       	adc	r25, r25
    453c:	99 27       	eor	r25, r25
    453e:	99 1f       	adc	r25, r25
    4540:	82 e0       	ldi	r24, 0x02	; 2
    4542:	67 e0       	ldi	r22, 0x07	; 7
    4544:	49 2f       	mov	r20, r25
    4546:	0e 94 75 16 	call	0x2cea	; 0x2cea <DIO_enuSetPinValue>
	DIO_enuSetPinValue(D6_PORT,D6_PIN,((Copy_u8Command>>6)&LCD_MASK_BIT));
    454a:	8f 85       	ldd	r24, Y+15	; 0x0f
    454c:	82 95       	swap	r24
    454e:	86 95       	lsr	r24
    4550:	86 95       	lsr	r24
    4552:	83 70       	andi	r24, 0x03	; 3
    4554:	98 2f       	mov	r25, r24
    4556:	91 70       	andi	r25, 0x01	; 1
    4558:	82 e0       	ldi	r24, 0x02	; 2
    455a:	66 e0       	ldi	r22, 0x06	; 6
    455c:	49 2f       	mov	r20, r25
    455e:	0e 94 75 16 	call	0x2cea	; 0x2cea <DIO_enuSetPinValue>
	DIO_enuSetPinValue(D5_PORT,D5_PIN,((Copy_u8Command>>5)&LCD_MASK_BIT));
    4562:	8f 85       	ldd	r24, Y+15	; 0x0f
    4564:	82 95       	swap	r24
    4566:	86 95       	lsr	r24
    4568:	87 70       	andi	r24, 0x07	; 7
    456a:	98 2f       	mov	r25, r24
    456c:	91 70       	andi	r25, 0x01	; 1
    456e:	82 e0       	ldi	r24, 0x02	; 2
    4570:	65 e0       	ldi	r22, 0x05	; 5
    4572:	49 2f       	mov	r20, r25
    4574:	0e 94 75 16 	call	0x2cea	; 0x2cea <DIO_enuSetPinValue>
	DIO_enuSetPinValue(D4_PORT,D4_PIN,((Copy_u8Command>>4)&LCD_MASK_BIT));
    4578:	8f 85       	ldd	r24, Y+15	; 0x0f
    457a:	82 95       	swap	r24
    457c:	8f 70       	andi	r24, 0x0F	; 15
    457e:	98 2f       	mov	r25, r24
    4580:	91 70       	andi	r25, 0x01	; 1
    4582:	82 e0       	ldi	r24, 0x02	; 2
    4584:	64 e0       	ldi	r22, 0x04	; 4
    4586:	49 2f       	mov	r20, r25
    4588:	0e 94 75 16 	call	0x2cea	; 0x2cea <DIO_enuSetPinValue>
	DIO_enuSetPinValue(D3_PORT,D3_PIN,((Copy_u8Command>>3)&LCD_MASK_BIT));
    458c:	8f 85       	ldd	r24, Y+15	; 0x0f
    458e:	86 95       	lsr	r24
    4590:	86 95       	lsr	r24
    4592:	86 95       	lsr	r24
    4594:	98 2f       	mov	r25, r24
    4596:	91 70       	andi	r25, 0x01	; 1
    4598:	82 e0       	ldi	r24, 0x02	; 2
    459a:	63 e0       	ldi	r22, 0x03	; 3
    459c:	49 2f       	mov	r20, r25
    459e:	0e 94 75 16 	call	0x2cea	; 0x2cea <DIO_enuSetPinValue>
	DIO_enuSetPinValue(D2_PORT,D2_PIN,((Copy_u8Command>>2)&LCD_MASK_BIT));
    45a2:	8f 85       	ldd	r24, Y+15	; 0x0f
    45a4:	86 95       	lsr	r24
    45a6:	86 95       	lsr	r24
    45a8:	98 2f       	mov	r25, r24
    45aa:	91 70       	andi	r25, 0x01	; 1
    45ac:	82 e0       	ldi	r24, 0x02	; 2
    45ae:	62 e0       	ldi	r22, 0x02	; 2
    45b0:	49 2f       	mov	r20, r25
    45b2:	0e 94 75 16 	call	0x2cea	; 0x2cea <DIO_enuSetPinValue>
	DIO_enuSetPinValue(D1_PORT,D1_PIN,((Copy_u8Command>>1)&LCD_MASK_BIT));
    45b6:	8f 85       	ldd	r24, Y+15	; 0x0f
    45b8:	86 95       	lsr	r24
    45ba:	98 2f       	mov	r25, r24
    45bc:	91 70       	andi	r25, 0x01	; 1
    45be:	82 e0       	ldi	r24, 0x02	; 2
    45c0:	61 e0       	ldi	r22, 0x01	; 1
    45c2:	49 2f       	mov	r20, r25
    45c4:	0e 94 75 16 	call	0x2cea	; 0x2cea <DIO_enuSetPinValue>
	DIO_enuSetPinValue(D0_PORT,D0_PIN,((Copy_u8Command>>0)&LCD_MASK_BIT));
    45c8:	8f 85       	ldd	r24, Y+15	; 0x0f
    45ca:	98 2f       	mov	r25, r24
    45cc:	91 70       	andi	r25, 0x01	; 1
    45ce:	82 e0       	ldi	r24, 0x02	; 2
    45d0:	60 e0       	ldi	r22, 0x00	; 0
    45d2:	49 2f       	mov	r20, r25
    45d4:	0e 94 75 16 	call	0x2cea	; 0x2cea <DIO_enuSetPinValue>

	//enable latch
	DIO_enuSetPinValue(EN_PORT,EN_PIN,DIO_u8HIGH);
    45d8:	83 e0       	ldi	r24, 0x03	; 3
    45da:	63 e0       	ldi	r22, 0x03	; 3
    45dc:	41 e0       	ldi	r20, 0x01	; 1
    45de:	0e 94 75 16 	call	0x2cea	; 0x2cea <DIO_enuSetPinValue>
    45e2:	80 e0       	ldi	r24, 0x00	; 0
    45e4:	90 e0       	ldi	r25, 0x00	; 0
    45e6:	a0 e2       	ldi	r26, 0x20	; 32
    45e8:	b1 e4       	ldi	r27, 0x41	; 65
    45ea:	8b 87       	std	Y+11, r24	; 0x0b
    45ec:	9c 87       	std	Y+12, r25	; 0x0c
    45ee:	ad 87       	std	Y+13, r26	; 0x0d
    45f0:	be 87       	std	Y+14, r27	; 0x0e
 */
void
_delay_ms(double __ms)
{
	uint16_t __ticks;
	double __tmp = ((F_CPU) / 4e3) * __ms;
    45f2:	6b 85       	ldd	r22, Y+11	; 0x0b
    45f4:	7c 85       	ldd	r23, Y+12	; 0x0c
    45f6:	8d 85       	ldd	r24, Y+13	; 0x0d
    45f8:	9e 85       	ldd	r25, Y+14	; 0x0e
    45fa:	20 e0       	ldi	r18, 0x00	; 0
    45fc:	30 e0       	ldi	r19, 0x00	; 0
    45fe:	4a e7       	ldi	r20, 0x7A	; 122
    4600:	53 e4       	ldi	r21, 0x43	; 67
    4602:	0e 94 1f 02 	call	0x43e	; 0x43e <__mulsf3>
    4606:	dc 01       	movw	r26, r24
    4608:	cb 01       	movw	r24, r22
    460a:	8f 83       	std	Y+7, r24	; 0x07
    460c:	98 87       	std	Y+8, r25	; 0x08
    460e:	a9 87       	std	Y+9, r26	; 0x09
    4610:	ba 87       	std	Y+10, r27	; 0x0a
	if (__tmp < 1.0)
    4612:	6f 81       	ldd	r22, Y+7	; 0x07
    4614:	78 85       	ldd	r23, Y+8	; 0x08
    4616:	89 85       	ldd	r24, Y+9	; 0x09
    4618:	9a 85       	ldd	r25, Y+10	; 0x0a
    461a:	20 e0       	ldi	r18, 0x00	; 0
    461c:	30 e0       	ldi	r19, 0x00	; 0
    461e:	40 e8       	ldi	r20, 0x80	; 128
    4620:	5f e3       	ldi	r21, 0x3F	; 63
    4622:	0e 94 55 04 	call	0x8aa	; 0x8aa <__ltsf2>
    4626:	88 23       	and	r24, r24
    4628:	2c f4       	brge	.+10     	; 0x4634 <LCD_invidSendCommand+0x132>
		__ticks = 1;
    462a:	81 e0       	ldi	r24, 0x01	; 1
    462c:	90 e0       	ldi	r25, 0x00	; 0
    462e:	9e 83       	std	Y+6, r25	; 0x06
    4630:	8d 83       	std	Y+5, r24	; 0x05
    4632:	3f c0       	rjmp	.+126    	; 0x46b2 <LCD_invidSendCommand+0x1b0>
	else if (__tmp > 65535)
    4634:	6f 81       	ldd	r22, Y+7	; 0x07
    4636:	78 85       	ldd	r23, Y+8	; 0x08
    4638:	89 85       	ldd	r24, Y+9	; 0x09
    463a:	9a 85       	ldd	r25, Y+10	; 0x0a
    463c:	20 e0       	ldi	r18, 0x00	; 0
    463e:	3f ef       	ldi	r19, 0xFF	; 255
    4640:	4f e7       	ldi	r20, 0x7F	; 127
    4642:	57 e4       	ldi	r21, 0x47	; 71
    4644:	0e 94 f5 03 	call	0x7ea	; 0x7ea <__gtsf2>
    4648:	18 16       	cp	r1, r24
    464a:	4c f5       	brge	.+82     	; 0x469e <LCD_invidSendCommand+0x19c>
	{
		//	__ticks = requested delay in 1/10 ms
		__ticks = (uint16_t) (__ms * 10.0);
    464c:	6b 85       	ldd	r22, Y+11	; 0x0b
    464e:	7c 85       	ldd	r23, Y+12	; 0x0c
    4650:	8d 85       	ldd	r24, Y+13	; 0x0d
    4652:	9e 85       	ldd	r25, Y+14	; 0x0e
    4654:	20 e0       	ldi	r18, 0x00	; 0
    4656:	30 e0       	ldi	r19, 0x00	; 0
    4658:	40 e2       	ldi	r20, 0x20	; 32
    465a:	51 e4       	ldi	r21, 0x41	; 65
    465c:	0e 94 1f 02 	call	0x43e	; 0x43e <__mulsf3>
    4660:	dc 01       	movw	r26, r24
    4662:	cb 01       	movw	r24, r22
    4664:	bc 01       	movw	r22, r24
    4666:	cd 01       	movw	r24, r26
    4668:	0e 94 49 00 	call	0x92	; 0x92 <__fixunssfsi>
    466c:	dc 01       	movw	r26, r24
    466e:	cb 01       	movw	r24, r22
    4670:	9e 83       	std	Y+6, r25	; 0x06
    4672:	8d 83       	std	Y+5, r24	; 0x05
    4674:	0f c0       	rjmp	.+30     	; 0x4694 <LCD_invidSendCommand+0x192>
    4676:	89 e1       	ldi	r24, 0x19	; 25
    4678:	90 e0       	ldi	r25, 0x00	; 0
    467a:	9c 83       	std	Y+4, r25	; 0x04
    467c:	8b 83       	std	Y+3, r24	; 0x03
    467e:	8b 81       	ldd	r24, Y+3	; 0x03
    4680:	9c 81       	ldd	r25, Y+4	; 0x04
    4682:	01 97       	sbiw	r24, 0x01	; 1
    4684:	f1 f7       	brne	.-4      	; 0x4682 <LCD_invidSendCommand+0x180>
    4686:	9c 83       	std	Y+4, r25	; 0x04
    4688:	8b 83       	std	Y+3, r24	; 0x03
		while(__ticks)
		{
			// wait 1/10 ms
			_delay_loop_2(((F_CPU) / 4e3) / 10);
			__ticks --;
    468a:	8d 81       	ldd	r24, Y+5	; 0x05
    468c:	9e 81       	ldd	r25, Y+6	; 0x06
    468e:	01 97       	sbiw	r24, 0x01	; 1
    4690:	9e 83       	std	Y+6, r25	; 0x06
    4692:	8d 83       	std	Y+5, r24	; 0x05
		__ticks = 1;
	else if (__tmp > 65535)
	{
		//	__ticks = requested delay in 1/10 ms
		__ticks = (uint16_t) (__ms * 10.0);
		while(__ticks)
    4694:	8d 81       	ldd	r24, Y+5	; 0x05
    4696:	9e 81       	ldd	r25, Y+6	; 0x06
    4698:	00 97       	sbiw	r24, 0x00	; 0
    469a:	69 f7       	brne	.-38     	; 0x4676 <LCD_invidSendCommand+0x174>
    469c:	14 c0       	rjmp	.+40     	; 0x46c6 <LCD_invidSendCommand+0x1c4>
			__ticks --;
		}
		return;
	}
	else
		__ticks = (uint16_t)__tmp;
    469e:	6f 81       	ldd	r22, Y+7	; 0x07
    46a0:	78 85       	ldd	r23, Y+8	; 0x08
    46a2:	89 85       	ldd	r24, Y+9	; 0x09
    46a4:	9a 85       	ldd	r25, Y+10	; 0x0a
    46a6:	0e 94 49 00 	call	0x92	; 0x92 <__fixunssfsi>
    46aa:	dc 01       	movw	r26, r24
    46ac:	cb 01       	movw	r24, r22
    46ae:	9e 83       	std	Y+6, r25	; 0x06
    46b0:	8d 83       	std	Y+5, r24	; 0x05
    46b2:	8d 81       	ldd	r24, Y+5	; 0x05
    46b4:	9e 81       	ldd	r25, Y+6	; 0x06
    46b6:	9a 83       	std	Y+2, r25	; 0x02
    46b8:	89 83       	std	Y+1, r24	; 0x01
    46ba:	89 81       	ldd	r24, Y+1	; 0x01
    46bc:	9a 81       	ldd	r25, Y+2	; 0x02
    46be:	01 97       	sbiw	r24, 0x01	; 1
    46c0:	f1 f7       	brne	.-4      	; 0x46be <LCD_invidSendCommand+0x1bc>
    46c2:	9a 83       	std	Y+2, r25	; 0x02
    46c4:	89 83       	std	Y+1, r24	; 0x01
	_delay_ms(10);
	DIO_enuSetPinValue(EN_PORT,EN_PIN,DIO_u8LOW);
    46c6:	83 e0       	ldi	r24, 0x03	; 3
    46c8:	63 e0       	ldi	r22, 0x03	; 3
    46ca:	40 e0       	ldi	r20, 0x00	; 0
    46cc:	0e 94 75 16 	call	0x2cea	; 0x2cea <DIO_enuSetPinValue>


}
    46d0:	2f 96       	adiw	r28, 0x0f	; 15
    46d2:	0f b6       	in	r0, 0x3f	; 63
    46d4:	f8 94       	cli
    46d6:	de bf       	out	0x3e, r29	; 62
    46d8:	0f be       	out	0x3f, r0	; 63
    46da:	cd bf       	out	0x3d, r28	; 61
    46dc:	cf 91       	pop	r28
    46de:	df 91       	pop	r29
    46e0:	08 95       	ret

000046e2 <LCD_enuClearLcd>:

ES_t LCD_enuClearLcd()
{
    46e2:	df 93       	push	r29
    46e4:	cf 93       	push	r28
    46e6:	0f 92       	push	r0
    46e8:	cd b7       	in	r28, 0x3d	; 61
    46ea:	de b7       	in	r29, 0x3e	; 62
	ES_t Local_enuErrorState=ES_NOK;
    46ec:	19 82       	std	Y+1, r1	; 0x01

	Local_enuErrorState=LCD_enuSendCommand(CLEAR_DISPLAY);
    46ee:	81 e0       	ldi	r24, 0x01	; 1
    46f0:	0e 94 57 1f 	call	0x3eae	; 0x3eae <LCD_enuSendCommand>
    46f4:	89 83       	std	Y+1, r24	; 0x01


	return Local_enuErrorState;
    46f6:	89 81       	ldd	r24, Y+1	; 0x01
}
    46f8:	0f 90       	pop	r0
    46fa:	cf 91       	pop	r28
    46fc:	df 91       	pop	r29
    46fe:	08 95       	ret

00004700 <compare>:

#include <util/delay.h>


ES_t compare(const char* str1,const char* str2)
{
    4700:	df 93       	push	r29
    4702:	cf 93       	push	r28
    4704:	00 d0       	rcall	.+0      	; 0x4706 <compare+0x6>
    4706:	00 d0       	rcall	.+0      	; 0x4708 <compare+0x8>
    4708:	00 d0       	rcall	.+0      	; 0x470a <compare+0xa>
    470a:	cd b7       	in	r28, 0x3d	; 61
    470c:	de b7       	in	r29, 0x3e	; 62
    470e:	9b 83       	std	Y+3, r25	; 0x03
    4710:	8a 83       	std	Y+2, r24	; 0x02
    4712:	7d 83       	std	Y+5, r23	; 0x05
    4714:	6c 83       	std	Y+4, r22	; 0x04
	u8 i=0;
    4716:	19 82       	std	Y+1, r1	; 0x01
    4718:	17 c0       	rjmp	.+46     	; 0x4748 <compare+0x48>
	for ( ; str1[i]!='\0' && str2[i]!='\0' ; i++)
	{
		if(str1[i]!=str2[i])
    471a:	89 81       	ldd	r24, Y+1	; 0x01
    471c:	28 2f       	mov	r18, r24
    471e:	30 e0       	ldi	r19, 0x00	; 0
    4720:	8a 81       	ldd	r24, Y+2	; 0x02
    4722:	9b 81       	ldd	r25, Y+3	; 0x03
    4724:	fc 01       	movw	r30, r24
    4726:	e2 0f       	add	r30, r18
    4728:	f3 1f       	adc	r31, r19
    472a:	40 81       	ld	r20, Z
    472c:	89 81       	ldd	r24, Y+1	; 0x01
    472e:	28 2f       	mov	r18, r24
    4730:	30 e0       	ldi	r19, 0x00	; 0
    4732:	8c 81       	ldd	r24, Y+4	; 0x04
    4734:	9d 81       	ldd	r25, Y+5	; 0x05
    4736:	fc 01       	movw	r30, r24
    4738:	e2 0f       	add	r30, r18
    473a:	f3 1f       	adc	r31, r19
    473c:	80 81       	ld	r24, Z
    473e:	48 17       	cp	r20, r24
    4740:	c9 f4       	brne	.+50     	; 0x4774 <compare+0x74>


ES_t compare(const char* str1,const char* str2)
{
	u8 i=0;
	for ( ; str1[i]!='\0' && str2[i]!='\0' ; i++)
    4742:	89 81       	ldd	r24, Y+1	; 0x01
    4744:	8f 5f       	subi	r24, 0xFF	; 255
    4746:	89 83       	std	Y+1, r24	; 0x01
    4748:	89 81       	ldd	r24, Y+1	; 0x01
    474a:	28 2f       	mov	r18, r24
    474c:	30 e0       	ldi	r19, 0x00	; 0
    474e:	8a 81       	ldd	r24, Y+2	; 0x02
    4750:	9b 81       	ldd	r25, Y+3	; 0x03
    4752:	fc 01       	movw	r30, r24
    4754:	e2 0f       	add	r30, r18
    4756:	f3 1f       	adc	r31, r19
    4758:	80 81       	ld	r24, Z
    475a:	88 23       	and	r24, r24
    475c:	59 f0       	breq	.+22     	; 0x4774 <compare+0x74>
    475e:	89 81       	ldd	r24, Y+1	; 0x01
    4760:	28 2f       	mov	r18, r24
    4762:	30 e0       	ldi	r19, 0x00	; 0
    4764:	8c 81       	ldd	r24, Y+4	; 0x04
    4766:	9d 81       	ldd	r25, Y+5	; 0x05
    4768:	fc 01       	movw	r30, r24
    476a:	e2 0f       	add	r30, r18
    476c:	f3 1f       	adc	r31, r19
    476e:	80 81       	ld	r24, Z
    4770:	88 23       	and	r24, r24
    4772:	99 f6       	brne	.-90     	; 0x471a <compare+0x1a>
		if(str1[i]!=str2[i])
		{
			break;
		}
	}
	if(str1[i]==0 && str2[i]==0)
    4774:	89 81       	ldd	r24, Y+1	; 0x01
    4776:	28 2f       	mov	r18, r24
    4778:	30 e0       	ldi	r19, 0x00	; 0
    477a:	8a 81       	ldd	r24, Y+2	; 0x02
    477c:	9b 81       	ldd	r25, Y+3	; 0x03
    477e:	fc 01       	movw	r30, r24
    4780:	e2 0f       	add	r30, r18
    4782:	f3 1f       	adc	r31, r19
    4784:	80 81       	ld	r24, Z
    4786:	88 23       	and	r24, r24
    4788:	71 f4       	brne	.+28     	; 0x47a6 <compare+0xa6>
    478a:	89 81       	ldd	r24, Y+1	; 0x01
    478c:	28 2f       	mov	r18, r24
    478e:	30 e0       	ldi	r19, 0x00	; 0
    4790:	8c 81       	ldd	r24, Y+4	; 0x04
    4792:	9d 81       	ldd	r25, Y+5	; 0x05
    4794:	fc 01       	movw	r30, r24
    4796:	e2 0f       	add	r30, r18
    4798:	f3 1f       	adc	r31, r19
    479a:	80 81       	ld	r24, Z
    479c:	88 23       	and	r24, r24
    479e:	19 f4       	brne	.+6      	; 0x47a6 <compare+0xa6>
	{
		return ES_OK;
    47a0:	81 e0       	ldi	r24, 0x01	; 1
    47a2:	8e 83       	std	Y+6, r24	; 0x06
    47a4:	01 c0       	rjmp	.+2      	; 0x47a8 <compare+0xa8>
	}
	return ES_NOK;
    47a6:	1e 82       	std	Y+6, r1	; 0x06
    47a8:	8e 81       	ldd	r24, Y+6	; 0x06
}
    47aa:	26 96       	adiw	r28, 0x06	; 6
    47ac:	0f b6       	in	r0, 0x3f	; 63
    47ae:	f8 94       	cli
    47b0:	de bf       	out	0x3e, r29	; 62
    47b2:	0f be       	out	0x3f, r0	; 63
    47b4:	cd bf       	out	0x3d, r28	; 61
    47b6:	cf 91       	pop	r28
    47b8:	df 91       	pop	r29
    47ba:	08 95       	ret

000047bc <main>:




int main()
{
    47bc:	df 93       	push	r29
    47be:	cf 93       	push	r28
    47c0:	cd b7       	in	r28, 0x3d	; 61
    47c2:	de b7       	in	r29, 0x3e	; 62
    47c4:	67 97       	sbiw	r28, 0x17	; 23
    47c6:	0f b6       	in	r0, 0x3f	; 63
    47c8:	f8 94       	cli
    47ca:	de bf       	out	0x3e, r29	; 62
    47cc:	0f be       	out	0x3f, r0	; 63
    47ce:	cd bf       	out	0x3d, r28	; 61
	//Set direction for TX & RX PIN
	DIO_enuSetPinDirection(DIO_u8PORTD,DIO_u8PIN1,DIO_u8OUTPUT);//TX
    47d0:	83 e0       	ldi	r24, 0x03	; 3
    47d2:	61 e0       	ldi	r22, 0x01	; 1
    47d4:	41 e0       	ldi	r20, 0x01	; 1
    47d6:	0e 94 89 15 	call	0x2b12	; 0x2b12 <DIO_enuSetPinDirection>
	DIO_enuSetPinDirection(DIO_u8PORTD,DIO_u8PIN0,DIO_u8INPUT);//RX
    47da:	83 e0       	ldi	r24, 0x03	; 3
    47dc:	60 e0       	ldi	r22, 0x00	; 0
    47de:	40 e0       	ldi	r20, 0x00	; 0
    47e0:	0e 94 89 15 	call	0x2b12	; 0x2b12 <DIO_enuSetPinDirection>

	USART_enuInit();
    47e4:	0e 94 47 07 	call	0xe8e	; 0xe8e <USART_enuInit>
	u16 data16;

	// LED & BUZZER
	char data[20];

	DIO_enuSetPinDirection(DIO_u8PORTA,DIO_u8PIN1,DIO_u8OUTPUT);//led
    47e8:	80 e0       	ldi	r24, 0x00	; 0
    47ea:	61 e0       	ldi	r22, 0x01	; 1
    47ec:	41 e0       	ldi	r20, 0x01	; 1
    47ee:	0e 94 89 15 	call	0x2b12	; 0x2b12 <DIO_enuSetPinDirection>
	DIO_enuSetPinDirection(DIO_u8PORTA,DIO_u8PIN7,DIO_u8OUTPUT);//buzzer
    47f2:	80 e0       	ldi	r24, 0x00	; 0
    47f4:	67 e0       	ldi	r22, 0x07	; 7
    47f6:	41 e0       	ldi	r20, 0x01	; 1
    47f8:	0e 94 89 15 	call	0x2b12	; 0x2b12 <DIO_enuSetPinDirection>

	// new line \r , new line in putty \r\n
	USART_enuSendString("Welcome to your smart system\r");
    47fc:	80 e6       	ldi	r24, 0x60	; 96
    47fe:	90 e0       	ldi	r25, 0x00	; 0
    4800:	0e 94 e1 07 	call	0xfc2	; 0xfc2 <USART_enuSendString>
	USART_enuSendString("Now, your house is in your hand\r");
    4804:	8e e7       	ldi	r24, 0x7E	; 126
    4806:	90 e0       	ldi	r25, 0x00	; 0
    4808:	0e 94 e1 07 	call	0xfc2	; 0xfc2 <USART_enuSendString>

	while(1)
	{

		USART_enuSendString("Enter your choice: ");
    480c:	8f e9       	ldi	r24, 0x9F	; 159
    480e:	90 e0       	ldi	r25, 0x00	; 0
    4810:	0e 94 e1 07 	call	0xfc2	; 0xfc2 <USART_enuSendString>
		USART_enuRecieveString(data);
    4814:	ce 01       	movw	r24, r28
    4816:	04 96       	adiw	r24, 0x04	; 4
    4818:	0e 94 0d 08 	call	0x101a	; 0x101a <USART_enuRecieveString>
		USART_enuSendString(data);
    481c:	ce 01       	movw	r24, r28
    481e:	04 96       	adiw	r24, 0x04	; 4
    4820:	0e 94 e1 07 	call	0xfc2	; 0xfc2 <USART_enuSendString>
		USART_enuSendString("\r");
    4824:	83 eb       	ldi	r24, 0xB3	; 179
    4826:	90 e0       	ldi	r25, 0x00	; 0
    4828:	0e 94 e1 07 	call	0xfc2	; 0xfc2 <USART_enuSendString>


		if(ES_OK==compare(data,"ledon"))
    482c:	ce 01       	movw	r24, r28
    482e:	04 96       	adiw	r24, 0x04	; 4
    4830:	25 eb       	ldi	r18, 0xB5	; 181
    4832:	30 e0       	ldi	r19, 0x00	; 0
    4834:	b9 01       	movw	r22, r18
    4836:	0e 94 80 23 	call	0x4700	; 0x4700 <compare>
    483a:	81 30       	cpi	r24, 0x01	; 1
    483c:	79 f4       	brne	.+30     	; 0x485c <main+0xa0>
		{
			DIO_enuSetPinValue(DIO_u8PORTA,DIO_u8PIN7,DIO_u8LOW);
    483e:	80 e0       	ldi	r24, 0x00	; 0
    4840:	67 e0       	ldi	r22, 0x07	; 7
    4842:	40 e0       	ldi	r20, 0x00	; 0
    4844:	0e 94 75 16 	call	0x2cea	; 0x2cea <DIO_enuSetPinValue>
			DIO_enuSetPinValue(DIO_u8PORTA,DIO_u8PIN1,DIO_u8HIGH);
    4848:	80 e0       	ldi	r24, 0x00	; 0
    484a:	61 e0       	ldi	r22, 0x01	; 1
    484c:	41 e0       	ldi	r20, 0x01	; 1
    484e:	0e 94 75 16 	call	0x2cea	; 0x2cea <DIO_enuSetPinValue>
			USART_enuSendString("Led turned ON \r");
    4852:	8b eb       	ldi	r24, 0xBB	; 187
    4854:	90 e0       	ldi	r25, 0x00	; 0
    4856:	0e 94 e1 07 	call	0xfc2	; 0xfc2 <USART_enuSendString>
    485a:	d8 cf       	rjmp	.-80     	; 0x480c <main+0x50>
		}
		else if(ES_OK==compare(data,"ledoff"))
    485c:	ce 01       	movw	r24, r28
    485e:	04 96       	adiw	r24, 0x04	; 4
    4860:	2b ec       	ldi	r18, 0xCB	; 203
    4862:	30 e0       	ldi	r19, 0x00	; 0
    4864:	b9 01       	movw	r22, r18
    4866:	0e 94 80 23 	call	0x4700	; 0x4700 <compare>
    486a:	81 30       	cpi	r24, 0x01	; 1
    486c:	79 f4       	brne	.+30     	; 0x488c <main+0xd0>
		{
			DIO_enuSetPinValue(DIO_u8PORTA,DIO_u8PIN7,DIO_u8LOW);
    486e:	80 e0       	ldi	r24, 0x00	; 0
    4870:	67 e0       	ldi	r22, 0x07	; 7
    4872:	40 e0       	ldi	r20, 0x00	; 0
    4874:	0e 94 75 16 	call	0x2cea	; 0x2cea <DIO_enuSetPinValue>
			DIO_enuSetPinValue(DIO_u8PORTA,DIO_u8PIN1,DIO_u8LOW);
    4878:	80 e0       	ldi	r24, 0x00	; 0
    487a:	61 e0       	ldi	r22, 0x01	; 1
    487c:	40 e0       	ldi	r20, 0x00	; 0
    487e:	0e 94 75 16 	call	0x2cea	; 0x2cea <DIO_enuSetPinValue>
			USART_enuSendString("Led turned OFF \r");
    4882:	82 ed       	ldi	r24, 0xD2	; 210
    4884:	90 e0       	ldi	r25, 0x00	; 0
    4886:	0e 94 e1 07 	call	0xfc2	; 0xfc2 <USART_enuSendString>
    488a:	c0 cf       	rjmp	.-128    	; 0x480c <main+0x50>
		}
		else
		{
			DIO_enuSetPinValue(DIO_u8PORTA,DIO_u8PIN7,DIO_u8HIGH);
    488c:	80 e0       	ldi	r24, 0x00	; 0
    488e:	67 e0       	ldi	r22, 0x07	; 7
    4890:	41 e0       	ldi	r20, 0x01	; 1
    4892:	0e 94 75 16 	call	0x2cea	; 0x2cea <DIO_enuSetPinValue>
			USART_enuSendString("Wrong Choice \r");
    4896:	83 ee       	ldi	r24, 0xE3	; 227
    4898:	90 e0       	ldi	r25, 0x00	; 0
    489a:	0e 94 e1 07 	call	0xfc2	; 0xfc2 <USART_enuSendString>
    489e:	b6 cf       	rjmp	.-148    	; 0x480c <main+0x50>

000048a0 <__mulsi3>:
    48a0:	62 9f       	mul	r22, r18
    48a2:	d0 01       	movw	r26, r0
    48a4:	73 9f       	mul	r23, r19
    48a6:	f0 01       	movw	r30, r0
    48a8:	82 9f       	mul	r24, r18
    48aa:	e0 0d       	add	r30, r0
    48ac:	f1 1d       	adc	r31, r1
    48ae:	64 9f       	mul	r22, r20
    48b0:	e0 0d       	add	r30, r0
    48b2:	f1 1d       	adc	r31, r1
    48b4:	92 9f       	mul	r25, r18
    48b6:	f0 0d       	add	r31, r0
    48b8:	83 9f       	mul	r24, r19
    48ba:	f0 0d       	add	r31, r0
    48bc:	74 9f       	mul	r23, r20
    48be:	f0 0d       	add	r31, r0
    48c0:	65 9f       	mul	r22, r21
    48c2:	f0 0d       	add	r31, r0
    48c4:	99 27       	eor	r25, r25
    48c6:	72 9f       	mul	r23, r18
    48c8:	b0 0d       	add	r27, r0
    48ca:	e1 1d       	adc	r30, r1
    48cc:	f9 1f       	adc	r31, r25
    48ce:	63 9f       	mul	r22, r19
    48d0:	b0 0d       	add	r27, r0
    48d2:	e1 1d       	adc	r30, r1
    48d4:	f9 1f       	adc	r31, r25
    48d6:	bd 01       	movw	r22, r26
    48d8:	cf 01       	movw	r24, r30
    48da:	11 24       	eor	r1, r1
    48dc:	08 95       	ret

000048de <__udivmodsi4>:
    48de:	a1 e2       	ldi	r26, 0x21	; 33
    48e0:	1a 2e       	mov	r1, r26
    48e2:	aa 1b       	sub	r26, r26
    48e4:	bb 1b       	sub	r27, r27
    48e6:	fd 01       	movw	r30, r26
    48e8:	0d c0       	rjmp	.+26     	; 0x4904 <__udivmodsi4_ep>

000048ea <__udivmodsi4_loop>:
    48ea:	aa 1f       	adc	r26, r26
    48ec:	bb 1f       	adc	r27, r27
    48ee:	ee 1f       	adc	r30, r30
    48f0:	ff 1f       	adc	r31, r31
    48f2:	a2 17       	cp	r26, r18
    48f4:	b3 07       	cpc	r27, r19
    48f6:	e4 07       	cpc	r30, r20
    48f8:	f5 07       	cpc	r31, r21
    48fa:	20 f0       	brcs	.+8      	; 0x4904 <__udivmodsi4_ep>
    48fc:	a2 1b       	sub	r26, r18
    48fe:	b3 0b       	sbc	r27, r19
    4900:	e4 0b       	sbc	r30, r20
    4902:	f5 0b       	sbc	r31, r21

00004904 <__udivmodsi4_ep>:
    4904:	66 1f       	adc	r22, r22
    4906:	77 1f       	adc	r23, r23
    4908:	88 1f       	adc	r24, r24
    490a:	99 1f       	adc	r25, r25
    490c:	1a 94       	dec	r1
    490e:	69 f7       	brne	.-38     	; 0x48ea <__udivmodsi4_loop>
    4910:	60 95       	com	r22
    4912:	70 95       	com	r23
    4914:	80 95       	com	r24
    4916:	90 95       	com	r25
    4918:	9b 01       	movw	r18, r22
    491a:	ac 01       	movw	r20, r24
    491c:	bd 01       	movw	r22, r26
    491e:	cf 01       	movw	r24, r30
    4920:	08 95       	ret

00004922 <__prologue_saves__>:
    4922:	2f 92       	push	r2
    4924:	3f 92       	push	r3
    4926:	4f 92       	push	r4
    4928:	5f 92       	push	r5
    492a:	6f 92       	push	r6
    492c:	7f 92       	push	r7
    492e:	8f 92       	push	r8
    4930:	9f 92       	push	r9
    4932:	af 92       	push	r10
    4934:	bf 92       	push	r11
    4936:	cf 92       	push	r12
    4938:	df 92       	push	r13
    493a:	ef 92       	push	r14
    493c:	ff 92       	push	r15
    493e:	0f 93       	push	r16
    4940:	1f 93       	push	r17
    4942:	cf 93       	push	r28
    4944:	df 93       	push	r29
    4946:	cd b7       	in	r28, 0x3d	; 61
    4948:	de b7       	in	r29, 0x3e	; 62
    494a:	ca 1b       	sub	r28, r26
    494c:	db 0b       	sbc	r29, r27
    494e:	0f b6       	in	r0, 0x3f	; 63
    4950:	f8 94       	cli
    4952:	de bf       	out	0x3e, r29	; 62
    4954:	0f be       	out	0x3f, r0	; 63
    4956:	cd bf       	out	0x3d, r28	; 61
    4958:	09 94       	ijmp

0000495a <__epilogue_restores__>:
    495a:	2a 88       	ldd	r2, Y+18	; 0x12
    495c:	39 88       	ldd	r3, Y+17	; 0x11
    495e:	48 88       	ldd	r4, Y+16	; 0x10
    4960:	5f 84       	ldd	r5, Y+15	; 0x0f
    4962:	6e 84       	ldd	r6, Y+14	; 0x0e
    4964:	7d 84       	ldd	r7, Y+13	; 0x0d
    4966:	8c 84       	ldd	r8, Y+12	; 0x0c
    4968:	9b 84       	ldd	r9, Y+11	; 0x0b
    496a:	aa 84       	ldd	r10, Y+10	; 0x0a
    496c:	b9 84       	ldd	r11, Y+9	; 0x09
    496e:	c8 84       	ldd	r12, Y+8	; 0x08
    4970:	df 80       	ldd	r13, Y+7	; 0x07
    4972:	ee 80       	ldd	r14, Y+6	; 0x06
    4974:	fd 80       	ldd	r15, Y+5	; 0x05
    4976:	0c 81       	ldd	r16, Y+4	; 0x04
    4978:	1b 81       	ldd	r17, Y+3	; 0x03
    497a:	aa 81       	ldd	r26, Y+2	; 0x02
    497c:	b9 81       	ldd	r27, Y+1	; 0x01
    497e:	ce 0f       	add	r28, r30
    4980:	d1 1d       	adc	r29, r1
    4982:	0f b6       	in	r0, 0x3f	; 63
    4984:	f8 94       	cli
    4986:	de bf       	out	0x3e, r29	; 62
    4988:	0f be       	out	0x3f, r0	; 63
    498a:	cd bf       	out	0x3d, r28	; 61
    498c:	ed 01       	movw	r28, r26
    498e:	08 95       	ret

00004990 <_exit>:
    4990:	f8 94       	cli

00004992 <__stop_program>:
    4992:	ff cf       	rjmp	.-2      	; 0x4992 <__stop_program>
