
EEPROM.elf:     file format elf32-avr

Sections:
Idx Name          Size      VMA       LMA       File off  Algn
  0 .text         00004da0  00000000  00000000  00000094  2**1
                  CONTENTS, ALLOC, LOAD, READONLY, CODE
  1 .data         00000136  00800060  00004da0  00004e34  2**0
                  CONTENTS, ALLOC, LOAD, DATA
  2 .bss          00000042  00800196  00800196  00004f6a  2**0
                  ALLOC
  3 .stab         00006ea0  00000000  00000000  00004f6c  2**2
                  CONTENTS, READONLY, DEBUGGING
  4 .stabstr      000026f6  00000000  00000000  0000be0c  2**0
                  CONTENTS, READONLY, DEBUGGING
  5 .debug_aranges 000001c0  00000000  00000000  0000e502  2**0
                  CONTENTS, READONLY, DEBUGGING
  6 .debug_pubnames 00000210  00000000  00000000  0000e6c2  2**0
                  CONTENTS, READONLY, DEBUGGING
  7 .debug_info   0000268a  00000000  00000000  0000e8d2  2**0
                  CONTENTS, READONLY, DEBUGGING
  8 .debug_abbrev 000014e0  00000000  00000000  00010f5c  2**0
                  CONTENTS, READONLY, DEBUGGING
  9 .debug_line   000012a9  00000000  00000000  0001243c  2**0
                  CONTENTS, READONLY, DEBUGGING
 10 .debug_frame  000001e0  00000000  00000000  000136e8  2**2
                  CONTENTS, READONLY, DEBUGGING
 11 .debug_str    000002fe  00000000  00000000  000138c8  2**0
                  CONTENTS, READONLY, DEBUGGING
 12 .debug_loc    000009aa  00000000  00000000  00013bc6  2**0
                  CONTENTS, READONLY, DEBUGGING
 13 .debug_ranges 00000050  00000000  00000000  00014570  2**0
                  CONTENTS, READONLY, DEBUGGING

Disassembly of section .text:

00000000 <__vectors>:
       0:	0c 94 2a 00 	jmp	0x54	; 0x54 <__ctors_end>
       4:	0c 94 0c 15 	jmp	0x2a18	; 0x2a18 <__vector_1>
       8:	0c 94 43 15 	jmp	0x2a86	; 0x2a86 <__vector_2>
       c:	0c 94 7a 15 	jmp	0x2af4	; 0x2af4 <__vector_3>
      10:	0c 94 47 00 	jmp	0x8e	; 0x8e <__bad_interrupt>
      14:	0c 94 47 00 	jmp	0x8e	; 0x8e <__bad_interrupt>
      18:	0c 94 d1 0f 	jmp	0x1fa2	; 0x1fa2 <__vector_6>
      1c:	0c 94 71 0a 	jmp	0x14e2	; 0x14e2 <__vector_7>
      20:	0c 94 a8 0a 	jmp	0x1550	; 0x1550 <__vector_8>
      24:	0c 94 df 0a 	jmp	0x15be	; 0x15be <__vector_9>
      28:	0c 94 f1 0e 	jmp	0x1de2	; 0x1de2 <__vector_10>
      2c:	0c 94 16 0e 	jmp	0x1c2c	; 0x1c2c <__vector_11>
      30:	0c 94 47 00 	jmp	0x8e	; 0x8e <__bad_interrupt>
      34:	0c 94 47 00 	jmp	0x8e	; 0x8e <__bad_interrupt>
      38:	0c 94 47 00 	jmp	0x8e	; 0x8e <__bad_interrupt>
      3c:	0c 94 47 00 	jmp	0x8e	; 0x8e <__bad_interrupt>
      40:	0c 94 b1 1c 	jmp	0x3962	; 0x3962 <__vector_16>
      44:	0c 94 47 00 	jmp	0x8e	; 0x8e <__bad_interrupt>
      48:	0c 94 47 00 	jmp	0x8e	; 0x8e <__bad_interrupt>
      4c:	0c 94 47 00 	jmp	0x8e	; 0x8e <__bad_interrupt>
      50:	0c 94 47 00 	jmp	0x8e	; 0x8e <__bad_interrupt>

00000054 <__ctors_end>:
      54:	11 24       	eor	r1, r1
      56:	1f be       	out	0x3f, r1	; 63
      58:	cf e5       	ldi	r28, 0x5F	; 95
      5a:	d8 e0       	ldi	r29, 0x08	; 8
      5c:	de bf       	out	0x3e, r29	; 62
      5e:	cd bf       	out	0x3d, r28	; 61

00000060 <__do_copy_data>:
      60:	11 e0       	ldi	r17, 0x01	; 1
      62:	a0 e6       	ldi	r26, 0x60	; 96
      64:	b0 e0       	ldi	r27, 0x00	; 0
      66:	e0 ea       	ldi	r30, 0xA0	; 160
      68:	fd e4       	ldi	r31, 0x4D	; 77
      6a:	02 c0       	rjmp	.+4      	; 0x70 <.do_copy_data_start>

0000006c <.do_copy_data_loop>:
      6c:	05 90       	lpm	r0, Z+
      6e:	0d 92       	st	X+, r0

00000070 <.do_copy_data_start>:
      70:	a6 39       	cpi	r26, 0x96	; 150
      72:	b1 07       	cpc	r27, r17
      74:	d9 f7       	brne	.-10     	; 0x6c <.do_copy_data_loop>

00000076 <__do_clear_bss>:
      76:	11 e0       	ldi	r17, 0x01	; 1
      78:	a6 e9       	ldi	r26, 0x96	; 150
      7a:	b1 e0       	ldi	r27, 0x01	; 1
      7c:	01 c0       	rjmp	.+2      	; 0x80 <.do_clear_bss_start>

0000007e <.do_clear_bss_loop>:
      7e:	1d 92       	st	X+, r1

00000080 <.do_clear_bss_start>:
      80:	a8 3d       	cpi	r26, 0xD8	; 216
      82:	b1 07       	cpc	r27, r17
      84:	e1 f7       	brne	.-8      	; 0x7e <.do_clear_bss_loop>
      86:	0e 94 bc 25 	call	0x4b78	; 0x4b78 <main>
      8a:	0c 94 ce 26 	jmp	0x4d9c	; 0x4d9c <_exit>

0000008e <__bad_interrupt>:
      8e:	0c 94 00 00 	jmp	0	; 0x0 <__vectors>

00000092 <__fixunssfsi>:
      92:	ef 92       	push	r14
      94:	ff 92       	push	r15
      96:	0f 93       	push	r16
      98:	1f 93       	push	r17
      9a:	7b 01       	movw	r14, r22
      9c:	8c 01       	movw	r16, r24
      9e:	20 e0       	ldi	r18, 0x00	; 0
      a0:	30 e0       	ldi	r19, 0x00	; 0
      a2:	40 e0       	ldi	r20, 0x00	; 0
      a4:	5f e4       	ldi	r21, 0x4F	; 79
      a6:	0e 94 25 04 	call	0x84a	; 0x84a <__gesf2>
      aa:	88 23       	and	r24, r24
      ac:	8c f0       	brlt	.+34     	; 0xd0 <__fixunssfsi+0x3e>
      ae:	c8 01       	movw	r24, r16
      b0:	b7 01       	movw	r22, r14
      b2:	20 e0       	ldi	r18, 0x00	; 0
      b4:	30 e0       	ldi	r19, 0x00	; 0
      b6:	40 e0       	ldi	r20, 0x00	; 0
      b8:	5f e4       	ldi	r21, 0x4F	; 79
      ba:	0e 94 c1 01 	call	0x382	; 0x382 <__subsf3>
      be:	0e 94 85 04 	call	0x90a	; 0x90a <__fixsfsi>
      c2:	9b 01       	movw	r18, r22
      c4:	ac 01       	movw	r20, r24
      c6:	20 50       	subi	r18, 0x00	; 0
      c8:	30 40       	sbci	r19, 0x00	; 0
      ca:	40 40       	sbci	r20, 0x00	; 0
      cc:	50 48       	sbci	r21, 0x80	; 128
      ce:	06 c0       	rjmp	.+12     	; 0xdc <__fixunssfsi+0x4a>
      d0:	c8 01       	movw	r24, r16
      d2:	b7 01       	movw	r22, r14
      d4:	0e 94 85 04 	call	0x90a	; 0x90a <__fixsfsi>
      d8:	9b 01       	movw	r18, r22
      da:	ac 01       	movw	r20, r24
      dc:	b9 01       	movw	r22, r18
      de:	ca 01       	movw	r24, r20
      e0:	1f 91       	pop	r17
      e2:	0f 91       	pop	r16
      e4:	ff 90       	pop	r15
      e6:	ef 90       	pop	r14
      e8:	08 95       	ret

000000ea <_fpadd_parts>:
      ea:	a0 e0       	ldi	r26, 0x00	; 0
      ec:	b0 e0       	ldi	r27, 0x00	; 0
      ee:	eb e7       	ldi	r30, 0x7B	; 123
      f0:	f0 e0       	ldi	r31, 0x00	; 0
      f2:	0c 94 97 26 	jmp	0x4d2e	; 0x4d2e <__prologue_saves__>
      f6:	dc 01       	movw	r26, r24
      f8:	2b 01       	movw	r4, r22
      fa:	fa 01       	movw	r30, r20
      fc:	9c 91       	ld	r25, X
      fe:	92 30       	cpi	r25, 0x02	; 2
     100:	08 f4       	brcc	.+2      	; 0x104 <_fpadd_parts+0x1a>
     102:	39 c1       	rjmp	.+626    	; 0x376 <_fpadd_parts+0x28c>
     104:	eb 01       	movw	r28, r22
     106:	88 81       	ld	r24, Y
     108:	82 30       	cpi	r24, 0x02	; 2
     10a:	08 f4       	brcc	.+2      	; 0x10e <_fpadd_parts+0x24>
     10c:	33 c1       	rjmp	.+614    	; 0x374 <_fpadd_parts+0x28a>
     10e:	94 30       	cpi	r25, 0x04	; 4
     110:	69 f4       	brne	.+26     	; 0x12c <_fpadd_parts+0x42>
     112:	84 30       	cpi	r24, 0x04	; 4
     114:	09 f0       	breq	.+2      	; 0x118 <_fpadd_parts+0x2e>
     116:	2f c1       	rjmp	.+606    	; 0x376 <_fpadd_parts+0x28c>
     118:	11 96       	adiw	r26, 0x01	; 1
     11a:	9c 91       	ld	r25, X
     11c:	11 97       	sbiw	r26, 0x01	; 1
     11e:	89 81       	ldd	r24, Y+1	; 0x01
     120:	98 17       	cp	r25, r24
     122:	09 f4       	brne	.+2      	; 0x126 <_fpadd_parts+0x3c>
     124:	28 c1       	rjmp	.+592    	; 0x376 <_fpadd_parts+0x28c>
     126:	a0 e6       	ldi	r26, 0x60	; 96
     128:	b0 e0       	ldi	r27, 0x00	; 0
     12a:	25 c1       	rjmp	.+586    	; 0x376 <_fpadd_parts+0x28c>
     12c:	84 30       	cpi	r24, 0x04	; 4
     12e:	09 f4       	brne	.+2      	; 0x132 <_fpadd_parts+0x48>
     130:	21 c1       	rjmp	.+578    	; 0x374 <_fpadd_parts+0x28a>
     132:	82 30       	cpi	r24, 0x02	; 2
     134:	a9 f4       	brne	.+42     	; 0x160 <_fpadd_parts+0x76>
     136:	92 30       	cpi	r25, 0x02	; 2
     138:	09 f0       	breq	.+2      	; 0x13c <_fpadd_parts+0x52>
     13a:	1d c1       	rjmp	.+570    	; 0x376 <_fpadd_parts+0x28c>
     13c:	9a 01       	movw	r18, r20
     13e:	ad 01       	movw	r20, r26
     140:	88 e0       	ldi	r24, 0x08	; 8
     142:	ea 01       	movw	r28, r20
     144:	09 90       	ld	r0, Y+
     146:	ae 01       	movw	r20, r28
     148:	e9 01       	movw	r28, r18
     14a:	09 92       	st	Y+, r0
     14c:	9e 01       	movw	r18, r28
     14e:	81 50       	subi	r24, 0x01	; 1
     150:	c1 f7       	brne	.-16     	; 0x142 <_fpadd_parts+0x58>
     152:	e2 01       	movw	r28, r4
     154:	89 81       	ldd	r24, Y+1	; 0x01
     156:	11 96       	adiw	r26, 0x01	; 1
     158:	9c 91       	ld	r25, X
     15a:	89 23       	and	r24, r25
     15c:	81 83       	std	Z+1, r24	; 0x01
     15e:	08 c1       	rjmp	.+528    	; 0x370 <_fpadd_parts+0x286>
     160:	92 30       	cpi	r25, 0x02	; 2
     162:	09 f4       	brne	.+2      	; 0x166 <_fpadd_parts+0x7c>
     164:	07 c1       	rjmp	.+526    	; 0x374 <_fpadd_parts+0x28a>
     166:	12 96       	adiw	r26, 0x02	; 2
     168:	2d 90       	ld	r2, X+
     16a:	3c 90       	ld	r3, X
     16c:	13 97       	sbiw	r26, 0x03	; 3
     16e:	eb 01       	movw	r28, r22
     170:	8a 81       	ldd	r24, Y+2	; 0x02
     172:	9b 81       	ldd	r25, Y+3	; 0x03
     174:	14 96       	adiw	r26, 0x04	; 4
     176:	ad 90       	ld	r10, X+
     178:	bd 90       	ld	r11, X+
     17a:	cd 90       	ld	r12, X+
     17c:	dc 90       	ld	r13, X
     17e:	17 97       	sbiw	r26, 0x07	; 7
     180:	ec 80       	ldd	r14, Y+4	; 0x04
     182:	fd 80       	ldd	r15, Y+5	; 0x05
     184:	0e 81       	ldd	r16, Y+6	; 0x06
     186:	1f 81       	ldd	r17, Y+7	; 0x07
     188:	91 01       	movw	r18, r2
     18a:	28 1b       	sub	r18, r24
     18c:	39 0b       	sbc	r19, r25
     18e:	b9 01       	movw	r22, r18
     190:	37 ff       	sbrs	r19, 7
     192:	04 c0       	rjmp	.+8      	; 0x19c <_fpadd_parts+0xb2>
     194:	66 27       	eor	r22, r22
     196:	77 27       	eor	r23, r23
     198:	62 1b       	sub	r22, r18
     19a:	73 0b       	sbc	r23, r19
     19c:	60 32       	cpi	r22, 0x20	; 32
     19e:	71 05       	cpc	r23, r1
     1a0:	0c f0       	brlt	.+2      	; 0x1a4 <_fpadd_parts+0xba>
     1a2:	61 c0       	rjmp	.+194    	; 0x266 <_fpadd_parts+0x17c>
     1a4:	12 16       	cp	r1, r18
     1a6:	13 06       	cpc	r1, r19
     1a8:	6c f5       	brge	.+90     	; 0x204 <_fpadd_parts+0x11a>
     1aa:	37 01       	movw	r6, r14
     1ac:	48 01       	movw	r8, r16
     1ae:	06 2e       	mov	r0, r22
     1b0:	04 c0       	rjmp	.+8      	; 0x1ba <_fpadd_parts+0xd0>
     1b2:	96 94       	lsr	r9
     1b4:	87 94       	ror	r8
     1b6:	77 94       	ror	r7
     1b8:	67 94       	ror	r6
     1ba:	0a 94       	dec	r0
     1bc:	d2 f7       	brpl	.-12     	; 0x1b2 <_fpadd_parts+0xc8>
     1be:	21 e0       	ldi	r18, 0x01	; 1
     1c0:	30 e0       	ldi	r19, 0x00	; 0
     1c2:	40 e0       	ldi	r20, 0x00	; 0
     1c4:	50 e0       	ldi	r21, 0x00	; 0
     1c6:	04 c0       	rjmp	.+8      	; 0x1d0 <_fpadd_parts+0xe6>
     1c8:	22 0f       	add	r18, r18
     1ca:	33 1f       	adc	r19, r19
     1cc:	44 1f       	adc	r20, r20
     1ce:	55 1f       	adc	r21, r21
     1d0:	6a 95       	dec	r22
     1d2:	d2 f7       	brpl	.-12     	; 0x1c8 <_fpadd_parts+0xde>
     1d4:	21 50       	subi	r18, 0x01	; 1
     1d6:	30 40       	sbci	r19, 0x00	; 0
     1d8:	40 40       	sbci	r20, 0x00	; 0
     1da:	50 40       	sbci	r21, 0x00	; 0
     1dc:	2e 21       	and	r18, r14
     1de:	3f 21       	and	r19, r15
     1e0:	40 23       	and	r20, r16
     1e2:	51 23       	and	r21, r17
     1e4:	21 15       	cp	r18, r1
     1e6:	31 05       	cpc	r19, r1
     1e8:	41 05       	cpc	r20, r1
     1ea:	51 05       	cpc	r21, r1
     1ec:	21 f0       	breq	.+8      	; 0x1f6 <_fpadd_parts+0x10c>
     1ee:	21 e0       	ldi	r18, 0x01	; 1
     1f0:	30 e0       	ldi	r19, 0x00	; 0
     1f2:	40 e0       	ldi	r20, 0x00	; 0
     1f4:	50 e0       	ldi	r21, 0x00	; 0
     1f6:	79 01       	movw	r14, r18
     1f8:	8a 01       	movw	r16, r20
     1fa:	e6 28       	or	r14, r6
     1fc:	f7 28       	or	r15, r7
     1fe:	08 29       	or	r16, r8
     200:	19 29       	or	r17, r9
     202:	3c c0       	rjmp	.+120    	; 0x27c <_fpadd_parts+0x192>
     204:	23 2b       	or	r18, r19
     206:	d1 f1       	breq	.+116    	; 0x27c <_fpadd_parts+0x192>
     208:	26 0e       	add	r2, r22
     20a:	37 1e       	adc	r3, r23
     20c:	35 01       	movw	r6, r10
     20e:	46 01       	movw	r8, r12
     210:	06 2e       	mov	r0, r22
     212:	04 c0       	rjmp	.+8      	; 0x21c <_fpadd_parts+0x132>
     214:	96 94       	lsr	r9
     216:	87 94       	ror	r8
     218:	77 94       	ror	r7
     21a:	67 94       	ror	r6
     21c:	0a 94       	dec	r0
     21e:	d2 f7       	brpl	.-12     	; 0x214 <_fpadd_parts+0x12a>
     220:	21 e0       	ldi	r18, 0x01	; 1
     222:	30 e0       	ldi	r19, 0x00	; 0
     224:	40 e0       	ldi	r20, 0x00	; 0
     226:	50 e0       	ldi	r21, 0x00	; 0
     228:	04 c0       	rjmp	.+8      	; 0x232 <_fpadd_parts+0x148>
     22a:	22 0f       	add	r18, r18
     22c:	33 1f       	adc	r19, r19
     22e:	44 1f       	adc	r20, r20
     230:	55 1f       	adc	r21, r21
     232:	6a 95       	dec	r22
     234:	d2 f7       	brpl	.-12     	; 0x22a <_fpadd_parts+0x140>
     236:	21 50       	subi	r18, 0x01	; 1
     238:	30 40       	sbci	r19, 0x00	; 0
     23a:	40 40       	sbci	r20, 0x00	; 0
     23c:	50 40       	sbci	r21, 0x00	; 0
     23e:	2a 21       	and	r18, r10
     240:	3b 21       	and	r19, r11
     242:	4c 21       	and	r20, r12
     244:	5d 21       	and	r21, r13
     246:	21 15       	cp	r18, r1
     248:	31 05       	cpc	r19, r1
     24a:	41 05       	cpc	r20, r1
     24c:	51 05       	cpc	r21, r1
     24e:	21 f0       	breq	.+8      	; 0x258 <_fpadd_parts+0x16e>
     250:	21 e0       	ldi	r18, 0x01	; 1
     252:	30 e0       	ldi	r19, 0x00	; 0
     254:	40 e0       	ldi	r20, 0x00	; 0
     256:	50 e0       	ldi	r21, 0x00	; 0
     258:	59 01       	movw	r10, r18
     25a:	6a 01       	movw	r12, r20
     25c:	a6 28       	or	r10, r6
     25e:	b7 28       	or	r11, r7
     260:	c8 28       	or	r12, r8
     262:	d9 28       	or	r13, r9
     264:	0b c0       	rjmp	.+22     	; 0x27c <_fpadd_parts+0x192>
     266:	82 15       	cp	r24, r2
     268:	93 05       	cpc	r25, r3
     26a:	2c f0       	brlt	.+10     	; 0x276 <_fpadd_parts+0x18c>
     26c:	1c 01       	movw	r2, r24
     26e:	aa 24       	eor	r10, r10
     270:	bb 24       	eor	r11, r11
     272:	65 01       	movw	r12, r10
     274:	03 c0       	rjmp	.+6      	; 0x27c <_fpadd_parts+0x192>
     276:	ee 24       	eor	r14, r14
     278:	ff 24       	eor	r15, r15
     27a:	87 01       	movw	r16, r14
     27c:	11 96       	adiw	r26, 0x01	; 1
     27e:	9c 91       	ld	r25, X
     280:	d2 01       	movw	r26, r4
     282:	11 96       	adiw	r26, 0x01	; 1
     284:	8c 91       	ld	r24, X
     286:	98 17       	cp	r25, r24
     288:	09 f4       	brne	.+2      	; 0x28c <_fpadd_parts+0x1a2>
     28a:	45 c0       	rjmp	.+138    	; 0x316 <_fpadd_parts+0x22c>
     28c:	99 23       	and	r25, r25
     28e:	39 f0       	breq	.+14     	; 0x29e <_fpadd_parts+0x1b4>
     290:	a8 01       	movw	r20, r16
     292:	97 01       	movw	r18, r14
     294:	2a 19       	sub	r18, r10
     296:	3b 09       	sbc	r19, r11
     298:	4c 09       	sbc	r20, r12
     29a:	5d 09       	sbc	r21, r13
     29c:	06 c0       	rjmp	.+12     	; 0x2aa <_fpadd_parts+0x1c0>
     29e:	a6 01       	movw	r20, r12
     2a0:	95 01       	movw	r18, r10
     2a2:	2e 19       	sub	r18, r14
     2a4:	3f 09       	sbc	r19, r15
     2a6:	40 0b       	sbc	r20, r16
     2a8:	51 0b       	sbc	r21, r17
     2aa:	57 fd       	sbrc	r21, 7
     2ac:	08 c0       	rjmp	.+16     	; 0x2be <_fpadd_parts+0x1d4>
     2ae:	11 82       	std	Z+1, r1	; 0x01
     2b0:	33 82       	std	Z+3, r3	; 0x03
     2b2:	22 82       	std	Z+2, r2	; 0x02
     2b4:	24 83       	std	Z+4, r18	; 0x04
     2b6:	35 83       	std	Z+5, r19	; 0x05
     2b8:	46 83       	std	Z+6, r20	; 0x06
     2ba:	57 83       	std	Z+7, r21	; 0x07
     2bc:	1d c0       	rjmp	.+58     	; 0x2f8 <_fpadd_parts+0x20e>
     2be:	81 e0       	ldi	r24, 0x01	; 1
     2c0:	81 83       	std	Z+1, r24	; 0x01
     2c2:	33 82       	std	Z+3, r3	; 0x03
     2c4:	22 82       	std	Z+2, r2	; 0x02
     2c6:	88 27       	eor	r24, r24
     2c8:	99 27       	eor	r25, r25
     2ca:	dc 01       	movw	r26, r24
     2cc:	82 1b       	sub	r24, r18
     2ce:	93 0b       	sbc	r25, r19
     2d0:	a4 0b       	sbc	r26, r20
     2d2:	b5 0b       	sbc	r27, r21
     2d4:	84 83       	std	Z+4, r24	; 0x04
     2d6:	95 83       	std	Z+5, r25	; 0x05
     2d8:	a6 83       	std	Z+6, r26	; 0x06
     2da:	b7 83       	std	Z+7, r27	; 0x07
     2dc:	0d c0       	rjmp	.+26     	; 0x2f8 <_fpadd_parts+0x20e>
     2de:	22 0f       	add	r18, r18
     2e0:	33 1f       	adc	r19, r19
     2e2:	44 1f       	adc	r20, r20
     2e4:	55 1f       	adc	r21, r21
     2e6:	24 83       	std	Z+4, r18	; 0x04
     2e8:	35 83       	std	Z+5, r19	; 0x05
     2ea:	46 83       	std	Z+6, r20	; 0x06
     2ec:	57 83       	std	Z+7, r21	; 0x07
     2ee:	82 81       	ldd	r24, Z+2	; 0x02
     2f0:	93 81       	ldd	r25, Z+3	; 0x03
     2f2:	01 97       	sbiw	r24, 0x01	; 1
     2f4:	93 83       	std	Z+3, r25	; 0x03
     2f6:	82 83       	std	Z+2, r24	; 0x02
     2f8:	24 81       	ldd	r18, Z+4	; 0x04
     2fa:	35 81       	ldd	r19, Z+5	; 0x05
     2fc:	46 81       	ldd	r20, Z+6	; 0x06
     2fe:	57 81       	ldd	r21, Z+7	; 0x07
     300:	da 01       	movw	r26, r20
     302:	c9 01       	movw	r24, r18
     304:	01 97       	sbiw	r24, 0x01	; 1
     306:	a1 09       	sbc	r26, r1
     308:	b1 09       	sbc	r27, r1
     30a:	8f 5f       	subi	r24, 0xFF	; 255
     30c:	9f 4f       	sbci	r25, 0xFF	; 255
     30e:	af 4f       	sbci	r26, 0xFF	; 255
     310:	bf 43       	sbci	r27, 0x3F	; 63
     312:	28 f3       	brcs	.-54     	; 0x2de <_fpadd_parts+0x1f4>
     314:	0b c0       	rjmp	.+22     	; 0x32c <_fpadd_parts+0x242>
     316:	91 83       	std	Z+1, r25	; 0x01
     318:	33 82       	std	Z+3, r3	; 0x03
     31a:	22 82       	std	Z+2, r2	; 0x02
     31c:	ea 0c       	add	r14, r10
     31e:	fb 1c       	adc	r15, r11
     320:	0c 1d       	adc	r16, r12
     322:	1d 1d       	adc	r17, r13
     324:	e4 82       	std	Z+4, r14	; 0x04
     326:	f5 82       	std	Z+5, r15	; 0x05
     328:	06 83       	std	Z+6, r16	; 0x06
     32a:	17 83       	std	Z+7, r17	; 0x07
     32c:	83 e0       	ldi	r24, 0x03	; 3
     32e:	80 83       	st	Z, r24
     330:	24 81       	ldd	r18, Z+4	; 0x04
     332:	35 81       	ldd	r19, Z+5	; 0x05
     334:	46 81       	ldd	r20, Z+6	; 0x06
     336:	57 81       	ldd	r21, Z+7	; 0x07
     338:	57 ff       	sbrs	r21, 7
     33a:	1a c0       	rjmp	.+52     	; 0x370 <_fpadd_parts+0x286>
     33c:	c9 01       	movw	r24, r18
     33e:	aa 27       	eor	r26, r26
     340:	97 fd       	sbrc	r25, 7
     342:	a0 95       	com	r26
     344:	ba 2f       	mov	r27, r26
     346:	81 70       	andi	r24, 0x01	; 1
     348:	90 70       	andi	r25, 0x00	; 0
     34a:	a0 70       	andi	r26, 0x00	; 0
     34c:	b0 70       	andi	r27, 0x00	; 0
     34e:	56 95       	lsr	r21
     350:	47 95       	ror	r20
     352:	37 95       	ror	r19
     354:	27 95       	ror	r18
     356:	82 2b       	or	r24, r18
     358:	93 2b       	or	r25, r19
     35a:	a4 2b       	or	r26, r20
     35c:	b5 2b       	or	r27, r21
     35e:	84 83       	std	Z+4, r24	; 0x04
     360:	95 83       	std	Z+5, r25	; 0x05
     362:	a6 83       	std	Z+6, r26	; 0x06
     364:	b7 83       	std	Z+7, r27	; 0x07
     366:	82 81       	ldd	r24, Z+2	; 0x02
     368:	93 81       	ldd	r25, Z+3	; 0x03
     36a:	01 96       	adiw	r24, 0x01	; 1
     36c:	93 83       	std	Z+3, r25	; 0x03
     36e:	82 83       	std	Z+2, r24	; 0x02
     370:	df 01       	movw	r26, r30
     372:	01 c0       	rjmp	.+2      	; 0x376 <_fpadd_parts+0x28c>
     374:	d2 01       	movw	r26, r4
     376:	cd 01       	movw	r24, r26
     378:	cd b7       	in	r28, 0x3d	; 61
     37a:	de b7       	in	r29, 0x3e	; 62
     37c:	e2 e1       	ldi	r30, 0x12	; 18
     37e:	0c 94 b3 26 	jmp	0x4d66	; 0x4d66 <__epilogue_restores__>

00000382 <__subsf3>:
     382:	a0 e2       	ldi	r26, 0x20	; 32
     384:	b0 e0       	ldi	r27, 0x00	; 0
     386:	e7 ec       	ldi	r30, 0xC7	; 199
     388:	f1 e0       	ldi	r31, 0x01	; 1
     38a:	0c 94 a3 26 	jmp	0x4d46	; 0x4d46 <__prologue_saves__+0x18>
     38e:	69 83       	std	Y+1, r22	; 0x01
     390:	7a 83       	std	Y+2, r23	; 0x02
     392:	8b 83       	std	Y+3, r24	; 0x03
     394:	9c 83       	std	Y+4, r25	; 0x04
     396:	2d 83       	std	Y+5, r18	; 0x05
     398:	3e 83       	std	Y+6, r19	; 0x06
     39a:	4f 83       	std	Y+7, r20	; 0x07
     39c:	58 87       	std	Y+8, r21	; 0x08
     39e:	e9 e0       	ldi	r30, 0x09	; 9
     3a0:	ee 2e       	mov	r14, r30
     3a2:	f1 2c       	mov	r15, r1
     3a4:	ec 0e       	add	r14, r28
     3a6:	fd 1e       	adc	r15, r29
     3a8:	ce 01       	movw	r24, r28
     3aa:	01 96       	adiw	r24, 0x01	; 1
     3ac:	b7 01       	movw	r22, r14
     3ae:	0e 94 76 06 	call	0xcec	; 0xcec <__unpack_f>
     3b2:	8e 01       	movw	r16, r28
     3b4:	0f 5e       	subi	r16, 0xEF	; 239
     3b6:	1f 4f       	sbci	r17, 0xFF	; 255
     3b8:	ce 01       	movw	r24, r28
     3ba:	05 96       	adiw	r24, 0x05	; 5
     3bc:	b8 01       	movw	r22, r16
     3be:	0e 94 76 06 	call	0xcec	; 0xcec <__unpack_f>
     3c2:	8a 89       	ldd	r24, Y+18	; 0x12
     3c4:	91 e0       	ldi	r25, 0x01	; 1
     3c6:	89 27       	eor	r24, r25
     3c8:	8a 8b       	std	Y+18, r24	; 0x12
     3ca:	c7 01       	movw	r24, r14
     3cc:	b8 01       	movw	r22, r16
     3ce:	ae 01       	movw	r20, r28
     3d0:	47 5e       	subi	r20, 0xE7	; 231
     3d2:	5f 4f       	sbci	r21, 0xFF	; 255
     3d4:	0e 94 75 00 	call	0xea	; 0xea <_fpadd_parts>
     3d8:	0e 94 a1 05 	call	0xb42	; 0xb42 <__pack_f>
     3dc:	a0 96       	adiw	r28, 0x20	; 32
     3de:	e6 e0       	ldi	r30, 0x06	; 6
     3e0:	0c 94 bf 26 	jmp	0x4d7e	; 0x4d7e <__epilogue_restores__+0x18>

000003e4 <__addsf3>:
     3e4:	a0 e2       	ldi	r26, 0x20	; 32
     3e6:	b0 e0       	ldi	r27, 0x00	; 0
     3e8:	e8 ef       	ldi	r30, 0xF8	; 248
     3ea:	f1 e0       	ldi	r31, 0x01	; 1
     3ec:	0c 94 a3 26 	jmp	0x4d46	; 0x4d46 <__prologue_saves__+0x18>
     3f0:	69 83       	std	Y+1, r22	; 0x01
     3f2:	7a 83       	std	Y+2, r23	; 0x02
     3f4:	8b 83       	std	Y+3, r24	; 0x03
     3f6:	9c 83       	std	Y+4, r25	; 0x04
     3f8:	2d 83       	std	Y+5, r18	; 0x05
     3fa:	3e 83       	std	Y+6, r19	; 0x06
     3fc:	4f 83       	std	Y+7, r20	; 0x07
     3fe:	58 87       	std	Y+8, r21	; 0x08
     400:	f9 e0       	ldi	r31, 0x09	; 9
     402:	ef 2e       	mov	r14, r31
     404:	f1 2c       	mov	r15, r1
     406:	ec 0e       	add	r14, r28
     408:	fd 1e       	adc	r15, r29
     40a:	ce 01       	movw	r24, r28
     40c:	01 96       	adiw	r24, 0x01	; 1
     40e:	b7 01       	movw	r22, r14
     410:	0e 94 76 06 	call	0xcec	; 0xcec <__unpack_f>
     414:	8e 01       	movw	r16, r28
     416:	0f 5e       	subi	r16, 0xEF	; 239
     418:	1f 4f       	sbci	r17, 0xFF	; 255
     41a:	ce 01       	movw	r24, r28
     41c:	05 96       	adiw	r24, 0x05	; 5
     41e:	b8 01       	movw	r22, r16
     420:	0e 94 76 06 	call	0xcec	; 0xcec <__unpack_f>
     424:	c7 01       	movw	r24, r14
     426:	b8 01       	movw	r22, r16
     428:	ae 01       	movw	r20, r28
     42a:	47 5e       	subi	r20, 0xE7	; 231
     42c:	5f 4f       	sbci	r21, 0xFF	; 255
     42e:	0e 94 75 00 	call	0xea	; 0xea <_fpadd_parts>
     432:	0e 94 a1 05 	call	0xb42	; 0xb42 <__pack_f>
     436:	a0 96       	adiw	r28, 0x20	; 32
     438:	e6 e0       	ldi	r30, 0x06	; 6
     43a:	0c 94 bf 26 	jmp	0x4d7e	; 0x4d7e <__epilogue_restores__+0x18>

0000043e <__mulsf3>:
     43e:	a0 e2       	ldi	r26, 0x20	; 32
     440:	b0 e0       	ldi	r27, 0x00	; 0
     442:	e5 e2       	ldi	r30, 0x25	; 37
     444:	f2 e0       	ldi	r31, 0x02	; 2
     446:	0c 94 97 26 	jmp	0x4d2e	; 0x4d2e <__prologue_saves__>
     44a:	69 83       	std	Y+1, r22	; 0x01
     44c:	7a 83       	std	Y+2, r23	; 0x02
     44e:	8b 83       	std	Y+3, r24	; 0x03
     450:	9c 83       	std	Y+4, r25	; 0x04
     452:	2d 83       	std	Y+5, r18	; 0x05
     454:	3e 83       	std	Y+6, r19	; 0x06
     456:	4f 83       	std	Y+7, r20	; 0x07
     458:	58 87       	std	Y+8, r21	; 0x08
     45a:	ce 01       	movw	r24, r28
     45c:	01 96       	adiw	r24, 0x01	; 1
     45e:	be 01       	movw	r22, r28
     460:	67 5f       	subi	r22, 0xF7	; 247
     462:	7f 4f       	sbci	r23, 0xFF	; 255
     464:	0e 94 76 06 	call	0xcec	; 0xcec <__unpack_f>
     468:	ce 01       	movw	r24, r28
     46a:	05 96       	adiw	r24, 0x05	; 5
     46c:	be 01       	movw	r22, r28
     46e:	6f 5e       	subi	r22, 0xEF	; 239
     470:	7f 4f       	sbci	r23, 0xFF	; 255
     472:	0e 94 76 06 	call	0xcec	; 0xcec <__unpack_f>
     476:	99 85       	ldd	r25, Y+9	; 0x09
     478:	92 30       	cpi	r25, 0x02	; 2
     47a:	88 f0       	brcs	.+34     	; 0x49e <__mulsf3+0x60>
     47c:	89 89       	ldd	r24, Y+17	; 0x11
     47e:	82 30       	cpi	r24, 0x02	; 2
     480:	c8 f0       	brcs	.+50     	; 0x4b4 <__mulsf3+0x76>
     482:	94 30       	cpi	r25, 0x04	; 4
     484:	19 f4       	brne	.+6      	; 0x48c <__mulsf3+0x4e>
     486:	82 30       	cpi	r24, 0x02	; 2
     488:	51 f4       	brne	.+20     	; 0x49e <__mulsf3+0x60>
     48a:	04 c0       	rjmp	.+8      	; 0x494 <__mulsf3+0x56>
     48c:	84 30       	cpi	r24, 0x04	; 4
     48e:	29 f4       	brne	.+10     	; 0x49a <__mulsf3+0x5c>
     490:	92 30       	cpi	r25, 0x02	; 2
     492:	81 f4       	brne	.+32     	; 0x4b4 <__mulsf3+0x76>
     494:	80 e6       	ldi	r24, 0x60	; 96
     496:	90 e0       	ldi	r25, 0x00	; 0
     498:	c6 c0       	rjmp	.+396    	; 0x626 <__mulsf3+0x1e8>
     49a:	92 30       	cpi	r25, 0x02	; 2
     49c:	49 f4       	brne	.+18     	; 0x4b0 <__mulsf3+0x72>
     49e:	20 e0       	ldi	r18, 0x00	; 0
     4a0:	9a 85       	ldd	r25, Y+10	; 0x0a
     4a2:	8a 89       	ldd	r24, Y+18	; 0x12
     4a4:	98 13       	cpse	r25, r24
     4a6:	21 e0       	ldi	r18, 0x01	; 1
     4a8:	2a 87       	std	Y+10, r18	; 0x0a
     4aa:	ce 01       	movw	r24, r28
     4ac:	09 96       	adiw	r24, 0x09	; 9
     4ae:	bb c0       	rjmp	.+374    	; 0x626 <__mulsf3+0x1e8>
     4b0:	82 30       	cpi	r24, 0x02	; 2
     4b2:	49 f4       	brne	.+18     	; 0x4c6 <__mulsf3+0x88>
     4b4:	20 e0       	ldi	r18, 0x00	; 0
     4b6:	9a 85       	ldd	r25, Y+10	; 0x0a
     4b8:	8a 89       	ldd	r24, Y+18	; 0x12
     4ba:	98 13       	cpse	r25, r24
     4bc:	21 e0       	ldi	r18, 0x01	; 1
     4be:	2a 8b       	std	Y+18, r18	; 0x12
     4c0:	ce 01       	movw	r24, r28
     4c2:	41 96       	adiw	r24, 0x11	; 17
     4c4:	b0 c0       	rjmp	.+352    	; 0x626 <__mulsf3+0x1e8>
     4c6:	2d 84       	ldd	r2, Y+13	; 0x0d
     4c8:	3e 84       	ldd	r3, Y+14	; 0x0e
     4ca:	4f 84       	ldd	r4, Y+15	; 0x0f
     4cc:	58 88       	ldd	r5, Y+16	; 0x10
     4ce:	6d 88       	ldd	r6, Y+21	; 0x15
     4d0:	7e 88       	ldd	r7, Y+22	; 0x16
     4d2:	8f 88       	ldd	r8, Y+23	; 0x17
     4d4:	98 8c       	ldd	r9, Y+24	; 0x18
     4d6:	ee 24       	eor	r14, r14
     4d8:	ff 24       	eor	r15, r15
     4da:	87 01       	movw	r16, r14
     4dc:	aa 24       	eor	r10, r10
     4de:	bb 24       	eor	r11, r11
     4e0:	65 01       	movw	r12, r10
     4e2:	40 e0       	ldi	r20, 0x00	; 0
     4e4:	50 e0       	ldi	r21, 0x00	; 0
     4e6:	60 e0       	ldi	r22, 0x00	; 0
     4e8:	70 e0       	ldi	r23, 0x00	; 0
     4ea:	e0 e0       	ldi	r30, 0x00	; 0
     4ec:	f0 e0       	ldi	r31, 0x00	; 0
     4ee:	c1 01       	movw	r24, r2
     4f0:	81 70       	andi	r24, 0x01	; 1
     4f2:	90 70       	andi	r25, 0x00	; 0
     4f4:	89 2b       	or	r24, r25
     4f6:	e9 f0       	breq	.+58     	; 0x532 <__mulsf3+0xf4>
     4f8:	e6 0c       	add	r14, r6
     4fa:	f7 1c       	adc	r15, r7
     4fc:	08 1d       	adc	r16, r8
     4fe:	19 1d       	adc	r17, r9
     500:	9a 01       	movw	r18, r20
     502:	ab 01       	movw	r20, r22
     504:	2a 0d       	add	r18, r10
     506:	3b 1d       	adc	r19, r11
     508:	4c 1d       	adc	r20, r12
     50a:	5d 1d       	adc	r21, r13
     50c:	80 e0       	ldi	r24, 0x00	; 0
     50e:	90 e0       	ldi	r25, 0x00	; 0
     510:	a0 e0       	ldi	r26, 0x00	; 0
     512:	b0 e0       	ldi	r27, 0x00	; 0
     514:	e6 14       	cp	r14, r6
     516:	f7 04       	cpc	r15, r7
     518:	08 05       	cpc	r16, r8
     51a:	19 05       	cpc	r17, r9
     51c:	20 f4       	brcc	.+8      	; 0x526 <__mulsf3+0xe8>
     51e:	81 e0       	ldi	r24, 0x01	; 1
     520:	90 e0       	ldi	r25, 0x00	; 0
     522:	a0 e0       	ldi	r26, 0x00	; 0
     524:	b0 e0       	ldi	r27, 0x00	; 0
     526:	ba 01       	movw	r22, r20
     528:	a9 01       	movw	r20, r18
     52a:	48 0f       	add	r20, r24
     52c:	59 1f       	adc	r21, r25
     52e:	6a 1f       	adc	r22, r26
     530:	7b 1f       	adc	r23, r27
     532:	aa 0c       	add	r10, r10
     534:	bb 1c       	adc	r11, r11
     536:	cc 1c       	adc	r12, r12
     538:	dd 1c       	adc	r13, r13
     53a:	97 fe       	sbrs	r9, 7
     53c:	08 c0       	rjmp	.+16     	; 0x54e <__mulsf3+0x110>
     53e:	81 e0       	ldi	r24, 0x01	; 1
     540:	90 e0       	ldi	r25, 0x00	; 0
     542:	a0 e0       	ldi	r26, 0x00	; 0
     544:	b0 e0       	ldi	r27, 0x00	; 0
     546:	a8 2a       	or	r10, r24
     548:	b9 2a       	or	r11, r25
     54a:	ca 2a       	or	r12, r26
     54c:	db 2a       	or	r13, r27
     54e:	31 96       	adiw	r30, 0x01	; 1
     550:	e0 32       	cpi	r30, 0x20	; 32
     552:	f1 05       	cpc	r31, r1
     554:	49 f0       	breq	.+18     	; 0x568 <__mulsf3+0x12a>
     556:	66 0c       	add	r6, r6
     558:	77 1c       	adc	r7, r7
     55a:	88 1c       	adc	r8, r8
     55c:	99 1c       	adc	r9, r9
     55e:	56 94       	lsr	r5
     560:	47 94       	ror	r4
     562:	37 94       	ror	r3
     564:	27 94       	ror	r2
     566:	c3 cf       	rjmp	.-122    	; 0x4ee <__mulsf3+0xb0>
     568:	fa 85       	ldd	r31, Y+10	; 0x0a
     56a:	ea 89       	ldd	r30, Y+18	; 0x12
     56c:	2b 89       	ldd	r18, Y+19	; 0x13
     56e:	3c 89       	ldd	r19, Y+20	; 0x14
     570:	8b 85       	ldd	r24, Y+11	; 0x0b
     572:	9c 85       	ldd	r25, Y+12	; 0x0c
     574:	28 0f       	add	r18, r24
     576:	39 1f       	adc	r19, r25
     578:	2e 5f       	subi	r18, 0xFE	; 254
     57a:	3f 4f       	sbci	r19, 0xFF	; 255
     57c:	17 c0       	rjmp	.+46     	; 0x5ac <__mulsf3+0x16e>
     57e:	ca 01       	movw	r24, r20
     580:	81 70       	andi	r24, 0x01	; 1
     582:	90 70       	andi	r25, 0x00	; 0
     584:	89 2b       	or	r24, r25
     586:	61 f0       	breq	.+24     	; 0x5a0 <__mulsf3+0x162>
     588:	16 95       	lsr	r17
     58a:	07 95       	ror	r16
     58c:	f7 94       	ror	r15
     58e:	e7 94       	ror	r14
     590:	80 e0       	ldi	r24, 0x00	; 0
     592:	90 e0       	ldi	r25, 0x00	; 0
     594:	a0 e0       	ldi	r26, 0x00	; 0
     596:	b0 e8       	ldi	r27, 0x80	; 128
     598:	e8 2a       	or	r14, r24
     59a:	f9 2a       	or	r15, r25
     59c:	0a 2b       	or	r16, r26
     59e:	1b 2b       	or	r17, r27
     5a0:	76 95       	lsr	r23
     5a2:	67 95       	ror	r22
     5a4:	57 95       	ror	r21
     5a6:	47 95       	ror	r20
     5a8:	2f 5f       	subi	r18, 0xFF	; 255
     5aa:	3f 4f       	sbci	r19, 0xFF	; 255
     5ac:	77 fd       	sbrc	r23, 7
     5ae:	e7 cf       	rjmp	.-50     	; 0x57e <__mulsf3+0x140>
     5b0:	0c c0       	rjmp	.+24     	; 0x5ca <__mulsf3+0x18c>
     5b2:	44 0f       	add	r20, r20
     5b4:	55 1f       	adc	r21, r21
     5b6:	66 1f       	adc	r22, r22
     5b8:	77 1f       	adc	r23, r23
     5ba:	17 fd       	sbrc	r17, 7
     5bc:	41 60       	ori	r20, 0x01	; 1
     5be:	ee 0c       	add	r14, r14
     5c0:	ff 1c       	adc	r15, r15
     5c2:	00 1f       	adc	r16, r16
     5c4:	11 1f       	adc	r17, r17
     5c6:	21 50       	subi	r18, 0x01	; 1
     5c8:	30 40       	sbci	r19, 0x00	; 0
     5ca:	40 30       	cpi	r20, 0x00	; 0
     5cc:	90 e0       	ldi	r25, 0x00	; 0
     5ce:	59 07       	cpc	r21, r25
     5d0:	90 e0       	ldi	r25, 0x00	; 0
     5d2:	69 07       	cpc	r22, r25
     5d4:	90 e4       	ldi	r25, 0x40	; 64
     5d6:	79 07       	cpc	r23, r25
     5d8:	60 f3       	brcs	.-40     	; 0x5b2 <__mulsf3+0x174>
     5da:	2b 8f       	std	Y+27, r18	; 0x1b
     5dc:	3c 8f       	std	Y+28, r19	; 0x1c
     5de:	db 01       	movw	r26, r22
     5e0:	ca 01       	movw	r24, r20
     5e2:	8f 77       	andi	r24, 0x7F	; 127
     5e4:	90 70       	andi	r25, 0x00	; 0
     5e6:	a0 70       	andi	r26, 0x00	; 0
     5e8:	b0 70       	andi	r27, 0x00	; 0
     5ea:	80 34       	cpi	r24, 0x40	; 64
     5ec:	91 05       	cpc	r25, r1
     5ee:	a1 05       	cpc	r26, r1
     5f0:	b1 05       	cpc	r27, r1
     5f2:	61 f4       	brne	.+24     	; 0x60c <__mulsf3+0x1ce>
     5f4:	47 fd       	sbrc	r20, 7
     5f6:	0a c0       	rjmp	.+20     	; 0x60c <__mulsf3+0x1ce>
     5f8:	e1 14       	cp	r14, r1
     5fa:	f1 04       	cpc	r15, r1
     5fc:	01 05       	cpc	r16, r1
     5fe:	11 05       	cpc	r17, r1
     600:	29 f0       	breq	.+10     	; 0x60c <__mulsf3+0x1ce>
     602:	40 5c       	subi	r20, 0xC0	; 192
     604:	5f 4f       	sbci	r21, 0xFF	; 255
     606:	6f 4f       	sbci	r22, 0xFF	; 255
     608:	7f 4f       	sbci	r23, 0xFF	; 255
     60a:	40 78       	andi	r20, 0x80	; 128
     60c:	1a 8e       	std	Y+26, r1	; 0x1a
     60e:	fe 17       	cp	r31, r30
     610:	11 f0       	breq	.+4      	; 0x616 <__mulsf3+0x1d8>
     612:	81 e0       	ldi	r24, 0x01	; 1
     614:	8a 8f       	std	Y+26, r24	; 0x1a
     616:	4d 8f       	std	Y+29, r20	; 0x1d
     618:	5e 8f       	std	Y+30, r21	; 0x1e
     61a:	6f 8f       	std	Y+31, r22	; 0x1f
     61c:	78 a3       	std	Y+32, r23	; 0x20
     61e:	83 e0       	ldi	r24, 0x03	; 3
     620:	89 8f       	std	Y+25, r24	; 0x19
     622:	ce 01       	movw	r24, r28
     624:	49 96       	adiw	r24, 0x19	; 25
     626:	0e 94 a1 05 	call	0xb42	; 0xb42 <__pack_f>
     62a:	a0 96       	adiw	r28, 0x20	; 32
     62c:	e2 e1       	ldi	r30, 0x12	; 18
     62e:	0c 94 b3 26 	jmp	0x4d66	; 0x4d66 <__epilogue_restores__>

00000632 <__divsf3>:
     632:	a8 e1       	ldi	r26, 0x18	; 24
     634:	b0 e0       	ldi	r27, 0x00	; 0
     636:	ef e1       	ldi	r30, 0x1F	; 31
     638:	f3 e0       	ldi	r31, 0x03	; 3
     63a:	0c 94 9f 26 	jmp	0x4d3e	; 0x4d3e <__prologue_saves__+0x10>
     63e:	69 83       	std	Y+1, r22	; 0x01
     640:	7a 83       	std	Y+2, r23	; 0x02
     642:	8b 83       	std	Y+3, r24	; 0x03
     644:	9c 83       	std	Y+4, r25	; 0x04
     646:	2d 83       	std	Y+5, r18	; 0x05
     648:	3e 83       	std	Y+6, r19	; 0x06
     64a:	4f 83       	std	Y+7, r20	; 0x07
     64c:	58 87       	std	Y+8, r21	; 0x08
     64e:	b9 e0       	ldi	r27, 0x09	; 9
     650:	eb 2e       	mov	r14, r27
     652:	f1 2c       	mov	r15, r1
     654:	ec 0e       	add	r14, r28
     656:	fd 1e       	adc	r15, r29
     658:	ce 01       	movw	r24, r28
     65a:	01 96       	adiw	r24, 0x01	; 1
     65c:	b7 01       	movw	r22, r14
     65e:	0e 94 76 06 	call	0xcec	; 0xcec <__unpack_f>
     662:	8e 01       	movw	r16, r28
     664:	0f 5e       	subi	r16, 0xEF	; 239
     666:	1f 4f       	sbci	r17, 0xFF	; 255
     668:	ce 01       	movw	r24, r28
     66a:	05 96       	adiw	r24, 0x05	; 5
     66c:	b8 01       	movw	r22, r16
     66e:	0e 94 76 06 	call	0xcec	; 0xcec <__unpack_f>
     672:	29 85       	ldd	r18, Y+9	; 0x09
     674:	22 30       	cpi	r18, 0x02	; 2
     676:	08 f4       	brcc	.+2      	; 0x67a <__divsf3+0x48>
     678:	7e c0       	rjmp	.+252    	; 0x776 <__divsf3+0x144>
     67a:	39 89       	ldd	r19, Y+17	; 0x11
     67c:	32 30       	cpi	r19, 0x02	; 2
     67e:	10 f4       	brcc	.+4      	; 0x684 <__divsf3+0x52>
     680:	b8 01       	movw	r22, r16
     682:	7c c0       	rjmp	.+248    	; 0x77c <__divsf3+0x14a>
     684:	8a 85       	ldd	r24, Y+10	; 0x0a
     686:	9a 89       	ldd	r25, Y+18	; 0x12
     688:	89 27       	eor	r24, r25
     68a:	8a 87       	std	Y+10, r24	; 0x0a
     68c:	24 30       	cpi	r18, 0x04	; 4
     68e:	11 f0       	breq	.+4      	; 0x694 <__divsf3+0x62>
     690:	22 30       	cpi	r18, 0x02	; 2
     692:	31 f4       	brne	.+12     	; 0x6a0 <__divsf3+0x6e>
     694:	23 17       	cp	r18, r19
     696:	09 f0       	breq	.+2      	; 0x69a <__divsf3+0x68>
     698:	6e c0       	rjmp	.+220    	; 0x776 <__divsf3+0x144>
     69a:	60 e6       	ldi	r22, 0x60	; 96
     69c:	70 e0       	ldi	r23, 0x00	; 0
     69e:	6e c0       	rjmp	.+220    	; 0x77c <__divsf3+0x14a>
     6a0:	34 30       	cpi	r19, 0x04	; 4
     6a2:	39 f4       	brne	.+14     	; 0x6b2 <__divsf3+0x80>
     6a4:	1d 86       	std	Y+13, r1	; 0x0d
     6a6:	1e 86       	std	Y+14, r1	; 0x0e
     6a8:	1f 86       	std	Y+15, r1	; 0x0f
     6aa:	18 8a       	std	Y+16, r1	; 0x10
     6ac:	1c 86       	std	Y+12, r1	; 0x0c
     6ae:	1b 86       	std	Y+11, r1	; 0x0b
     6b0:	04 c0       	rjmp	.+8      	; 0x6ba <__divsf3+0x88>
     6b2:	32 30       	cpi	r19, 0x02	; 2
     6b4:	21 f4       	brne	.+8      	; 0x6be <__divsf3+0x8c>
     6b6:	84 e0       	ldi	r24, 0x04	; 4
     6b8:	89 87       	std	Y+9, r24	; 0x09
     6ba:	b7 01       	movw	r22, r14
     6bc:	5f c0       	rjmp	.+190    	; 0x77c <__divsf3+0x14a>
     6be:	2b 85       	ldd	r18, Y+11	; 0x0b
     6c0:	3c 85       	ldd	r19, Y+12	; 0x0c
     6c2:	8b 89       	ldd	r24, Y+19	; 0x13
     6c4:	9c 89       	ldd	r25, Y+20	; 0x14
     6c6:	28 1b       	sub	r18, r24
     6c8:	39 0b       	sbc	r19, r25
     6ca:	3c 87       	std	Y+12, r19	; 0x0c
     6cc:	2b 87       	std	Y+11, r18	; 0x0b
     6ce:	ed 84       	ldd	r14, Y+13	; 0x0d
     6d0:	fe 84       	ldd	r15, Y+14	; 0x0e
     6d2:	0f 85       	ldd	r16, Y+15	; 0x0f
     6d4:	18 89       	ldd	r17, Y+16	; 0x10
     6d6:	ad 88       	ldd	r10, Y+21	; 0x15
     6d8:	be 88       	ldd	r11, Y+22	; 0x16
     6da:	cf 88       	ldd	r12, Y+23	; 0x17
     6dc:	d8 8c       	ldd	r13, Y+24	; 0x18
     6de:	ea 14       	cp	r14, r10
     6e0:	fb 04       	cpc	r15, r11
     6e2:	0c 05       	cpc	r16, r12
     6e4:	1d 05       	cpc	r17, r13
     6e6:	40 f4       	brcc	.+16     	; 0x6f8 <__divsf3+0xc6>
     6e8:	ee 0c       	add	r14, r14
     6ea:	ff 1c       	adc	r15, r15
     6ec:	00 1f       	adc	r16, r16
     6ee:	11 1f       	adc	r17, r17
     6f0:	21 50       	subi	r18, 0x01	; 1
     6f2:	30 40       	sbci	r19, 0x00	; 0
     6f4:	3c 87       	std	Y+12, r19	; 0x0c
     6f6:	2b 87       	std	Y+11, r18	; 0x0b
     6f8:	20 e0       	ldi	r18, 0x00	; 0
     6fa:	30 e0       	ldi	r19, 0x00	; 0
     6fc:	40 e0       	ldi	r20, 0x00	; 0
     6fe:	50 e0       	ldi	r21, 0x00	; 0
     700:	80 e0       	ldi	r24, 0x00	; 0
     702:	90 e0       	ldi	r25, 0x00	; 0
     704:	a0 e0       	ldi	r26, 0x00	; 0
     706:	b0 e4       	ldi	r27, 0x40	; 64
     708:	60 e0       	ldi	r22, 0x00	; 0
     70a:	70 e0       	ldi	r23, 0x00	; 0
     70c:	ea 14       	cp	r14, r10
     70e:	fb 04       	cpc	r15, r11
     710:	0c 05       	cpc	r16, r12
     712:	1d 05       	cpc	r17, r13
     714:	40 f0       	brcs	.+16     	; 0x726 <__divsf3+0xf4>
     716:	28 2b       	or	r18, r24
     718:	39 2b       	or	r19, r25
     71a:	4a 2b       	or	r20, r26
     71c:	5b 2b       	or	r21, r27
     71e:	ea 18       	sub	r14, r10
     720:	fb 08       	sbc	r15, r11
     722:	0c 09       	sbc	r16, r12
     724:	1d 09       	sbc	r17, r13
     726:	b6 95       	lsr	r27
     728:	a7 95       	ror	r26
     72a:	97 95       	ror	r25
     72c:	87 95       	ror	r24
     72e:	ee 0c       	add	r14, r14
     730:	ff 1c       	adc	r15, r15
     732:	00 1f       	adc	r16, r16
     734:	11 1f       	adc	r17, r17
     736:	6f 5f       	subi	r22, 0xFF	; 255
     738:	7f 4f       	sbci	r23, 0xFF	; 255
     73a:	6f 31       	cpi	r22, 0x1F	; 31
     73c:	71 05       	cpc	r23, r1
     73e:	31 f7       	brne	.-52     	; 0x70c <__divsf3+0xda>
     740:	da 01       	movw	r26, r20
     742:	c9 01       	movw	r24, r18
     744:	8f 77       	andi	r24, 0x7F	; 127
     746:	90 70       	andi	r25, 0x00	; 0
     748:	a0 70       	andi	r26, 0x00	; 0
     74a:	b0 70       	andi	r27, 0x00	; 0
     74c:	80 34       	cpi	r24, 0x40	; 64
     74e:	91 05       	cpc	r25, r1
     750:	a1 05       	cpc	r26, r1
     752:	b1 05       	cpc	r27, r1
     754:	61 f4       	brne	.+24     	; 0x76e <__divsf3+0x13c>
     756:	27 fd       	sbrc	r18, 7
     758:	0a c0       	rjmp	.+20     	; 0x76e <__divsf3+0x13c>
     75a:	e1 14       	cp	r14, r1
     75c:	f1 04       	cpc	r15, r1
     75e:	01 05       	cpc	r16, r1
     760:	11 05       	cpc	r17, r1
     762:	29 f0       	breq	.+10     	; 0x76e <__divsf3+0x13c>
     764:	20 5c       	subi	r18, 0xC0	; 192
     766:	3f 4f       	sbci	r19, 0xFF	; 255
     768:	4f 4f       	sbci	r20, 0xFF	; 255
     76a:	5f 4f       	sbci	r21, 0xFF	; 255
     76c:	20 78       	andi	r18, 0x80	; 128
     76e:	2d 87       	std	Y+13, r18	; 0x0d
     770:	3e 87       	std	Y+14, r19	; 0x0e
     772:	4f 87       	std	Y+15, r20	; 0x0f
     774:	58 8b       	std	Y+16, r21	; 0x10
     776:	be 01       	movw	r22, r28
     778:	67 5f       	subi	r22, 0xF7	; 247
     77a:	7f 4f       	sbci	r23, 0xFF	; 255
     77c:	cb 01       	movw	r24, r22
     77e:	0e 94 a1 05 	call	0xb42	; 0xb42 <__pack_f>
     782:	68 96       	adiw	r28, 0x18	; 24
     784:	ea e0       	ldi	r30, 0x0A	; 10
     786:	0c 94 bb 26 	jmp	0x4d76	; 0x4d76 <__epilogue_restores__+0x10>

0000078a <__nesf2>:
     78a:	a8 e1       	ldi	r26, 0x18	; 24
     78c:	b0 e0       	ldi	r27, 0x00	; 0
     78e:	eb ec       	ldi	r30, 0xCB	; 203
     790:	f3 e0       	ldi	r31, 0x03	; 3
     792:	0c 94 a3 26 	jmp	0x4d46	; 0x4d46 <__prologue_saves__+0x18>
     796:	69 83       	std	Y+1, r22	; 0x01
     798:	7a 83       	std	Y+2, r23	; 0x02
     79a:	8b 83       	std	Y+3, r24	; 0x03
     79c:	9c 83       	std	Y+4, r25	; 0x04
     79e:	2d 83       	std	Y+5, r18	; 0x05
     7a0:	3e 83       	std	Y+6, r19	; 0x06
     7a2:	4f 83       	std	Y+7, r20	; 0x07
     7a4:	58 87       	std	Y+8, r21	; 0x08
     7a6:	89 e0       	ldi	r24, 0x09	; 9
     7a8:	e8 2e       	mov	r14, r24
     7aa:	f1 2c       	mov	r15, r1
     7ac:	ec 0e       	add	r14, r28
     7ae:	fd 1e       	adc	r15, r29
     7b0:	ce 01       	movw	r24, r28
     7b2:	01 96       	adiw	r24, 0x01	; 1
     7b4:	b7 01       	movw	r22, r14
     7b6:	0e 94 76 06 	call	0xcec	; 0xcec <__unpack_f>
     7ba:	8e 01       	movw	r16, r28
     7bc:	0f 5e       	subi	r16, 0xEF	; 239
     7be:	1f 4f       	sbci	r17, 0xFF	; 255
     7c0:	ce 01       	movw	r24, r28
     7c2:	05 96       	adiw	r24, 0x05	; 5
     7c4:	b8 01       	movw	r22, r16
     7c6:	0e 94 76 06 	call	0xcec	; 0xcec <__unpack_f>
     7ca:	89 85       	ldd	r24, Y+9	; 0x09
     7cc:	82 30       	cpi	r24, 0x02	; 2
     7ce:	40 f0       	brcs	.+16     	; 0x7e0 <__nesf2+0x56>
     7d0:	89 89       	ldd	r24, Y+17	; 0x11
     7d2:	82 30       	cpi	r24, 0x02	; 2
     7d4:	28 f0       	brcs	.+10     	; 0x7e0 <__nesf2+0x56>
     7d6:	c7 01       	movw	r24, r14
     7d8:	b8 01       	movw	r22, r16
     7da:	0e 94 ee 06 	call	0xddc	; 0xddc <__fpcmp_parts_f>
     7de:	01 c0       	rjmp	.+2      	; 0x7e2 <__nesf2+0x58>
     7e0:	81 e0       	ldi	r24, 0x01	; 1
     7e2:	68 96       	adiw	r28, 0x18	; 24
     7e4:	e6 e0       	ldi	r30, 0x06	; 6
     7e6:	0c 94 bf 26 	jmp	0x4d7e	; 0x4d7e <__epilogue_restores__+0x18>

000007ea <__gtsf2>:
     7ea:	a8 e1       	ldi	r26, 0x18	; 24
     7ec:	b0 e0       	ldi	r27, 0x00	; 0
     7ee:	eb ef       	ldi	r30, 0xFB	; 251
     7f0:	f3 e0       	ldi	r31, 0x03	; 3
     7f2:	0c 94 a3 26 	jmp	0x4d46	; 0x4d46 <__prologue_saves__+0x18>
     7f6:	69 83       	std	Y+1, r22	; 0x01
     7f8:	7a 83       	std	Y+2, r23	; 0x02
     7fa:	8b 83       	std	Y+3, r24	; 0x03
     7fc:	9c 83       	std	Y+4, r25	; 0x04
     7fe:	2d 83       	std	Y+5, r18	; 0x05
     800:	3e 83       	std	Y+6, r19	; 0x06
     802:	4f 83       	std	Y+7, r20	; 0x07
     804:	58 87       	std	Y+8, r21	; 0x08
     806:	89 e0       	ldi	r24, 0x09	; 9
     808:	e8 2e       	mov	r14, r24
     80a:	f1 2c       	mov	r15, r1
     80c:	ec 0e       	add	r14, r28
     80e:	fd 1e       	adc	r15, r29
     810:	ce 01       	movw	r24, r28
     812:	01 96       	adiw	r24, 0x01	; 1
     814:	b7 01       	movw	r22, r14
     816:	0e 94 76 06 	call	0xcec	; 0xcec <__unpack_f>
     81a:	8e 01       	movw	r16, r28
     81c:	0f 5e       	subi	r16, 0xEF	; 239
     81e:	1f 4f       	sbci	r17, 0xFF	; 255
     820:	ce 01       	movw	r24, r28
     822:	05 96       	adiw	r24, 0x05	; 5
     824:	b8 01       	movw	r22, r16
     826:	0e 94 76 06 	call	0xcec	; 0xcec <__unpack_f>
     82a:	89 85       	ldd	r24, Y+9	; 0x09
     82c:	82 30       	cpi	r24, 0x02	; 2
     82e:	40 f0       	brcs	.+16     	; 0x840 <__gtsf2+0x56>
     830:	89 89       	ldd	r24, Y+17	; 0x11
     832:	82 30       	cpi	r24, 0x02	; 2
     834:	28 f0       	brcs	.+10     	; 0x840 <__gtsf2+0x56>
     836:	c7 01       	movw	r24, r14
     838:	b8 01       	movw	r22, r16
     83a:	0e 94 ee 06 	call	0xddc	; 0xddc <__fpcmp_parts_f>
     83e:	01 c0       	rjmp	.+2      	; 0x842 <__gtsf2+0x58>
     840:	8f ef       	ldi	r24, 0xFF	; 255
     842:	68 96       	adiw	r28, 0x18	; 24
     844:	e6 e0       	ldi	r30, 0x06	; 6
     846:	0c 94 bf 26 	jmp	0x4d7e	; 0x4d7e <__epilogue_restores__+0x18>

0000084a <__gesf2>:
     84a:	a8 e1       	ldi	r26, 0x18	; 24
     84c:	b0 e0       	ldi	r27, 0x00	; 0
     84e:	eb e2       	ldi	r30, 0x2B	; 43
     850:	f4 e0       	ldi	r31, 0x04	; 4
     852:	0c 94 a3 26 	jmp	0x4d46	; 0x4d46 <__prologue_saves__+0x18>
     856:	69 83       	std	Y+1, r22	; 0x01
     858:	7a 83       	std	Y+2, r23	; 0x02
     85a:	8b 83       	std	Y+3, r24	; 0x03
     85c:	9c 83       	std	Y+4, r25	; 0x04
     85e:	2d 83       	std	Y+5, r18	; 0x05
     860:	3e 83       	std	Y+6, r19	; 0x06
     862:	4f 83       	std	Y+7, r20	; 0x07
     864:	58 87       	std	Y+8, r21	; 0x08
     866:	89 e0       	ldi	r24, 0x09	; 9
     868:	e8 2e       	mov	r14, r24
     86a:	f1 2c       	mov	r15, r1
     86c:	ec 0e       	add	r14, r28
     86e:	fd 1e       	adc	r15, r29
     870:	ce 01       	movw	r24, r28
     872:	01 96       	adiw	r24, 0x01	; 1
     874:	b7 01       	movw	r22, r14
     876:	0e 94 76 06 	call	0xcec	; 0xcec <__unpack_f>
     87a:	8e 01       	movw	r16, r28
     87c:	0f 5e       	subi	r16, 0xEF	; 239
     87e:	1f 4f       	sbci	r17, 0xFF	; 255
     880:	ce 01       	movw	r24, r28
     882:	05 96       	adiw	r24, 0x05	; 5
     884:	b8 01       	movw	r22, r16
     886:	0e 94 76 06 	call	0xcec	; 0xcec <__unpack_f>
     88a:	89 85       	ldd	r24, Y+9	; 0x09
     88c:	82 30       	cpi	r24, 0x02	; 2
     88e:	40 f0       	brcs	.+16     	; 0x8a0 <__stack+0x41>
     890:	89 89       	ldd	r24, Y+17	; 0x11
     892:	82 30       	cpi	r24, 0x02	; 2
     894:	28 f0       	brcs	.+10     	; 0x8a0 <__stack+0x41>
     896:	c7 01       	movw	r24, r14
     898:	b8 01       	movw	r22, r16
     89a:	0e 94 ee 06 	call	0xddc	; 0xddc <__fpcmp_parts_f>
     89e:	01 c0       	rjmp	.+2      	; 0x8a2 <__stack+0x43>
     8a0:	8f ef       	ldi	r24, 0xFF	; 255
     8a2:	68 96       	adiw	r28, 0x18	; 24
     8a4:	e6 e0       	ldi	r30, 0x06	; 6
     8a6:	0c 94 bf 26 	jmp	0x4d7e	; 0x4d7e <__epilogue_restores__+0x18>

000008aa <__ltsf2>:
     8aa:	a8 e1       	ldi	r26, 0x18	; 24
     8ac:	b0 e0       	ldi	r27, 0x00	; 0
     8ae:	eb e5       	ldi	r30, 0x5B	; 91
     8b0:	f4 e0       	ldi	r31, 0x04	; 4
     8b2:	0c 94 a3 26 	jmp	0x4d46	; 0x4d46 <__prologue_saves__+0x18>
     8b6:	69 83       	std	Y+1, r22	; 0x01
     8b8:	7a 83       	std	Y+2, r23	; 0x02
     8ba:	8b 83       	std	Y+3, r24	; 0x03
     8bc:	9c 83       	std	Y+4, r25	; 0x04
     8be:	2d 83       	std	Y+5, r18	; 0x05
     8c0:	3e 83       	std	Y+6, r19	; 0x06
     8c2:	4f 83       	std	Y+7, r20	; 0x07
     8c4:	58 87       	std	Y+8, r21	; 0x08
     8c6:	89 e0       	ldi	r24, 0x09	; 9
     8c8:	e8 2e       	mov	r14, r24
     8ca:	f1 2c       	mov	r15, r1
     8cc:	ec 0e       	add	r14, r28
     8ce:	fd 1e       	adc	r15, r29
     8d0:	ce 01       	movw	r24, r28
     8d2:	01 96       	adiw	r24, 0x01	; 1
     8d4:	b7 01       	movw	r22, r14
     8d6:	0e 94 76 06 	call	0xcec	; 0xcec <__unpack_f>
     8da:	8e 01       	movw	r16, r28
     8dc:	0f 5e       	subi	r16, 0xEF	; 239
     8de:	1f 4f       	sbci	r17, 0xFF	; 255
     8e0:	ce 01       	movw	r24, r28
     8e2:	05 96       	adiw	r24, 0x05	; 5
     8e4:	b8 01       	movw	r22, r16
     8e6:	0e 94 76 06 	call	0xcec	; 0xcec <__unpack_f>
     8ea:	89 85       	ldd	r24, Y+9	; 0x09
     8ec:	82 30       	cpi	r24, 0x02	; 2
     8ee:	40 f0       	brcs	.+16     	; 0x900 <__ltsf2+0x56>
     8f0:	89 89       	ldd	r24, Y+17	; 0x11
     8f2:	82 30       	cpi	r24, 0x02	; 2
     8f4:	28 f0       	brcs	.+10     	; 0x900 <__ltsf2+0x56>
     8f6:	c7 01       	movw	r24, r14
     8f8:	b8 01       	movw	r22, r16
     8fa:	0e 94 ee 06 	call	0xddc	; 0xddc <__fpcmp_parts_f>
     8fe:	01 c0       	rjmp	.+2      	; 0x902 <__ltsf2+0x58>
     900:	81 e0       	ldi	r24, 0x01	; 1
     902:	68 96       	adiw	r28, 0x18	; 24
     904:	e6 e0       	ldi	r30, 0x06	; 6
     906:	0c 94 bf 26 	jmp	0x4d7e	; 0x4d7e <__epilogue_restores__+0x18>

0000090a <__fixsfsi>:
     90a:	ac e0       	ldi	r26, 0x0C	; 12
     90c:	b0 e0       	ldi	r27, 0x00	; 0
     90e:	eb e8       	ldi	r30, 0x8B	; 139
     910:	f4 e0       	ldi	r31, 0x04	; 4
     912:	0c 94 a7 26 	jmp	0x4d4e	; 0x4d4e <__prologue_saves__+0x20>
     916:	69 83       	std	Y+1, r22	; 0x01
     918:	7a 83       	std	Y+2, r23	; 0x02
     91a:	8b 83       	std	Y+3, r24	; 0x03
     91c:	9c 83       	std	Y+4, r25	; 0x04
     91e:	ce 01       	movw	r24, r28
     920:	01 96       	adiw	r24, 0x01	; 1
     922:	be 01       	movw	r22, r28
     924:	6b 5f       	subi	r22, 0xFB	; 251
     926:	7f 4f       	sbci	r23, 0xFF	; 255
     928:	0e 94 76 06 	call	0xcec	; 0xcec <__unpack_f>
     92c:	8d 81       	ldd	r24, Y+5	; 0x05
     92e:	82 30       	cpi	r24, 0x02	; 2
     930:	61 f1       	breq	.+88     	; 0x98a <__fixsfsi+0x80>
     932:	82 30       	cpi	r24, 0x02	; 2
     934:	50 f1       	brcs	.+84     	; 0x98a <__fixsfsi+0x80>
     936:	84 30       	cpi	r24, 0x04	; 4
     938:	21 f4       	brne	.+8      	; 0x942 <__fixsfsi+0x38>
     93a:	8e 81       	ldd	r24, Y+6	; 0x06
     93c:	88 23       	and	r24, r24
     93e:	51 f1       	breq	.+84     	; 0x994 <__fixsfsi+0x8a>
     940:	2e c0       	rjmp	.+92     	; 0x99e <__fixsfsi+0x94>
     942:	2f 81       	ldd	r18, Y+7	; 0x07
     944:	38 85       	ldd	r19, Y+8	; 0x08
     946:	37 fd       	sbrc	r19, 7
     948:	20 c0       	rjmp	.+64     	; 0x98a <__fixsfsi+0x80>
     94a:	6e 81       	ldd	r22, Y+6	; 0x06
     94c:	2f 31       	cpi	r18, 0x1F	; 31
     94e:	31 05       	cpc	r19, r1
     950:	1c f0       	brlt	.+6      	; 0x958 <__fixsfsi+0x4e>
     952:	66 23       	and	r22, r22
     954:	f9 f0       	breq	.+62     	; 0x994 <__fixsfsi+0x8a>
     956:	23 c0       	rjmp	.+70     	; 0x99e <__fixsfsi+0x94>
     958:	8e e1       	ldi	r24, 0x1E	; 30
     95a:	90 e0       	ldi	r25, 0x00	; 0
     95c:	82 1b       	sub	r24, r18
     95e:	93 0b       	sbc	r25, r19
     960:	29 85       	ldd	r18, Y+9	; 0x09
     962:	3a 85       	ldd	r19, Y+10	; 0x0a
     964:	4b 85       	ldd	r20, Y+11	; 0x0b
     966:	5c 85       	ldd	r21, Y+12	; 0x0c
     968:	04 c0       	rjmp	.+8      	; 0x972 <__fixsfsi+0x68>
     96a:	56 95       	lsr	r21
     96c:	47 95       	ror	r20
     96e:	37 95       	ror	r19
     970:	27 95       	ror	r18
     972:	8a 95       	dec	r24
     974:	d2 f7       	brpl	.-12     	; 0x96a <__fixsfsi+0x60>
     976:	66 23       	and	r22, r22
     978:	b1 f0       	breq	.+44     	; 0x9a6 <__fixsfsi+0x9c>
     97a:	50 95       	com	r21
     97c:	40 95       	com	r20
     97e:	30 95       	com	r19
     980:	21 95       	neg	r18
     982:	3f 4f       	sbci	r19, 0xFF	; 255
     984:	4f 4f       	sbci	r20, 0xFF	; 255
     986:	5f 4f       	sbci	r21, 0xFF	; 255
     988:	0e c0       	rjmp	.+28     	; 0x9a6 <__fixsfsi+0x9c>
     98a:	20 e0       	ldi	r18, 0x00	; 0
     98c:	30 e0       	ldi	r19, 0x00	; 0
     98e:	40 e0       	ldi	r20, 0x00	; 0
     990:	50 e0       	ldi	r21, 0x00	; 0
     992:	09 c0       	rjmp	.+18     	; 0x9a6 <__fixsfsi+0x9c>
     994:	2f ef       	ldi	r18, 0xFF	; 255
     996:	3f ef       	ldi	r19, 0xFF	; 255
     998:	4f ef       	ldi	r20, 0xFF	; 255
     99a:	5f e7       	ldi	r21, 0x7F	; 127
     99c:	04 c0       	rjmp	.+8      	; 0x9a6 <__fixsfsi+0x9c>
     99e:	20 e0       	ldi	r18, 0x00	; 0
     9a0:	30 e0       	ldi	r19, 0x00	; 0
     9a2:	40 e0       	ldi	r20, 0x00	; 0
     9a4:	50 e8       	ldi	r21, 0x80	; 128
     9a6:	b9 01       	movw	r22, r18
     9a8:	ca 01       	movw	r24, r20
     9aa:	2c 96       	adiw	r28, 0x0c	; 12
     9ac:	e2 e0       	ldi	r30, 0x02	; 2
     9ae:	0c 94 c3 26 	jmp	0x4d86	; 0x4d86 <__epilogue_restores__+0x20>

000009b2 <__floatunsisf>:
     9b2:	a8 e0       	ldi	r26, 0x08	; 8
     9b4:	b0 e0       	ldi	r27, 0x00	; 0
     9b6:	ef ed       	ldi	r30, 0xDF	; 223
     9b8:	f4 e0       	ldi	r31, 0x04	; 4
     9ba:	0c 94 9f 26 	jmp	0x4d3e	; 0x4d3e <__prologue_saves__+0x10>
     9be:	7b 01       	movw	r14, r22
     9c0:	8c 01       	movw	r16, r24
     9c2:	61 15       	cp	r22, r1
     9c4:	71 05       	cpc	r23, r1
     9c6:	81 05       	cpc	r24, r1
     9c8:	91 05       	cpc	r25, r1
     9ca:	19 f4       	brne	.+6      	; 0x9d2 <__floatunsisf+0x20>
     9cc:	82 e0       	ldi	r24, 0x02	; 2
     9ce:	89 83       	std	Y+1, r24	; 0x01
     9d0:	60 c0       	rjmp	.+192    	; 0xa92 <__floatunsisf+0xe0>
     9d2:	83 e0       	ldi	r24, 0x03	; 3
     9d4:	89 83       	std	Y+1, r24	; 0x01
     9d6:	8e e1       	ldi	r24, 0x1E	; 30
     9d8:	c8 2e       	mov	r12, r24
     9da:	d1 2c       	mov	r13, r1
     9dc:	dc 82       	std	Y+4, r13	; 0x04
     9de:	cb 82       	std	Y+3, r12	; 0x03
     9e0:	ed 82       	std	Y+5, r14	; 0x05
     9e2:	fe 82       	std	Y+6, r15	; 0x06
     9e4:	0f 83       	std	Y+7, r16	; 0x07
     9e6:	18 87       	std	Y+8, r17	; 0x08
     9e8:	c8 01       	movw	r24, r16
     9ea:	b7 01       	movw	r22, r14
     9ec:	0e 94 52 05 	call	0xaa4	; 0xaa4 <__clzsi2>
     9f0:	fc 01       	movw	r30, r24
     9f2:	31 97       	sbiw	r30, 0x01	; 1
     9f4:	f7 ff       	sbrs	r31, 7
     9f6:	3b c0       	rjmp	.+118    	; 0xa6e <__floatunsisf+0xbc>
     9f8:	22 27       	eor	r18, r18
     9fa:	33 27       	eor	r19, r19
     9fc:	2e 1b       	sub	r18, r30
     9fe:	3f 0b       	sbc	r19, r31
     a00:	57 01       	movw	r10, r14
     a02:	68 01       	movw	r12, r16
     a04:	02 2e       	mov	r0, r18
     a06:	04 c0       	rjmp	.+8      	; 0xa10 <__floatunsisf+0x5e>
     a08:	d6 94       	lsr	r13
     a0a:	c7 94       	ror	r12
     a0c:	b7 94       	ror	r11
     a0e:	a7 94       	ror	r10
     a10:	0a 94       	dec	r0
     a12:	d2 f7       	brpl	.-12     	; 0xa08 <__floatunsisf+0x56>
     a14:	40 e0       	ldi	r20, 0x00	; 0
     a16:	50 e0       	ldi	r21, 0x00	; 0
     a18:	60 e0       	ldi	r22, 0x00	; 0
     a1a:	70 e0       	ldi	r23, 0x00	; 0
     a1c:	81 e0       	ldi	r24, 0x01	; 1
     a1e:	90 e0       	ldi	r25, 0x00	; 0
     a20:	a0 e0       	ldi	r26, 0x00	; 0
     a22:	b0 e0       	ldi	r27, 0x00	; 0
     a24:	04 c0       	rjmp	.+8      	; 0xa2e <__floatunsisf+0x7c>
     a26:	88 0f       	add	r24, r24
     a28:	99 1f       	adc	r25, r25
     a2a:	aa 1f       	adc	r26, r26
     a2c:	bb 1f       	adc	r27, r27
     a2e:	2a 95       	dec	r18
     a30:	d2 f7       	brpl	.-12     	; 0xa26 <__floatunsisf+0x74>
     a32:	01 97       	sbiw	r24, 0x01	; 1
     a34:	a1 09       	sbc	r26, r1
     a36:	b1 09       	sbc	r27, r1
     a38:	8e 21       	and	r24, r14
     a3a:	9f 21       	and	r25, r15
     a3c:	a0 23       	and	r26, r16
     a3e:	b1 23       	and	r27, r17
     a40:	00 97       	sbiw	r24, 0x00	; 0
     a42:	a1 05       	cpc	r26, r1
     a44:	b1 05       	cpc	r27, r1
     a46:	21 f0       	breq	.+8      	; 0xa50 <__floatunsisf+0x9e>
     a48:	41 e0       	ldi	r20, 0x01	; 1
     a4a:	50 e0       	ldi	r21, 0x00	; 0
     a4c:	60 e0       	ldi	r22, 0x00	; 0
     a4e:	70 e0       	ldi	r23, 0x00	; 0
     a50:	4a 29       	or	r20, r10
     a52:	5b 29       	or	r21, r11
     a54:	6c 29       	or	r22, r12
     a56:	7d 29       	or	r23, r13
     a58:	4d 83       	std	Y+5, r20	; 0x05
     a5a:	5e 83       	std	Y+6, r21	; 0x06
     a5c:	6f 83       	std	Y+7, r22	; 0x07
     a5e:	78 87       	std	Y+8, r23	; 0x08
     a60:	8e e1       	ldi	r24, 0x1E	; 30
     a62:	90 e0       	ldi	r25, 0x00	; 0
     a64:	8e 1b       	sub	r24, r30
     a66:	9f 0b       	sbc	r25, r31
     a68:	9c 83       	std	Y+4, r25	; 0x04
     a6a:	8b 83       	std	Y+3, r24	; 0x03
     a6c:	12 c0       	rjmp	.+36     	; 0xa92 <__floatunsisf+0xe0>
     a6e:	30 97       	sbiw	r30, 0x00	; 0
     a70:	81 f0       	breq	.+32     	; 0xa92 <__floatunsisf+0xe0>
     a72:	0e 2e       	mov	r0, r30
     a74:	04 c0       	rjmp	.+8      	; 0xa7e <__floatunsisf+0xcc>
     a76:	ee 0c       	add	r14, r14
     a78:	ff 1c       	adc	r15, r15
     a7a:	00 1f       	adc	r16, r16
     a7c:	11 1f       	adc	r17, r17
     a7e:	0a 94       	dec	r0
     a80:	d2 f7       	brpl	.-12     	; 0xa76 <__floatunsisf+0xc4>
     a82:	ed 82       	std	Y+5, r14	; 0x05
     a84:	fe 82       	std	Y+6, r15	; 0x06
     a86:	0f 83       	std	Y+7, r16	; 0x07
     a88:	18 87       	std	Y+8, r17	; 0x08
     a8a:	ce 1a       	sub	r12, r30
     a8c:	df 0a       	sbc	r13, r31
     a8e:	dc 82       	std	Y+4, r13	; 0x04
     a90:	cb 82       	std	Y+3, r12	; 0x03
     a92:	1a 82       	std	Y+2, r1	; 0x02
     a94:	ce 01       	movw	r24, r28
     a96:	01 96       	adiw	r24, 0x01	; 1
     a98:	0e 94 a1 05 	call	0xb42	; 0xb42 <__pack_f>
     a9c:	28 96       	adiw	r28, 0x08	; 8
     a9e:	ea e0       	ldi	r30, 0x0A	; 10
     aa0:	0c 94 bb 26 	jmp	0x4d76	; 0x4d76 <__epilogue_restores__+0x10>

00000aa4 <__clzsi2>:
     aa4:	ef 92       	push	r14
     aa6:	ff 92       	push	r15
     aa8:	0f 93       	push	r16
     aaa:	1f 93       	push	r17
     aac:	7b 01       	movw	r14, r22
     aae:	8c 01       	movw	r16, r24
     ab0:	80 e0       	ldi	r24, 0x00	; 0
     ab2:	e8 16       	cp	r14, r24
     ab4:	80 e0       	ldi	r24, 0x00	; 0
     ab6:	f8 06       	cpc	r15, r24
     ab8:	81 e0       	ldi	r24, 0x01	; 1
     aba:	08 07       	cpc	r16, r24
     abc:	80 e0       	ldi	r24, 0x00	; 0
     abe:	18 07       	cpc	r17, r24
     ac0:	88 f4       	brcc	.+34     	; 0xae4 <__clzsi2+0x40>
     ac2:	8f ef       	ldi	r24, 0xFF	; 255
     ac4:	e8 16       	cp	r14, r24
     ac6:	f1 04       	cpc	r15, r1
     ac8:	01 05       	cpc	r16, r1
     aca:	11 05       	cpc	r17, r1
     acc:	31 f0       	breq	.+12     	; 0xada <__clzsi2+0x36>
     ace:	28 f0       	brcs	.+10     	; 0xada <__clzsi2+0x36>
     ad0:	88 e0       	ldi	r24, 0x08	; 8
     ad2:	90 e0       	ldi	r25, 0x00	; 0
     ad4:	a0 e0       	ldi	r26, 0x00	; 0
     ad6:	b0 e0       	ldi	r27, 0x00	; 0
     ad8:	17 c0       	rjmp	.+46     	; 0xb08 <__clzsi2+0x64>
     ada:	80 e0       	ldi	r24, 0x00	; 0
     adc:	90 e0       	ldi	r25, 0x00	; 0
     ade:	a0 e0       	ldi	r26, 0x00	; 0
     ae0:	b0 e0       	ldi	r27, 0x00	; 0
     ae2:	12 c0       	rjmp	.+36     	; 0xb08 <__clzsi2+0x64>
     ae4:	80 e0       	ldi	r24, 0x00	; 0
     ae6:	e8 16       	cp	r14, r24
     ae8:	80 e0       	ldi	r24, 0x00	; 0
     aea:	f8 06       	cpc	r15, r24
     aec:	80 e0       	ldi	r24, 0x00	; 0
     aee:	08 07       	cpc	r16, r24
     af0:	81 e0       	ldi	r24, 0x01	; 1
     af2:	18 07       	cpc	r17, r24
     af4:	28 f0       	brcs	.+10     	; 0xb00 <__clzsi2+0x5c>
     af6:	88 e1       	ldi	r24, 0x18	; 24
     af8:	90 e0       	ldi	r25, 0x00	; 0
     afa:	a0 e0       	ldi	r26, 0x00	; 0
     afc:	b0 e0       	ldi	r27, 0x00	; 0
     afe:	04 c0       	rjmp	.+8      	; 0xb08 <__clzsi2+0x64>
     b00:	80 e1       	ldi	r24, 0x10	; 16
     b02:	90 e0       	ldi	r25, 0x00	; 0
     b04:	a0 e0       	ldi	r26, 0x00	; 0
     b06:	b0 e0       	ldi	r27, 0x00	; 0
     b08:	20 e2       	ldi	r18, 0x20	; 32
     b0a:	30 e0       	ldi	r19, 0x00	; 0
     b0c:	40 e0       	ldi	r20, 0x00	; 0
     b0e:	50 e0       	ldi	r21, 0x00	; 0
     b10:	28 1b       	sub	r18, r24
     b12:	39 0b       	sbc	r19, r25
     b14:	4a 0b       	sbc	r20, r26
     b16:	5b 0b       	sbc	r21, r27
     b18:	04 c0       	rjmp	.+8      	; 0xb22 <__clzsi2+0x7e>
     b1a:	16 95       	lsr	r17
     b1c:	07 95       	ror	r16
     b1e:	f7 94       	ror	r15
     b20:	e7 94       	ror	r14
     b22:	8a 95       	dec	r24
     b24:	d2 f7       	brpl	.-12     	; 0xb1a <__clzsi2+0x76>
     b26:	f7 01       	movw	r30, r14
     b28:	e8 59       	subi	r30, 0x98	; 152
     b2a:	ff 4f       	sbci	r31, 0xFF	; 255
     b2c:	80 81       	ld	r24, Z
     b2e:	28 1b       	sub	r18, r24
     b30:	31 09       	sbc	r19, r1
     b32:	41 09       	sbc	r20, r1
     b34:	51 09       	sbc	r21, r1
     b36:	c9 01       	movw	r24, r18
     b38:	1f 91       	pop	r17
     b3a:	0f 91       	pop	r16
     b3c:	ff 90       	pop	r15
     b3e:	ef 90       	pop	r14
     b40:	08 95       	ret

00000b42 <__pack_f>:
     b42:	df 92       	push	r13
     b44:	ef 92       	push	r14
     b46:	ff 92       	push	r15
     b48:	0f 93       	push	r16
     b4a:	1f 93       	push	r17
     b4c:	fc 01       	movw	r30, r24
     b4e:	e4 80       	ldd	r14, Z+4	; 0x04
     b50:	f5 80       	ldd	r15, Z+5	; 0x05
     b52:	06 81       	ldd	r16, Z+6	; 0x06
     b54:	17 81       	ldd	r17, Z+7	; 0x07
     b56:	d1 80       	ldd	r13, Z+1	; 0x01
     b58:	80 81       	ld	r24, Z
     b5a:	82 30       	cpi	r24, 0x02	; 2
     b5c:	48 f4       	brcc	.+18     	; 0xb70 <__pack_f+0x2e>
     b5e:	80 e0       	ldi	r24, 0x00	; 0
     b60:	90 e0       	ldi	r25, 0x00	; 0
     b62:	a0 e1       	ldi	r26, 0x10	; 16
     b64:	b0 e0       	ldi	r27, 0x00	; 0
     b66:	e8 2a       	or	r14, r24
     b68:	f9 2a       	or	r15, r25
     b6a:	0a 2b       	or	r16, r26
     b6c:	1b 2b       	or	r17, r27
     b6e:	a5 c0       	rjmp	.+330    	; 0xcba <__pack_f+0x178>
     b70:	84 30       	cpi	r24, 0x04	; 4
     b72:	09 f4       	brne	.+2      	; 0xb76 <__pack_f+0x34>
     b74:	9f c0       	rjmp	.+318    	; 0xcb4 <__pack_f+0x172>
     b76:	82 30       	cpi	r24, 0x02	; 2
     b78:	21 f4       	brne	.+8      	; 0xb82 <__pack_f+0x40>
     b7a:	ee 24       	eor	r14, r14
     b7c:	ff 24       	eor	r15, r15
     b7e:	87 01       	movw	r16, r14
     b80:	05 c0       	rjmp	.+10     	; 0xb8c <__pack_f+0x4a>
     b82:	e1 14       	cp	r14, r1
     b84:	f1 04       	cpc	r15, r1
     b86:	01 05       	cpc	r16, r1
     b88:	11 05       	cpc	r17, r1
     b8a:	19 f4       	brne	.+6      	; 0xb92 <__pack_f+0x50>
     b8c:	e0 e0       	ldi	r30, 0x00	; 0
     b8e:	f0 e0       	ldi	r31, 0x00	; 0
     b90:	96 c0       	rjmp	.+300    	; 0xcbe <__pack_f+0x17c>
     b92:	62 81       	ldd	r22, Z+2	; 0x02
     b94:	73 81       	ldd	r23, Z+3	; 0x03
     b96:	9f ef       	ldi	r25, 0xFF	; 255
     b98:	62 38       	cpi	r22, 0x82	; 130
     b9a:	79 07       	cpc	r23, r25
     b9c:	0c f0       	brlt	.+2      	; 0xba0 <__pack_f+0x5e>
     b9e:	5b c0       	rjmp	.+182    	; 0xc56 <__pack_f+0x114>
     ba0:	22 e8       	ldi	r18, 0x82	; 130
     ba2:	3f ef       	ldi	r19, 0xFF	; 255
     ba4:	26 1b       	sub	r18, r22
     ba6:	37 0b       	sbc	r19, r23
     ba8:	2a 31       	cpi	r18, 0x1A	; 26
     baa:	31 05       	cpc	r19, r1
     bac:	2c f0       	brlt	.+10     	; 0xbb8 <__pack_f+0x76>
     bae:	20 e0       	ldi	r18, 0x00	; 0
     bb0:	30 e0       	ldi	r19, 0x00	; 0
     bb2:	40 e0       	ldi	r20, 0x00	; 0
     bb4:	50 e0       	ldi	r21, 0x00	; 0
     bb6:	2a c0       	rjmp	.+84     	; 0xc0c <__pack_f+0xca>
     bb8:	b8 01       	movw	r22, r16
     bba:	a7 01       	movw	r20, r14
     bbc:	02 2e       	mov	r0, r18
     bbe:	04 c0       	rjmp	.+8      	; 0xbc8 <__pack_f+0x86>
     bc0:	76 95       	lsr	r23
     bc2:	67 95       	ror	r22
     bc4:	57 95       	ror	r21
     bc6:	47 95       	ror	r20
     bc8:	0a 94       	dec	r0
     bca:	d2 f7       	brpl	.-12     	; 0xbc0 <__pack_f+0x7e>
     bcc:	81 e0       	ldi	r24, 0x01	; 1
     bce:	90 e0       	ldi	r25, 0x00	; 0
     bd0:	a0 e0       	ldi	r26, 0x00	; 0
     bd2:	b0 e0       	ldi	r27, 0x00	; 0
     bd4:	04 c0       	rjmp	.+8      	; 0xbde <__pack_f+0x9c>
     bd6:	88 0f       	add	r24, r24
     bd8:	99 1f       	adc	r25, r25
     bda:	aa 1f       	adc	r26, r26
     bdc:	bb 1f       	adc	r27, r27
     bde:	2a 95       	dec	r18
     be0:	d2 f7       	brpl	.-12     	; 0xbd6 <__pack_f+0x94>
     be2:	01 97       	sbiw	r24, 0x01	; 1
     be4:	a1 09       	sbc	r26, r1
     be6:	b1 09       	sbc	r27, r1
     be8:	8e 21       	and	r24, r14
     bea:	9f 21       	and	r25, r15
     bec:	a0 23       	and	r26, r16
     bee:	b1 23       	and	r27, r17
     bf0:	00 97       	sbiw	r24, 0x00	; 0
     bf2:	a1 05       	cpc	r26, r1
     bf4:	b1 05       	cpc	r27, r1
     bf6:	21 f0       	breq	.+8      	; 0xc00 <__pack_f+0xbe>
     bf8:	81 e0       	ldi	r24, 0x01	; 1
     bfa:	90 e0       	ldi	r25, 0x00	; 0
     bfc:	a0 e0       	ldi	r26, 0x00	; 0
     bfe:	b0 e0       	ldi	r27, 0x00	; 0
     c00:	9a 01       	movw	r18, r20
     c02:	ab 01       	movw	r20, r22
     c04:	28 2b       	or	r18, r24
     c06:	39 2b       	or	r19, r25
     c08:	4a 2b       	or	r20, r26
     c0a:	5b 2b       	or	r21, r27
     c0c:	da 01       	movw	r26, r20
     c0e:	c9 01       	movw	r24, r18
     c10:	8f 77       	andi	r24, 0x7F	; 127
     c12:	90 70       	andi	r25, 0x00	; 0
     c14:	a0 70       	andi	r26, 0x00	; 0
     c16:	b0 70       	andi	r27, 0x00	; 0
     c18:	80 34       	cpi	r24, 0x40	; 64
     c1a:	91 05       	cpc	r25, r1
     c1c:	a1 05       	cpc	r26, r1
     c1e:	b1 05       	cpc	r27, r1
     c20:	39 f4       	brne	.+14     	; 0xc30 <__pack_f+0xee>
     c22:	27 ff       	sbrs	r18, 7
     c24:	09 c0       	rjmp	.+18     	; 0xc38 <__pack_f+0xf6>
     c26:	20 5c       	subi	r18, 0xC0	; 192
     c28:	3f 4f       	sbci	r19, 0xFF	; 255
     c2a:	4f 4f       	sbci	r20, 0xFF	; 255
     c2c:	5f 4f       	sbci	r21, 0xFF	; 255
     c2e:	04 c0       	rjmp	.+8      	; 0xc38 <__pack_f+0xf6>
     c30:	21 5c       	subi	r18, 0xC1	; 193
     c32:	3f 4f       	sbci	r19, 0xFF	; 255
     c34:	4f 4f       	sbci	r20, 0xFF	; 255
     c36:	5f 4f       	sbci	r21, 0xFF	; 255
     c38:	e0 e0       	ldi	r30, 0x00	; 0
     c3a:	f0 e0       	ldi	r31, 0x00	; 0
     c3c:	20 30       	cpi	r18, 0x00	; 0
     c3e:	a0 e0       	ldi	r26, 0x00	; 0
     c40:	3a 07       	cpc	r19, r26
     c42:	a0 e0       	ldi	r26, 0x00	; 0
     c44:	4a 07       	cpc	r20, r26
     c46:	a0 e4       	ldi	r26, 0x40	; 64
     c48:	5a 07       	cpc	r21, r26
     c4a:	10 f0       	brcs	.+4      	; 0xc50 <__pack_f+0x10e>
     c4c:	e1 e0       	ldi	r30, 0x01	; 1
     c4e:	f0 e0       	ldi	r31, 0x00	; 0
     c50:	79 01       	movw	r14, r18
     c52:	8a 01       	movw	r16, r20
     c54:	27 c0       	rjmp	.+78     	; 0xca4 <__pack_f+0x162>
     c56:	60 38       	cpi	r22, 0x80	; 128
     c58:	71 05       	cpc	r23, r1
     c5a:	64 f5       	brge	.+88     	; 0xcb4 <__pack_f+0x172>
     c5c:	fb 01       	movw	r30, r22
     c5e:	e1 58       	subi	r30, 0x81	; 129
     c60:	ff 4f       	sbci	r31, 0xFF	; 255
     c62:	d8 01       	movw	r26, r16
     c64:	c7 01       	movw	r24, r14
     c66:	8f 77       	andi	r24, 0x7F	; 127
     c68:	90 70       	andi	r25, 0x00	; 0
     c6a:	a0 70       	andi	r26, 0x00	; 0
     c6c:	b0 70       	andi	r27, 0x00	; 0
     c6e:	80 34       	cpi	r24, 0x40	; 64
     c70:	91 05       	cpc	r25, r1
     c72:	a1 05       	cpc	r26, r1
     c74:	b1 05       	cpc	r27, r1
     c76:	39 f4       	brne	.+14     	; 0xc86 <__pack_f+0x144>
     c78:	e7 fe       	sbrs	r14, 7
     c7a:	0d c0       	rjmp	.+26     	; 0xc96 <__pack_f+0x154>
     c7c:	80 e4       	ldi	r24, 0x40	; 64
     c7e:	90 e0       	ldi	r25, 0x00	; 0
     c80:	a0 e0       	ldi	r26, 0x00	; 0
     c82:	b0 e0       	ldi	r27, 0x00	; 0
     c84:	04 c0       	rjmp	.+8      	; 0xc8e <__pack_f+0x14c>
     c86:	8f e3       	ldi	r24, 0x3F	; 63
     c88:	90 e0       	ldi	r25, 0x00	; 0
     c8a:	a0 e0       	ldi	r26, 0x00	; 0
     c8c:	b0 e0       	ldi	r27, 0x00	; 0
     c8e:	e8 0e       	add	r14, r24
     c90:	f9 1e       	adc	r15, r25
     c92:	0a 1f       	adc	r16, r26
     c94:	1b 1f       	adc	r17, r27
     c96:	17 ff       	sbrs	r17, 7
     c98:	05 c0       	rjmp	.+10     	; 0xca4 <__pack_f+0x162>
     c9a:	16 95       	lsr	r17
     c9c:	07 95       	ror	r16
     c9e:	f7 94       	ror	r15
     ca0:	e7 94       	ror	r14
     ca2:	31 96       	adiw	r30, 0x01	; 1
     ca4:	87 e0       	ldi	r24, 0x07	; 7
     ca6:	16 95       	lsr	r17
     ca8:	07 95       	ror	r16
     caa:	f7 94       	ror	r15
     cac:	e7 94       	ror	r14
     cae:	8a 95       	dec	r24
     cb0:	d1 f7       	brne	.-12     	; 0xca6 <__pack_f+0x164>
     cb2:	05 c0       	rjmp	.+10     	; 0xcbe <__pack_f+0x17c>
     cb4:	ee 24       	eor	r14, r14
     cb6:	ff 24       	eor	r15, r15
     cb8:	87 01       	movw	r16, r14
     cba:	ef ef       	ldi	r30, 0xFF	; 255
     cbc:	f0 e0       	ldi	r31, 0x00	; 0
     cbe:	6e 2f       	mov	r22, r30
     cc0:	67 95       	ror	r22
     cc2:	66 27       	eor	r22, r22
     cc4:	67 95       	ror	r22
     cc6:	90 2f       	mov	r25, r16
     cc8:	9f 77       	andi	r25, 0x7F	; 127
     cca:	d7 94       	ror	r13
     ccc:	dd 24       	eor	r13, r13
     cce:	d7 94       	ror	r13
     cd0:	8e 2f       	mov	r24, r30
     cd2:	86 95       	lsr	r24
     cd4:	49 2f       	mov	r20, r25
     cd6:	46 2b       	or	r20, r22
     cd8:	58 2f       	mov	r21, r24
     cda:	5d 29       	or	r21, r13
     cdc:	b7 01       	movw	r22, r14
     cde:	ca 01       	movw	r24, r20
     ce0:	1f 91       	pop	r17
     ce2:	0f 91       	pop	r16
     ce4:	ff 90       	pop	r15
     ce6:	ef 90       	pop	r14
     ce8:	df 90       	pop	r13
     cea:	08 95       	ret

00000cec <__unpack_f>:
     cec:	fc 01       	movw	r30, r24
     cee:	db 01       	movw	r26, r22
     cf0:	40 81       	ld	r20, Z
     cf2:	51 81       	ldd	r21, Z+1	; 0x01
     cf4:	22 81       	ldd	r18, Z+2	; 0x02
     cf6:	62 2f       	mov	r22, r18
     cf8:	6f 77       	andi	r22, 0x7F	; 127
     cfa:	70 e0       	ldi	r23, 0x00	; 0
     cfc:	22 1f       	adc	r18, r18
     cfe:	22 27       	eor	r18, r18
     d00:	22 1f       	adc	r18, r18
     d02:	93 81       	ldd	r25, Z+3	; 0x03
     d04:	89 2f       	mov	r24, r25
     d06:	88 0f       	add	r24, r24
     d08:	82 2b       	or	r24, r18
     d0a:	28 2f       	mov	r18, r24
     d0c:	30 e0       	ldi	r19, 0x00	; 0
     d0e:	99 1f       	adc	r25, r25
     d10:	99 27       	eor	r25, r25
     d12:	99 1f       	adc	r25, r25
     d14:	11 96       	adiw	r26, 0x01	; 1
     d16:	9c 93       	st	X, r25
     d18:	11 97       	sbiw	r26, 0x01	; 1
     d1a:	21 15       	cp	r18, r1
     d1c:	31 05       	cpc	r19, r1
     d1e:	a9 f5       	brne	.+106    	; 0xd8a <__unpack_f+0x9e>
     d20:	41 15       	cp	r20, r1
     d22:	51 05       	cpc	r21, r1
     d24:	61 05       	cpc	r22, r1
     d26:	71 05       	cpc	r23, r1
     d28:	11 f4       	brne	.+4      	; 0xd2e <__unpack_f+0x42>
     d2a:	82 e0       	ldi	r24, 0x02	; 2
     d2c:	37 c0       	rjmp	.+110    	; 0xd9c <__unpack_f+0xb0>
     d2e:	82 e8       	ldi	r24, 0x82	; 130
     d30:	9f ef       	ldi	r25, 0xFF	; 255
     d32:	13 96       	adiw	r26, 0x03	; 3
     d34:	9c 93       	st	X, r25
     d36:	8e 93       	st	-X, r24
     d38:	12 97       	sbiw	r26, 0x02	; 2
     d3a:	9a 01       	movw	r18, r20
     d3c:	ab 01       	movw	r20, r22
     d3e:	67 e0       	ldi	r22, 0x07	; 7
     d40:	22 0f       	add	r18, r18
     d42:	33 1f       	adc	r19, r19
     d44:	44 1f       	adc	r20, r20
     d46:	55 1f       	adc	r21, r21
     d48:	6a 95       	dec	r22
     d4a:	d1 f7       	brne	.-12     	; 0xd40 <__unpack_f+0x54>
     d4c:	83 e0       	ldi	r24, 0x03	; 3
     d4e:	8c 93       	st	X, r24
     d50:	0d c0       	rjmp	.+26     	; 0xd6c <__unpack_f+0x80>
     d52:	22 0f       	add	r18, r18
     d54:	33 1f       	adc	r19, r19
     d56:	44 1f       	adc	r20, r20
     d58:	55 1f       	adc	r21, r21
     d5a:	12 96       	adiw	r26, 0x02	; 2
     d5c:	8d 91       	ld	r24, X+
     d5e:	9c 91       	ld	r25, X
     d60:	13 97       	sbiw	r26, 0x03	; 3
     d62:	01 97       	sbiw	r24, 0x01	; 1
     d64:	13 96       	adiw	r26, 0x03	; 3
     d66:	9c 93       	st	X, r25
     d68:	8e 93       	st	-X, r24
     d6a:	12 97       	sbiw	r26, 0x02	; 2
     d6c:	20 30       	cpi	r18, 0x00	; 0
     d6e:	80 e0       	ldi	r24, 0x00	; 0
     d70:	38 07       	cpc	r19, r24
     d72:	80 e0       	ldi	r24, 0x00	; 0
     d74:	48 07       	cpc	r20, r24
     d76:	80 e4       	ldi	r24, 0x40	; 64
     d78:	58 07       	cpc	r21, r24
     d7a:	58 f3       	brcs	.-42     	; 0xd52 <__unpack_f+0x66>
     d7c:	14 96       	adiw	r26, 0x04	; 4
     d7e:	2d 93       	st	X+, r18
     d80:	3d 93       	st	X+, r19
     d82:	4d 93       	st	X+, r20
     d84:	5c 93       	st	X, r21
     d86:	17 97       	sbiw	r26, 0x07	; 7
     d88:	08 95       	ret
     d8a:	2f 3f       	cpi	r18, 0xFF	; 255
     d8c:	31 05       	cpc	r19, r1
     d8e:	79 f4       	brne	.+30     	; 0xdae <__unpack_f+0xc2>
     d90:	41 15       	cp	r20, r1
     d92:	51 05       	cpc	r21, r1
     d94:	61 05       	cpc	r22, r1
     d96:	71 05       	cpc	r23, r1
     d98:	19 f4       	brne	.+6      	; 0xda0 <__unpack_f+0xb4>
     d9a:	84 e0       	ldi	r24, 0x04	; 4
     d9c:	8c 93       	st	X, r24
     d9e:	08 95       	ret
     da0:	64 ff       	sbrs	r22, 4
     da2:	03 c0       	rjmp	.+6      	; 0xdaa <__unpack_f+0xbe>
     da4:	81 e0       	ldi	r24, 0x01	; 1
     da6:	8c 93       	st	X, r24
     da8:	12 c0       	rjmp	.+36     	; 0xdce <__unpack_f+0xe2>
     daa:	1c 92       	st	X, r1
     dac:	10 c0       	rjmp	.+32     	; 0xdce <__unpack_f+0xe2>
     dae:	2f 57       	subi	r18, 0x7F	; 127
     db0:	30 40       	sbci	r19, 0x00	; 0
     db2:	13 96       	adiw	r26, 0x03	; 3
     db4:	3c 93       	st	X, r19
     db6:	2e 93       	st	-X, r18
     db8:	12 97       	sbiw	r26, 0x02	; 2
     dba:	83 e0       	ldi	r24, 0x03	; 3
     dbc:	8c 93       	st	X, r24
     dbe:	87 e0       	ldi	r24, 0x07	; 7
     dc0:	44 0f       	add	r20, r20
     dc2:	55 1f       	adc	r21, r21
     dc4:	66 1f       	adc	r22, r22
     dc6:	77 1f       	adc	r23, r23
     dc8:	8a 95       	dec	r24
     dca:	d1 f7       	brne	.-12     	; 0xdc0 <__unpack_f+0xd4>
     dcc:	70 64       	ori	r23, 0x40	; 64
     dce:	14 96       	adiw	r26, 0x04	; 4
     dd0:	4d 93       	st	X+, r20
     dd2:	5d 93       	st	X+, r21
     dd4:	6d 93       	st	X+, r22
     dd6:	7c 93       	st	X, r23
     dd8:	17 97       	sbiw	r26, 0x07	; 7
     dda:	08 95       	ret

00000ddc <__fpcmp_parts_f>:
     ddc:	1f 93       	push	r17
     dde:	dc 01       	movw	r26, r24
     de0:	fb 01       	movw	r30, r22
     de2:	9c 91       	ld	r25, X
     de4:	92 30       	cpi	r25, 0x02	; 2
     de6:	08 f4       	brcc	.+2      	; 0xdea <__fpcmp_parts_f+0xe>
     de8:	47 c0       	rjmp	.+142    	; 0xe78 <__fpcmp_parts_f+0x9c>
     dea:	80 81       	ld	r24, Z
     dec:	82 30       	cpi	r24, 0x02	; 2
     dee:	08 f4       	brcc	.+2      	; 0xdf2 <__fpcmp_parts_f+0x16>
     df0:	43 c0       	rjmp	.+134    	; 0xe78 <__fpcmp_parts_f+0x9c>
     df2:	94 30       	cpi	r25, 0x04	; 4
     df4:	51 f4       	brne	.+20     	; 0xe0a <__fpcmp_parts_f+0x2e>
     df6:	11 96       	adiw	r26, 0x01	; 1
     df8:	1c 91       	ld	r17, X
     dfa:	84 30       	cpi	r24, 0x04	; 4
     dfc:	99 f5       	brne	.+102    	; 0xe64 <__fpcmp_parts_f+0x88>
     dfe:	81 81       	ldd	r24, Z+1	; 0x01
     e00:	68 2f       	mov	r22, r24
     e02:	70 e0       	ldi	r23, 0x00	; 0
     e04:	61 1b       	sub	r22, r17
     e06:	71 09       	sbc	r23, r1
     e08:	3f c0       	rjmp	.+126    	; 0xe88 <__fpcmp_parts_f+0xac>
     e0a:	84 30       	cpi	r24, 0x04	; 4
     e0c:	21 f0       	breq	.+8      	; 0xe16 <__fpcmp_parts_f+0x3a>
     e0e:	92 30       	cpi	r25, 0x02	; 2
     e10:	31 f4       	brne	.+12     	; 0xe1e <__fpcmp_parts_f+0x42>
     e12:	82 30       	cpi	r24, 0x02	; 2
     e14:	b9 f1       	breq	.+110    	; 0xe84 <__fpcmp_parts_f+0xa8>
     e16:	81 81       	ldd	r24, Z+1	; 0x01
     e18:	88 23       	and	r24, r24
     e1a:	89 f1       	breq	.+98     	; 0xe7e <__fpcmp_parts_f+0xa2>
     e1c:	2d c0       	rjmp	.+90     	; 0xe78 <__fpcmp_parts_f+0x9c>
     e1e:	11 96       	adiw	r26, 0x01	; 1
     e20:	1c 91       	ld	r17, X
     e22:	11 97       	sbiw	r26, 0x01	; 1
     e24:	82 30       	cpi	r24, 0x02	; 2
     e26:	f1 f0       	breq	.+60     	; 0xe64 <__fpcmp_parts_f+0x88>
     e28:	81 81       	ldd	r24, Z+1	; 0x01
     e2a:	18 17       	cp	r17, r24
     e2c:	d9 f4       	brne	.+54     	; 0xe64 <__fpcmp_parts_f+0x88>
     e2e:	12 96       	adiw	r26, 0x02	; 2
     e30:	2d 91       	ld	r18, X+
     e32:	3c 91       	ld	r19, X
     e34:	13 97       	sbiw	r26, 0x03	; 3
     e36:	82 81       	ldd	r24, Z+2	; 0x02
     e38:	93 81       	ldd	r25, Z+3	; 0x03
     e3a:	82 17       	cp	r24, r18
     e3c:	93 07       	cpc	r25, r19
     e3e:	94 f0       	brlt	.+36     	; 0xe64 <__fpcmp_parts_f+0x88>
     e40:	28 17       	cp	r18, r24
     e42:	39 07       	cpc	r19, r25
     e44:	bc f0       	brlt	.+46     	; 0xe74 <__fpcmp_parts_f+0x98>
     e46:	14 96       	adiw	r26, 0x04	; 4
     e48:	8d 91       	ld	r24, X+
     e4a:	9d 91       	ld	r25, X+
     e4c:	0d 90       	ld	r0, X+
     e4e:	bc 91       	ld	r27, X
     e50:	a0 2d       	mov	r26, r0
     e52:	24 81       	ldd	r18, Z+4	; 0x04
     e54:	35 81       	ldd	r19, Z+5	; 0x05
     e56:	46 81       	ldd	r20, Z+6	; 0x06
     e58:	57 81       	ldd	r21, Z+7	; 0x07
     e5a:	28 17       	cp	r18, r24
     e5c:	39 07       	cpc	r19, r25
     e5e:	4a 07       	cpc	r20, r26
     e60:	5b 07       	cpc	r21, r27
     e62:	18 f4       	brcc	.+6      	; 0xe6a <__fpcmp_parts_f+0x8e>
     e64:	11 23       	and	r17, r17
     e66:	41 f0       	breq	.+16     	; 0xe78 <__fpcmp_parts_f+0x9c>
     e68:	0a c0       	rjmp	.+20     	; 0xe7e <__fpcmp_parts_f+0xa2>
     e6a:	82 17       	cp	r24, r18
     e6c:	93 07       	cpc	r25, r19
     e6e:	a4 07       	cpc	r26, r20
     e70:	b5 07       	cpc	r27, r21
     e72:	40 f4       	brcc	.+16     	; 0xe84 <__fpcmp_parts_f+0xa8>
     e74:	11 23       	and	r17, r17
     e76:	19 f0       	breq	.+6      	; 0xe7e <__fpcmp_parts_f+0xa2>
     e78:	61 e0       	ldi	r22, 0x01	; 1
     e7a:	70 e0       	ldi	r23, 0x00	; 0
     e7c:	05 c0       	rjmp	.+10     	; 0xe88 <__fpcmp_parts_f+0xac>
     e7e:	6f ef       	ldi	r22, 0xFF	; 255
     e80:	7f ef       	ldi	r23, 0xFF	; 255
     e82:	02 c0       	rjmp	.+4      	; 0xe88 <__fpcmp_parts_f+0xac>
     e84:	60 e0       	ldi	r22, 0x00	; 0
     e86:	70 e0       	ldi	r23, 0x00	; 0
     e88:	cb 01       	movw	r24, r22
     e8a:	1f 91       	pop	r17
     e8c:	08 95       	ret

00000e8e <USART_enuInit>:
#include "USART_priv.h"
#include "USART_config.h"


ES_t USART_enuInit()//u16 Copy_u16baud
{
     e8e:	df 93       	push	r29
     e90:	cf 93       	push	r28
     e92:	00 d0       	rcall	.+0      	; 0xe94 <USART_enuInit+0x6>
     e94:	00 d0       	rcall	.+0      	; 0xe96 <USART_enuInit+0x8>
     e96:	cd b7       	in	r28, 0x3d	; 61
     e98:	de b7       	in	r29, 0x3e	; 62
	ES_t Local_enuErrorState=ES_NOK;
     e9a:	1c 82       	std	Y+4, r1	; 0x04

#if SPEED_MODE==NORMAL_SPEED
	UCSRA &=~(1<<UCSRA_U2X);
	Local_enuErrorState=ES_OK;
#elif SPEED_MODE==DOUBLE_SPEED
	UCSRA |=(1<<UCSRA_U2X);
     e9c:	ab e2       	ldi	r26, 0x2B	; 43
     e9e:	b0 e0       	ldi	r27, 0x00	; 0
     ea0:	eb e2       	ldi	r30, 0x2B	; 43
     ea2:	f0 e0       	ldi	r31, 0x00	; 0
     ea4:	80 81       	ld	r24, Z
     ea6:	82 60       	ori	r24, 0x02	; 2
     ea8:	8c 93       	st	X, r24
	Local_enuErrorState=ES_OK;
     eaa:	81 e0       	ldi	r24, 0x01	; 1
     eac:	8c 83       	std	Y+4, r24	; 0x04

#error "SPEED mode selection is wrong"
#endif

#if USART_MODE==TRANSCIEVER
	UCSRB |=(3<<UCSRB_TXEN);
     eae:	aa e2       	ldi	r26, 0x2A	; 42
     eb0:	b0 e0       	ldi	r27, 0x00	; 0
     eb2:	ea e2       	ldi	r30, 0x2A	; 42
     eb4:	f0 e0       	ldi	r31, 0x00	; 0
     eb6:	80 81       	ld	r24, Z
     eb8:	88 61       	ori	r24, 0x18	; 24
     eba:	8c 93       	st	X, r24
	Local_enuErrorState=ES_OK;
     ebc:	81 e0       	ldi	r24, 0x01	; 1
     ebe:	8c 83       	std	Y+4, r24	; 0x04

#error "UART mode selection is wrong"
#endif


	u8 Local_u8UCSRC=0;
     ec0:	1b 82       	std	Y+3, r1	; 0x03
	Local_u8UCSRC |=(3<<UCSRC_UCSZ0);
	UCSRB |=(1<<UCSRB_UCSZ2);
	Local_enuErrorState=ES_OK;

#elif DATA_LEN==EIGHT_BIT
	Local_u8UCSRC |=(3<<UCSRC_UCSZ0);
     ec2:	8b 81       	ldd	r24, Y+3	; 0x03
     ec4:	86 60       	ori	r24, 0x06	; 6
     ec6:	8b 83       	std	Y+3, r24	; 0x03
	UCSRB &=~(1<<UCSRB_UCSZ2);
     ec8:	aa e2       	ldi	r26, 0x2A	; 42
     eca:	b0 e0       	ldi	r27, 0x00	; 0
     ecc:	ea e2       	ldi	r30, 0x2A	; 42
     ece:	f0 e0       	ldi	r31, 0x00	; 0
     ed0:	80 81       	ld	r24, Z
     ed2:	8b 7f       	andi	r24, 0xFB	; 251
     ed4:	8c 93       	st	X, r24
	Local_enuErrorState=ES_OK;
     ed6:	81 e0       	ldi	r24, 0x01	; 1
     ed8:	8c 83       	std	Y+4, r24	; 0x04
#error "UART DATA Length  selection is wrong"
#endif


#if PARITY_STATE==NO_PARITY
	Local_u8UCSRC &=~(3<<UCSRC_UPM0);
     eda:	8b 81       	ldd	r24, Y+3	; 0x03
     edc:	8f 7c       	andi	r24, 0xCF	; 207
     ede:	8b 83       	std	Y+3, r24	; 0x03
	Local_enuErrorState=ES_OK;
     ee0:	81 e0       	ldi	r24, 0x01	; 1
     ee2:	8c 83       	std	Y+4, r24	; 0x04
#error "UART PARITY State  selection is wrong"
#endif


#if STOP_STATE==ONE_STOP_BIT
	Local_u8UCSRC &=~(1<<UCSRC_USBS);
     ee4:	8b 81       	ldd	r24, Y+3	; 0x03
     ee6:	87 7f       	andi	r24, 0xF7	; 247
     ee8:	8b 83       	std	Y+3, r24	; 0x03
	Local_enuErrorState=ES_OK;
     eea:	81 e0       	ldi	r24, 0x01	; 1
     eec:	8c 83       	std	Y+4, r24	; 0x04
#error "UART STOP State  selection is wrong"
#endif


#if CLOCK_MODE==ASYNCH
	Local_u8UCSRC &=~(1<<UCSRC_UMSEL);
     eee:	8b 81       	ldd	r24, Y+3	; 0x03
     ef0:	8f 7b       	andi	r24, 0xBF	; 191
     ef2:	8b 83       	std	Y+3, r24	; 0x03
	Local_enuErrorState=ES_OK;
     ef4:	81 e0       	ldi	r24, 0x01	; 1
     ef6:	8c 83       	std	Y+4, r24	; 0x04

#error "UART CLOCK MODE  selection is wrong"
#endif


	Local_u8UCSRC |=(1<<UCSRC_URSEL);
     ef8:	8b 81       	ldd	r24, Y+3	; 0x03
     efa:	80 68       	ori	r24, 0x80	; 128
     efc:	8b 83       	std	Y+3, r24	; 0x03
	UCSRC = Local_u8UCSRC;
     efe:	e0 e4       	ldi	r30, 0x40	; 64
     f00:	f0 e0       	ldi	r31, 0x00	; 0
     f02:	8b 81       	ldd	r24, Y+3	; 0x03
     f04:	80 83       	st	Z, r24

	u16 Local_u16UBRR = BUAD(BAUDRATE);
     f06:	8c e0       	ldi	r24, 0x0C	; 12
     f08:	90 e0       	ldi	r25, 0x00	; 0
     f0a:	9a 83       	std	Y+2, r25	; 0x02
     f0c:	89 83       	std	Y+1, r24	; 0x01

	Local_u16UBRR &=~(1<<15); //URSEL=0 to select UBRRH
     f0e:	89 81       	ldd	r24, Y+1	; 0x01
     f10:	9a 81       	ldd	r25, Y+2	; 0x02
     f12:	9f 77       	andi	r25, 0x7F	; 127
     f14:	9a 83       	std	Y+2, r25	; 0x02
     f16:	89 83       	std	Y+1, r24	; 0x01

	UBRRL =(u8)Local_u16UBRR; // I think there are error here
     f18:	e9 e2       	ldi	r30, 0x29	; 41
     f1a:	f0 e0       	ldi	r31, 0x00	; 0
     f1c:	89 81       	ldd	r24, Y+1	; 0x01
     f1e:	80 83       	st	Z, r24
	UBRRH =(Local_u16UBRR>>8);
     f20:	e0 e4       	ldi	r30, 0x40	; 64
     f22:	f0 e0       	ldi	r31, 0x00	; 0
     f24:	89 81       	ldd	r24, Y+1	; 0x01
     f26:	9a 81       	ldd	r25, Y+2	; 0x02
     f28:	89 2f       	mov	r24, r25
     f2a:	99 27       	eor	r25, r25
     f2c:	80 83       	st	Z, r24
	Local_enuErrorState=ES_OK;
     f2e:	81 e0       	ldi	r24, 0x01	; 1
     f30:	8c 83       	std	Y+4, r24	; 0x04


	return Local_enuErrorState;
     f32:	8c 81       	ldd	r24, Y+4	; 0x04
}
     f34:	0f 90       	pop	r0
     f36:	0f 90       	pop	r0
     f38:	0f 90       	pop	r0
     f3a:	0f 90       	pop	r0
     f3c:	cf 91       	pop	r28
     f3e:	df 91       	pop	r29
     f40:	08 95       	ret

00000f42 <USART_enuSendChar>:


ES_t USART_enuSendChar(u8 Copy_u8data)
{
     f42:	df 93       	push	r29
     f44:	cf 93       	push	r28
     f46:	00 d0       	rcall	.+0      	; 0xf48 <USART_enuSendChar+0x6>
     f48:	cd b7       	in	r28, 0x3d	; 61
     f4a:	de b7       	in	r29, 0x3e	; 62
     f4c:	8a 83       	std	Y+2, r24	; 0x02
	ES_t Local_enuErrorState=ES_NOK;
     f4e:	19 82       	std	Y+1, r1	; 0x01

	/* Wait for empty transmit buffer */
	while ( !( UCSRA & (1<<UCSRA_UDRE)));
     f50:	eb e2       	ldi	r30, 0x2B	; 43
     f52:	f0 e0       	ldi	r31, 0x00	; 0
     f54:	80 81       	ld	r24, Z
     f56:	88 2f       	mov	r24, r24
     f58:	90 e0       	ldi	r25, 0x00	; 0
     f5a:	80 72       	andi	r24, 0x20	; 32
     f5c:	90 70       	andi	r25, 0x00	; 0
     f5e:	00 97       	sbiw	r24, 0x00	; 0
     f60:	b9 f3       	breq	.-18     	; 0xf50 <USART_enuSendChar+0xe>

	UDR = Copy_u8data;
     f62:	ec e2       	ldi	r30, 0x2C	; 44
     f64:	f0 e0       	ldi	r31, 0x00	; 0
     f66:	8a 81       	ldd	r24, Y+2	; 0x02
     f68:	80 83       	st	Z, r24

	Local_enuErrorState=ES_OK;
     f6a:	81 e0       	ldi	r24, 0x01	; 1
     f6c:	89 83       	std	Y+1, r24	; 0x01

	return Local_enuErrorState;
     f6e:	89 81       	ldd	r24, Y+1	; 0x01
}
     f70:	0f 90       	pop	r0
     f72:	0f 90       	pop	r0
     f74:	cf 91       	pop	r28
     f76:	df 91       	pop	r29
     f78:	08 95       	ret

00000f7a <USART_enuRecieveChar>:

ES_t USART_enuRecieveChar(u8 *Copy_pu8data)
{
     f7a:	df 93       	push	r29
     f7c:	cf 93       	push	r28
     f7e:	00 d0       	rcall	.+0      	; 0xf80 <USART_enuRecieveChar+0x6>
     f80:	0f 92       	push	r0
     f82:	cd b7       	in	r28, 0x3d	; 61
     f84:	de b7       	in	r29, 0x3e	; 62
     f86:	9b 83       	std	Y+3, r25	; 0x03
     f88:	8a 83       	std	Y+2, r24	; 0x02
	ES_t Local_enuErrorState=ES_NOK;
     f8a:	19 82       	std	Y+1, r1	; 0x01


	if (Copy_pu8data!=NULL)
     f8c:	8a 81       	ldd	r24, Y+2	; 0x02
     f8e:	9b 81       	ldd	r25, Y+3	; 0x03
     f90:	00 97       	sbiw	r24, 0x00	; 0
     f92:	71 f0       	breq	.+28     	; 0xfb0 <USART_enuRecieveChar+0x36>
	{
		/* Wait for data to be received */
		while ( !(UCSRA & (1<<UCSRA_RXC)) );
     f94:	eb e2       	ldi	r30, 0x2B	; 43
     f96:	f0 e0       	ldi	r31, 0x00	; 0
     f98:	80 81       	ld	r24, Z
     f9a:	88 23       	and	r24, r24
     f9c:	dc f7       	brge	.-10     	; 0xf94 <USART_enuRecieveChar+0x1a>

		*Copy_pu8data = UDR;
     f9e:	ec e2       	ldi	r30, 0x2C	; 44
     fa0:	f0 e0       	ldi	r31, 0x00	; 0
     fa2:	80 81       	ld	r24, Z
     fa4:	ea 81       	ldd	r30, Y+2	; 0x02
     fa6:	fb 81       	ldd	r31, Y+3	; 0x03
     fa8:	80 83       	st	Z, r24

		Local_enuErrorState=ES_OK;
     faa:	81 e0       	ldi	r24, 0x01	; 1
     fac:	89 83       	std	Y+1, r24	; 0x01
     fae:	02 c0       	rjmp	.+4      	; 0xfb4 <USART_enuRecieveChar+0x3a>
	}
	else
	{
		Local_enuErrorState=ES_NULL_POINTER;
     fb0:	82 e0       	ldi	r24, 0x02	; 2
     fb2:	89 83       	std	Y+1, r24	; 0x01
	}

	return Local_enuErrorState;
     fb4:	89 81       	ldd	r24, Y+1	; 0x01
}
     fb6:	0f 90       	pop	r0
     fb8:	0f 90       	pop	r0
     fba:	0f 90       	pop	r0
     fbc:	cf 91       	pop	r28
     fbe:	df 91       	pop	r29
     fc0:	08 95       	ret

00000fc2 <USART_enuSendString>:

ES_t USART_enuSendString(const char *Copy_pcData)
{
     fc2:	df 93       	push	r29
     fc4:	cf 93       	push	r28
     fc6:	00 d0       	rcall	.+0      	; 0xfc8 <USART_enuSendString+0x6>
     fc8:	0f 92       	push	r0
     fca:	cd b7       	in	r28, 0x3d	; 61
     fcc:	de b7       	in	r29, 0x3e	; 62
     fce:	9b 83       	std	Y+3, r25	; 0x03
     fd0:	8a 83       	std	Y+2, r24	; 0x02
	ES_t Local_enuErrorState=ES_NOK;
     fd2:	19 82       	std	Y+1, r1	; 0x01
     fd4:	14 c0       	rjmp	.+40     	; 0xffe <USART_enuSendString+0x3c>

	while(*Copy_pcData != '\0')
	{
		/* Wait for empty transmit buffer */
		while ( !( UCSRA & (1<<UCSRA_UDRE)));
     fd6:	eb e2       	ldi	r30, 0x2B	; 43
     fd8:	f0 e0       	ldi	r31, 0x00	; 0
     fda:	80 81       	ld	r24, Z
     fdc:	88 2f       	mov	r24, r24
     fde:	90 e0       	ldi	r25, 0x00	; 0
     fe0:	80 72       	andi	r24, 0x20	; 32
     fe2:	90 70       	andi	r25, 0x00	; 0
     fe4:	00 97       	sbiw	r24, 0x00	; 0
     fe6:	b9 f3       	breq	.-18     	; 0xfd6 <USART_enuSendString+0x14>

		UDR = *Copy_pcData;
     fe8:	ac e2       	ldi	r26, 0x2C	; 44
     fea:	b0 e0       	ldi	r27, 0x00	; 0
     fec:	ea 81       	ldd	r30, Y+2	; 0x02
     fee:	fb 81       	ldd	r31, Y+3	; 0x03
     ff0:	80 81       	ld	r24, Z
     ff2:	8c 93       	st	X, r24
		Copy_pcData++;
     ff4:	8a 81       	ldd	r24, Y+2	; 0x02
     ff6:	9b 81       	ldd	r25, Y+3	; 0x03
     ff8:	01 96       	adiw	r24, 0x01	; 1
     ffa:	9b 83       	std	Y+3, r25	; 0x03
     ffc:	8a 83       	std	Y+2, r24	; 0x02

ES_t USART_enuSendString(const char *Copy_pcData)
{
	ES_t Local_enuErrorState=ES_NOK;

	while(*Copy_pcData != '\0')
     ffe:	ea 81       	ldd	r30, Y+2	; 0x02
    1000:	fb 81       	ldd	r31, Y+3	; 0x03
    1002:	80 81       	ld	r24, Z
    1004:	88 23       	and	r24, r24
    1006:	39 f7       	brne	.-50     	; 0xfd6 <USART_enuSendString+0x14>

		UDR = *Copy_pcData;
		Copy_pcData++;
	}

	Local_enuErrorState=ES_OK;
    1008:	81 e0       	ldi	r24, 0x01	; 1
    100a:	89 83       	std	Y+1, r24	; 0x01

	return Local_enuErrorState;
    100c:	89 81       	ldd	r24, Y+1	; 0x01
}
    100e:	0f 90       	pop	r0
    1010:	0f 90       	pop	r0
    1012:	0f 90       	pop	r0
    1014:	cf 91       	pop	r28
    1016:	df 91       	pop	r29
    1018:	08 95       	ret

0000101a <USART_enuRecieveString>:

/* Enter  >> \r=13  , \n */

ES_t USART_enuRecieveString(char *Copy_pcData)
{
    101a:	df 93       	push	r29
    101c:	cf 93       	push	r28
    101e:	00 d0       	rcall	.+0      	; 0x1020 <USART_enuRecieveString+0x6>
    1020:	00 d0       	rcall	.+0      	; 0x1022 <USART_enuRecieveString+0x8>
    1022:	00 d0       	rcall	.+0      	; 0x1024 <USART_enuRecieveString+0xa>
    1024:	cd b7       	in	r28, 0x3d	; 61
    1026:	de b7       	in	r29, 0x3e	; 62
    1028:	9e 83       	std	Y+6, r25	; 0x06
    102a:	8d 83       	std	Y+5, r24	; 0x05
	ES_t Local_enuErrorState=ES_NOK;
    102c:	1c 82       	std	Y+4, r1	; 0x04

	u8 Local_u8Data=0,Local_u8Index=0;
    102e:	1b 82       	std	Y+3, r1	; 0x03
    1030:	1a 82       	std	Y+2, r1	; 0x02


	// Receive using first char user send

	/* Wait for data to be received */
	while ( !(UCSRA & (1<<UCSRA_RXC)) );
    1032:	eb e2       	ldi	r30, 0x2B	; 43
    1034:	f0 e0       	ldi	r31, 0x00	; 0
    1036:	80 81       	ld	r24, Z
    1038:	88 23       	and	r24, r24
    103a:	dc f7       	brge	.-10     	; 0x1032 <USART_enuRecieveString+0x18>

	u8 Local_u8Exit=UDR;
    103c:	ec e2       	ldi	r30, 0x2C	; 44
    103e:	f0 e0       	ldi	r31, 0x00	; 0
    1040:	80 81       	ld	r24, Z
    1042:	89 83       	std	Y+1, r24	; 0x01

	while(1)
	{
		/* Wait for data to be received */
		while ( !(UCSRA & (1<<UCSRA_RXC)) );
    1044:	eb e2       	ldi	r30, 0x2B	; 43
    1046:	f0 e0       	ldi	r31, 0x00	; 0
    1048:	80 81       	ld	r24, Z
    104a:	88 23       	and	r24, r24
    104c:	dc f7       	brge	.-10     	; 0x1044 <USART_enuRecieveString+0x2a>

		Local_u8Data = UDR;
    104e:	ec e2       	ldi	r30, 0x2C	; 44
    1050:	f0 e0       	ldi	r31, 0x00	; 0
    1052:	80 81       	ld	r24, Z
    1054:	8b 83       	std	Y+3, r24	; 0x03

		if(Local_u8Data ==Local_u8Exit)
    1056:	9b 81       	ldd	r25, Y+3	; 0x03
    1058:	89 81       	ldd	r24, Y+1	; 0x01
    105a:	98 17       	cp	r25, r24
    105c:	a9 f4       	brne	.+42     	; 0x1088 <USART_enuRecieveString+0x6e>
		{
			Copy_pcData[Local_u8Index]='\0';
    105e:	8a 81       	ldd	r24, Y+2	; 0x02
    1060:	28 2f       	mov	r18, r24
    1062:	30 e0       	ldi	r19, 0x00	; 0
    1064:	8d 81       	ldd	r24, Y+5	; 0x05
    1066:	9e 81       	ldd	r25, Y+6	; 0x06
    1068:	fc 01       	movw	r30, r24
    106a:	e2 0f       	add	r30, r18
    106c:	f3 1f       	adc	r31, r19
    106e:	10 82       	st	Z, r1
			Copy_pcData[Local_u8Index]=Local_u8Data;
			Local_u8Index++;
		}
	}

	Local_enuErrorState=ES_OK;
    1070:	81 e0       	ldi	r24, 0x01	; 1
    1072:	8c 83       	std	Y+4, r24	; 0x04

	return Local_enuErrorState;
    1074:	8c 81       	ldd	r24, Y+4	; 0x04
}
    1076:	26 96       	adiw	r28, 0x06	; 6
    1078:	0f b6       	in	r0, 0x3f	; 63
    107a:	f8 94       	cli
    107c:	de bf       	out	0x3e, r29	; 62
    107e:	0f be       	out	0x3f, r0	; 63
    1080:	cd bf       	out	0x3d, r28	; 61
    1082:	cf 91       	pop	r28
    1084:	df 91       	pop	r29
    1086:	08 95       	ret
			Copy_pcData[Local_u8Index]='\0';
			break;
		}
		else
		{
			Copy_pcData[Local_u8Index]=Local_u8Data;
    1088:	8a 81       	ldd	r24, Y+2	; 0x02
    108a:	28 2f       	mov	r18, r24
    108c:	30 e0       	ldi	r19, 0x00	; 0
    108e:	8d 81       	ldd	r24, Y+5	; 0x05
    1090:	9e 81       	ldd	r25, Y+6	; 0x06
    1092:	fc 01       	movw	r30, r24
    1094:	e2 0f       	add	r30, r18
    1096:	f3 1f       	adc	r31, r19
    1098:	8b 81       	ldd	r24, Y+3	; 0x03
    109a:	80 83       	st	Z, r24
			Local_u8Index++;
    109c:	8a 81       	ldd	r24, Y+2	; 0x02
    109e:	8f 5f       	subi	r24, 0xFF	; 255
    10a0:	8a 83       	std	Y+2, r24	; 0x02
    10a2:	d0 cf       	rjmp	.-96     	; 0x1044 <USART_enuRecieveString+0x2a>

000010a4 <USART_enuTransmit>:
	return Local_enuErrorState;
}


ES_t USART_enuTransmit(u16 Copy_u16data)
{
    10a4:	df 93       	push	r29
    10a6:	cf 93       	push	r28
    10a8:	00 d0       	rcall	.+0      	; 0x10aa <USART_enuTransmit+0x6>
    10aa:	0f 92       	push	r0
    10ac:	cd b7       	in	r28, 0x3d	; 61
    10ae:	de b7       	in	r29, 0x3e	; 62
    10b0:	9b 83       	std	Y+3, r25	; 0x03
    10b2:	8a 83       	std	Y+2, r24	; 0x02
	ES_t Local_enuErrorState=ES_NOK;
    10b4:	19 82       	std	Y+1, r1	; 0x01
	/* Put data into buffer, sends the data *
	UDR = Copy_data;
*/

	/* Wait for empty transmit buffer */
	while ( !( UCSRA & (1<<UCSRA_UDRE)));
    10b6:	eb e2       	ldi	r30, 0x2B	; 43
    10b8:	f0 e0       	ldi	r31, 0x00	; 0
    10ba:	80 81       	ld	r24, Z
    10bc:	88 2f       	mov	r24, r24
    10be:	90 e0       	ldi	r25, 0x00	; 0
    10c0:	80 72       	andi	r24, 0x20	; 32
    10c2:	90 70       	andi	r25, 0x00	; 0
    10c4:	00 97       	sbiw	r24, 0x00	; 0
    10c6:	b9 f3       	breq	.-18     	; 0x10b6 <USART_enuTransmit+0x12>

	/* Copy 9th bit to TXB8 */
	UCSRB &= ~(1<<UCSRB_TXB8);
    10c8:	aa e2       	ldi	r26, 0x2A	; 42
    10ca:	b0 e0       	ldi	r27, 0x00	; 0
    10cc:	ea e2       	ldi	r30, 0x2A	; 42
    10ce:	f0 e0       	ldi	r31, 0x00	; 0
    10d0:	80 81       	ld	r24, Z
    10d2:	8e 7f       	andi	r24, 0xFE	; 254
    10d4:	8c 93       	st	X, r24
	if ( Copy_u16data & 0x0100 )
    10d6:	8a 81       	ldd	r24, Y+2	; 0x02
    10d8:	9b 81       	ldd	r25, Y+3	; 0x03
    10da:	80 70       	andi	r24, 0x00	; 0
    10dc:	91 70       	andi	r25, 0x01	; 1
    10de:	00 97       	sbiw	r24, 0x00	; 0
    10e0:	39 f0       	breq	.+14     	; 0x10f0 <USART_enuTransmit+0x4c>
	{
		UCSRB |= (1<<UCSRB_TXB8);
    10e2:	aa e2       	ldi	r26, 0x2A	; 42
    10e4:	b0 e0       	ldi	r27, 0x00	; 0
    10e6:	ea e2       	ldi	r30, 0x2A	; 42
    10e8:	f0 e0       	ldi	r31, 0x00	; 0
    10ea:	80 81       	ld	r24, Z
    10ec:	81 60       	ori	r24, 0x01	; 1
    10ee:	8c 93       	st	X, r24
	}
	/* Put data into buffer, sends the data */
	UDR = Copy_u16data;
    10f0:	ec e2       	ldi	r30, 0x2C	; 44
    10f2:	f0 e0       	ldi	r31, 0x00	; 0
    10f4:	8a 81       	ldd	r24, Y+2	; 0x02
    10f6:	80 83       	st	Z, r24

	Local_enuErrorState=ES_OK;
    10f8:	81 e0       	ldi	r24, 0x01	; 1
    10fa:	89 83       	std	Y+1, r24	; 0x01

	return Local_enuErrorState;
    10fc:	89 81       	ldd	r24, Y+1	; 0x01
}
    10fe:	0f 90       	pop	r0
    1100:	0f 90       	pop	r0
    1102:	0f 90       	pop	r0
    1104:	cf 91       	pop	r28
    1106:	df 91       	pop	r29
    1108:	08 95       	ret

0000110a <USART_enuRecieve>:

ES_t USART_enuRecieve(u16 *Copy_pu16data)
{
    110a:	df 93       	push	r29
    110c:	cf 93       	push	r28
    110e:	00 d0       	rcall	.+0      	; 0x1110 <USART_enuRecieve+0x6>
    1110:	0f 92       	push	r0
    1112:	cd b7       	in	r28, 0x3d	; 61
    1114:	de b7       	in	r29, 0x3e	; 62
    1116:	9b 83       	std	Y+3, r25	; 0x03
    1118:	8a 83       	std	Y+2, r24	; 0x02
	ES_t Local_enuErrorState=ES_NOK;
    111a:	19 82       	std	Y+1, r1	; 0x01

	/* Wait for data to be received */
	while ( !(UCSRA & (1<<UCSRA_RXC)) );
    111c:	eb e2       	ldi	r30, 0x2B	; 43
    111e:	f0 e0       	ldi	r31, 0x00	; 0
    1120:	80 81       	ld	r24, Z
    1122:	88 23       	and	r24, r24
    1124:	dc f7       	brge	.-10     	; 0x111c <USART_enuRecieve+0x12>
	/*  9th bit, then data */

	*Copy_pu16data = (UCSRB &(1<<UCSRB_RXB8));
    1126:	ea e2       	ldi	r30, 0x2A	; 42
    1128:	f0 e0       	ldi	r31, 0x00	; 0
    112a:	80 81       	ld	r24, Z
    112c:	88 2f       	mov	r24, r24
    112e:	90 e0       	ldi	r25, 0x00	; 0
    1130:	82 70       	andi	r24, 0x02	; 2
    1132:	90 70       	andi	r25, 0x00	; 0
    1134:	ea 81       	ldd	r30, Y+2	; 0x02
    1136:	fb 81       	ldd	r31, Y+3	; 0x03
    1138:	91 83       	std	Z+1, r25	; 0x01
    113a:	80 83       	st	Z, r24
	*Copy_pu16data= (*Copy_pu16data<<8) |UDR ;
    113c:	ea 81       	ldd	r30, Y+2	; 0x02
    113e:	fb 81       	ldd	r31, Y+3	; 0x03
    1140:	80 81       	ld	r24, Z
    1142:	91 81       	ldd	r25, Z+1	; 0x01
    1144:	38 2f       	mov	r19, r24
    1146:	22 27       	eor	r18, r18
    1148:	ec e2       	ldi	r30, 0x2C	; 44
    114a:	f0 e0       	ldi	r31, 0x00	; 0
    114c:	80 81       	ld	r24, Z
    114e:	88 2f       	mov	r24, r24
    1150:	90 e0       	ldi	r25, 0x00	; 0
    1152:	82 2b       	or	r24, r18
    1154:	93 2b       	or	r25, r19
    1156:	ea 81       	ldd	r30, Y+2	; 0x02
    1158:	fb 81       	ldd	r31, Y+3	; 0x03
    115a:	91 83       	std	Z+1, r25	; 0x01
    115c:	80 83       	st	Z, r24
	//*Copy_data= UDR;


	Local_enuErrorState=ES_OK;
    115e:	81 e0       	ldi	r24, 0x01	; 1
    1160:	89 83       	std	Y+1, r24	; 0x01

	return Local_enuErrorState;
    1162:	89 81       	ldd	r24, Y+1	; 0x01
}
    1164:	0f 90       	pop	r0
    1166:	0f 90       	pop	r0
    1168:	0f 90       	pop	r0
    116a:	cf 91       	pop	r28
    116c:	df 91       	pop	r29
    116e:	08 95       	ret

00001170 <USART_enuEnableTransmitter>:

ES_t USART_enuEnableTransmitter(void)
{
    1170:	df 93       	push	r29
    1172:	cf 93       	push	r28
    1174:	0f 92       	push	r0
    1176:	cd b7       	in	r28, 0x3d	; 61
    1178:	de b7       	in	r29, 0x3e	; 62
	ES_t Local_enuErrorState=ES_NOK;
    117a:	19 82       	std	Y+1, r1	; 0x01

	UCSRB |=(1<<UCSRB_TXEN);
    117c:	aa e2       	ldi	r26, 0x2A	; 42
    117e:	b0 e0       	ldi	r27, 0x00	; 0
    1180:	ea e2       	ldi	r30, 0x2A	; 42
    1182:	f0 e0       	ldi	r31, 0x00	; 0
    1184:	80 81       	ld	r24, Z
    1186:	88 60       	ori	r24, 0x08	; 8
    1188:	8c 93       	st	X, r24
	Local_enuErrorState=ES_OK;
    118a:	81 e0       	ldi	r24, 0x01	; 1
    118c:	89 83       	std	Y+1, r24	; 0x01

	return Local_enuErrorState;
    118e:	89 81       	ldd	r24, Y+1	; 0x01
}
    1190:	0f 90       	pop	r0
    1192:	cf 91       	pop	r28
    1194:	df 91       	pop	r29
    1196:	08 95       	ret

00001198 <USART_enuEnableReceiver>:



ES_t USART_enuEnableReceiver(void)
{
    1198:	df 93       	push	r29
    119a:	cf 93       	push	r28
    119c:	0f 92       	push	r0
    119e:	cd b7       	in	r28, 0x3d	; 61
    11a0:	de b7       	in	r29, 0x3e	; 62
	ES_t Local_enuErrorState=ES_NOK;
    11a2:	19 82       	std	Y+1, r1	; 0x01

	UCSRB |=(1<<UCSRB_RXEN);
    11a4:	aa e2       	ldi	r26, 0x2A	; 42
    11a6:	b0 e0       	ldi	r27, 0x00	; 0
    11a8:	ea e2       	ldi	r30, 0x2A	; 42
    11aa:	f0 e0       	ldi	r31, 0x00	; 0
    11ac:	80 81       	ld	r24, Z
    11ae:	80 61       	ori	r24, 0x10	; 16
    11b0:	8c 93       	st	X, r24
	Local_enuErrorState=ES_OK;
    11b2:	81 e0       	ldi	r24, 0x01	; 1
    11b4:	89 83       	std	Y+1, r24	; 0x01

	return Local_enuErrorState;
    11b6:	89 81       	ldd	r24, Y+1	; 0x01
}
    11b8:	0f 90       	pop	r0
    11ba:	cf 91       	pop	r28
    11bc:	df 91       	pop	r29
    11be:	08 95       	ret

000011c0 <WDT_enuSleep>:
#include "WDT_config.h"
#include "WDT_priv.h"


ES_t WDT_enuSleep(u8 Copy_u8SleepTime)
{
    11c0:	df 93       	push	r29
    11c2:	cf 93       	push	r28
    11c4:	00 d0       	rcall	.+0      	; 0x11c6 <WDT_enuSleep+0x6>
    11c6:	cd b7       	in	r28, 0x3d	; 61
    11c8:	de b7       	in	r29, 0x3e	; 62
    11ca:	8a 83       	std	Y+2, r24	; 0x02
	ES_t Local_enuErrorState=ES_NOK;
    11cc:	19 82       	std	Y+1, r1	; 0x01

	if(Copy_u8SleepTime<8)
    11ce:	8a 81       	ldd	r24, Y+2	; 0x02
    11d0:	88 30       	cpi	r24, 0x08	; 8
    11d2:	90 f4       	brcc	.+36     	; 0x11f8 <WDT_enuSleep+0x38>
	{

		WDTCR &= 0b11111000;//Clear prescaler bits
    11d4:	a1 e4       	ldi	r26, 0x41	; 65
    11d6:	b0 e0       	ldi	r27, 0x00	; 0
    11d8:	e1 e4       	ldi	r30, 0x41	; 65
    11da:	f0 e0       	ldi	r31, 0x00	; 0
    11dc:	80 81       	ld	r24, Z
    11de:	88 7f       	andi	r24, 0xF8	; 248
    11e0:	8c 93       	st	X, r24

		WDTCR |=Copy_u8SleepTime;//Set required prescaler
    11e2:	a1 e4       	ldi	r26, 0x41	; 65
    11e4:	b0 e0       	ldi	r27, 0x00	; 0
    11e6:	e1 e4       	ldi	r30, 0x41	; 65
    11e8:	f0 e0       	ldi	r31, 0x00	; 0
    11ea:	90 81       	ld	r25, Z
    11ec:	8a 81       	ldd	r24, Y+2	; 0x02
    11ee:	89 2b       	or	r24, r25
    11f0:	8c 93       	st	X, r24

		Local_enuErrorState=ES_OK;
    11f2:	81 e0       	ldi	r24, 0x01	; 1
    11f4:	89 83       	std	Y+1, r24	; 0x01
    11f6:	02 c0       	rjmp	.+4      	; 0x11fc <WDT_enuSleep+0x3c>
	}
	else
	{
		Local_enuErrorState=ES_OUT_OF_RANGE;
    11f8:	83 e0       	ldi	r24, 0x03	; 3
    11fa:	89 83       	std	Y+1, r24	; 0x01
	}

	return Local_enuErrorState;
    11fc:	89 81       	ldd	r24, Y+1	; 0x01
}
    11fe:	0f 90       	pop	r0
    1200:	0f 90       	pop	r0
    1202:	cf 91       	pop	r28
    1204:	df 91       	pop	r29
    1206:	08 95       	ret

00001208 <WDT_enuEnable>:

ES_t WDT_enuEnable(void)
{
    1208:	df 93       	push	r29
    120a:	cf 93       	push	r28
    120c:	0f 92       	push	r0
    120e:	cd b7       	in	r28, 0x3d	; 61
    1210:	de b7       	in	r29, 0x3e	; 62
	ES_t Local_enuErrorState=ES_NOK;
    1212:	19 82       	std	Y+1, r1	; 0x01

	WDTCR |=(1<<WDTCR_WDE);
    1214:	a1 e4       	ldi	r26, 0x41	; 65
    1216:	b0 e0       	ldi	r27, 0x00	; 0
    1218:	e1 e4       	ldi	r30, 0x41	; 65
    121a:	f0 e0       	ldi	r31, 0x00	; 0
    121c:	80 81       	ld	r24, Z
    121e:	88 60       	ori	r24, 0x08	; 8
    1220:	8c 93       	st	X, r24
	Local_enuErrorState=ES_OK;
    1222:	81 e0       	ldi	r24, 0x01	; 1
    1224:	89 83       	std	Y+1, r24	; 0x01

	return Local_enuErrorState;
    1226:	89 81       	ldd	r24, Y+1	; 0x01
}
    1228:	0f 90       	pop	r0
    122a:	cf 91       	pop	r28
    122c:	df 91       	pop	r29
    122e:	08 95       	ret

00001230 <WDT_enuDisable>:

ES_t WDT_enuDisable(void)
{
    1230:	df 93       	push	r29
    1232:	cf 93       	push	r28
    1234:	0f 92       	push	r0
    1236:	cd b7       	in	r28, 0x3d	; 61
    1238:	de b7       	in	r29, 0x3e	; 62
	ES_t Local_enuErrorState=ES_NOK;
    123a:	19 82       	std	Y+1, r1	; 0x01

	WDTCR |=0b00011000;//In the same operation, write a logic one to WDTOE and WDE
    123c:	a1 e4       	ldi	r26, 0x41	; 65
    123e:	b0 e0       	ldi	r27, 0x00	; 0
    1240:	e1 e4       	ldi	r30, 0x41	; 65
    1242:	f0 e0       	ldi	r31, 0x00	; 0
    1244:	80 81       	ld	r24, Z
    1246:	88 61       	ori	r24, 0x18	; 24
    1248:	8c 93       	st	X, r24

	WDTCR =0; //Within the next four clock cycles, write a logic 0 to WDE
    124a:	e1 e4       	ldi	r30, 0x41	; 65
    124c:	f0 e0       	ldi	r31, 0x00	; 0
    124e:	10 82       	st	Z, r1
	Local_enuErrorState=ES_OK;
    1250:	81 e0       	ldi	r24, 0x01	; 1
    1252:	89 83       	std	Y+1, r24	; 0x01

	return Local_enuErrorState;
    1254:	89 81       	ldd	r24, Y+1	; 0x01
}
    1256:	0f 90       	pop	r0
    1258:	cf 91       	pop	r28
    125a:	df 91       	pop	r29
    125c:	08 95       	ret

0000125e <TIMER1_enuInit>:
static void (*TIMER1_APfunCallBack [TIMER1_CALL_BACK])(void*)= {NULL,NULL,NULL};
static void  *TIMER1_APvidParameter[TIMER1_CALL_BACK]        = {NULL,NULL,NULL};


ES_t  TIMER1_enuInit(void)
{
    125e:	df 93       	push	r29
    1260:	cf 93       	push	r28
    1262:	0f 92       	push	r0
    1264:	cd b7       	in	r28, 0x3d	; 61
    1266:	de b7       	in	r29, 0x3e	; 62
	ES_t Local_enuErrorState=ES_NOK;
    1268:	19 82       	std	Y+1, r1	; 0x01

	//MODE

#if TIMER1_MODE == TIMER1_NORMAL
	TCCR1A &=~(1<<TCCR1A_WGM10);
    126a:	af e4       	ldi	r26, 0x4F	; 79
    126c:	b0 e0       	ldi	r27, 0x00	; 0
    126e:	ef e4       	ldi	r30, 0x4F	; 79
    1270:	f0 e0       	ldi	r31, 0x00	; 0
    1272:	80 81       	ld	r24, Z
    1274:	8e 7f       	andi	r24, 0xFE	; 254
    1276:	8c 93       	st	X, r24
	TCCR1A &=~(1<<TCCR1A_WGM11);
    1278:	af e4       	ldi	r26, 0x4F	; 79
    127a:	b0 e0       	ldi	r27, 0x00	; 0
    127c:	ef e4       	ldi	r30, 0x4F	; 79
    127e:	f0 e0       	ldi	r31, 0x00	; 0
    1280:	80 81       	ld	r24, Z
    1282:	8d 7f       	andi	r24, 0xFD	; 253
    1284:	8c 93       	st	X, r24
	TCCR1B &=~(1<<TCCR1B_WGM12);
    1286:	ae e4       	ldi	r26, 0x4E	; 78
    1288:	b0 e0       	ldi	r27, 0x00	; 0
    128a:	ee e4       	ldi	r30, 0x4E	; 78
    128c:	f0 e0       	ldi	r31, 0x00	; 0
    128e:	80 81       	ld	r24, Z
    1290:	87 7f       	andi	r24, 0xF7	; 247
    1292:	8c 93       	st	X, r24
	TCCR1B &=~(1<<TCCR1B_WGM13);
    1294:	ae e4       	ldi	r26, 0x4E	; 78
    1296:	b0 e0       	ldi	r27, 0x00	; 0
    1298:	ee e4       	ldi	r30, 0x4E	; 78
    129a:	f0 e0       	ldi	r31, 0x00	; 0
    129c:	80 81       	ld	r24, Z
    129e:	8f 7e       	andi	r24, 0xEF	; 239
    12a0:	8c 93       	st	X, r24
	#if TIMER1_OC1A_B_PIN_STATE == TIMER1_NORMAL_DISCONNECT_OC1A_B
			TCCR1A &=~(1<<TCCR1A_COM1A0);
    12a2:	af e4       	ldi	r26, 0x4F	; 79
    12a4:	b0 e0       	ldi	r27, 0x00	; 0
    12a6:	ef e4       	ldi	r30, 0x4F	; 79
    12a8:	f0 e0       	ldi	r31, 0x00	; 0
    12aa:	80 81       	ld	r24, Z
    12ac:	8f 7b       	andi	r24, 0xBF	; 191
    12ae:	8c 93       	st	X, r24
			TCCR1A &=~(1<<TCCR1A_COM1A1);
    12b0:	af e4       	ldi	r26, 0x4F	; 79
    12b2:	b0 e0       	ldi	r27, 0x00	; 0
    12b4:	ef e4       	ldi	r30, 0x4F	; 79
    12b6:	f0 e0       	ldi	r31, 0x00	; 0
    12b8:	80 81       	ld	r24, Z
    12ba:	8f 77       	andi	r24, 0x7F	; 127
    12bc:	8c 93       	st	X, r24
			TCCR1A &=~(1<<TCCR1A_COM1B0);
    12be:	af e4       	ldi	r26, 0x4F	; 79
    12c0:	b0 e0       	ldi	r27, 0x00	; 0
    12c2:	ef e4       	ldi	r30, 0x4F	; 79
    12c4:	f0 e0       	ldi	r31, 0x00	; 0
    12c6:	80 81       	ld	r24, Z
    12c8:	8f 7e       	andi	r24, 0xEF	; 239
    12ca:	8c 93       	st	X, r24
			TCCR1A &=~(1<<TCCR1A_COM1B1);
    12cc:	af e4       	ldi	r26, 0x4F	; 79
    12ce:	b0 e0       	ldi	r27, 0x00	; 0
    12d0:	ef e4       	ldi	r30, 0x4F	; 79
    12d2:	f0 e0       	ldi	r31, 0x00	; 0
    12d4:	80 81       	ld	r24, Z
    12d6:	8f 7d       	andi	r24, 0xDF	; 223
    12d8:	8c 93       	st	X, r24
			Local_enuErrorState =ES_OK;
    12da:	81 e0       	ldi	r24, 0x01	; 1
    12dc:	89 83       	std	Y+1, r24	; 0x01
	TCCR1B &=~(1<<TCCR1B_CS12);
	TCCR1B &=~(1<<TCCR1B_CS11);
	TCCR1B |= (1<<TCCR1B_CS10);
	Local_enuErrorState =ES_OK;
#elif TIMER1_PRESCALER == TIMER1_PRESCALER_8
	TCCR1B &=~(1<<TCCR1B_CS12);
    12de:	ae e4       	ldi	r26, 0x4E	; 78
    12e0:	b0 e0       	ldi	r27, 0x00	; 0
    12e2:	ee e4       	ldi	r30, 0x4E	; 78
    12e4:	f0 e0       	ldi	r31, 0x00	; 0
    12e6:	80 81       	ld	r24, Z
    12e8:	8b 7f       	andi	r24, 0xFB	; 251
    12ea:	8c 93       	st	X, r24
	TCCR1B |= (1<<TCCR1B_CS11);
    12ec:	ae e4       	ldi	r26, 0x4E	; 78
    12ee:	b0 e0       	ldi	r27, 0x00	; 0
    12f0:	ee e4       	ldi	r30, 0x4E	; 78
    12f2:	f0 e0       	ldi	r31, 0x00	; 0
    12f4:	80 81       	ld	r24, Z
    12f6:	82 60       	ori	r24, 0x02	; 2
    12f8:	8c 93       	st	X, r24
	TCCR1B &=~(1<<TCCR1B_CS10);
    12fa:	ae e4       	ldi	r26, 0x4E	; 78
    12fc:	b0 e0       	ldi	r27, 0x00	; 0
    12fe:	ee e4       	ldi	r30, 0x4E	; 78
    1300:	f0 e0       	ldi	r31, 0x00	; 0
    1302:	80 81       	ld	r24, Z
    1304:	8e 7f       	andi	r24, 0xFE	; 254
    1306:	8c 93       	st	X, r24
	Local_enuErrorState =ES_OK;
    1308:	81 e0       	ldi	r24, 0x01	; 1
    130a:	89 83       	std	Y+1, r24	; 0x01
#else
#error "Attention!!, your TIMER1_PRESCALER Selection is Wrong...."

#endif

	return Local_enuErrorState;
    130c:	89 81       	ldd	r24, Y+1	; 0x01
}
    130e:	0f 90       	pop	r0
    1310:	cf 91       	pop	r28
    1312:	df 91       	pop	r29
    1314:	08 95       	ret

00001316 <TIMER1_enuSetChannelACTC>:

ES_t  TIMER1_enuSetChannelACTC(u16 Copy_u16OCR1AValue)
{
    1316:	df 93       	push	r29
    1318:	cf 93       	push	r28
    131a:	00 d0       	rcall	.+0      	; 0x131c <TIMER1_enuSetChannelACTC+0x6>
    131c:	0f 92       	push	r0
    131e:	cd b7       	in	r28, 0x3d	; 61
    1320:	de b7       	in	r29, 0x3e	; 62
    1322:	9b 83       	std	Y+3, r25	; 0x03
    1324:	8a 83       	std	Y+2, r24	; 0x02
	ES_t Local_enuErrorState=ES_NOK;
    1326:	19 82       	std	Y+1, r1	; 0x01

	OCR1A=Copy_u16OCR1AValue;
    1328:	ea e4       	ldi	r30, 0x4A	; 74
    132a:	f0 e0       	ldi	r31, 0x00	; 0
    132c:	8a 81       	ldd	r24, Y+2	; 0x02
    132e:	9b 81       	ldd	r25, Y+3	; 0x03
    1330:	91 83       	std	Z+1, r25	; 0x01
    1332:	80 83       	st	Z, r24
	Local_enuErrorState=ES_OK;
    1334:	81 e0       	ldi	r24, 0x01	; 1
    1336:	89 83       	std	Y+1, r24	; 0x01

	return Local_enuErrorState;
    1338:	89 81       	ldd	r24, Y+1	; 0x01
}
    133a:	0f 90       	pop	r0
    133c:	0f 90       	pop	r0
    133e:	0f 90       	pop	r0
    1340:	cf 91       	pop	r28
    1342:	df 91       	pop	r29
    1344:	08 95       	ret

00001346 <TIMER1_enuSetChannelBCTC>:
ES_t  TIMER1_enuSetChannelBCTC(u16 Copy_u16OCR1AValue)
{
    1346:	df 93       	push	r29
    1348:	cf 93       	push	r28
    134a:	00 d0       	rcall	.+0      	; 0x134c <TIMER1_enuSetChannelBCTC+0x6>
    134c:	0f 92       	push	r0
    134e:	cd b7       	in	r28, 0x3d	; 61
    1350:	de b7       	in	r29, 0x3e	; 62
    1352:	9b 83       	std	Y+3, r25	; 0x03
    1354:	8a 83       	std	Y+2, r24	; 0x02
	ES_t Local_enuErrorState=ES_NOK;
    1356:	19 82       	std	Y+1, r1	; 0x01

	OCR1B=Copy_u16OCR1AValue;
    1358:	e8 e4       	ldi	r30, 0x48	; 72
    135a:	f0 e0       	ldi	r31, 0x00	; 0
    135c:	8a 81       	ldd	r24, Y+2	; 0x02
    135e:	9b 81       	ldd	r25, Y+3	; 0x03
    1360:	91 83       	std	Z+1, r25	; 0x01
    1362:	80 83       	st	Z, r24
	Local_enuErrorState=ES_OK;
    1364:	81 e0       	ldi	r24, 0x01	; 1
    1366:	89 83       	std	Y+1, r24	; 0x01

	return Local_enuErrorState;
    1368:	89 81       	ldd	r24, Y+1	; 0x01
}
    136a:	0f 90       	pop	r0
    136c:	0f 90       	pop	r0
    136e:	0f 90       	pop	r0
    1370:	cf 91       	pop	r28
    1372:	df 91       	pop	r29
    1374:	08 95       	ret

00001376 <TIMER1_enuSetICR>:

ES_t  TIMER1_enuSetICR(u16 Copy_u16ICR1Value)
{
    1376:	df 93       	push	r29
    1378:	cf 93       	push	r28
    137a:	00 d0       	rcall	.+0      	; 0x137c <TIMER1_enuSetICR+0x6>
    137c:	0f 92       	push	r0
    137e:	cd b7       	in	r28, 0x3d	; 61
    1380:	de b7       	in	r29, 0x3e	; 62
    1382:	9b 83       	std	Y+3, r25	; 0x03
    1384:	8a 83       	std	Y+2, r24	; 0x02
	ES_t Local_enuErrorState=ES_NOK;
    1386:	19 82       	std	Y+1, r1	; 0x01

	ICR1=Copy_u16ICR1Value;
    1388:	e6 e4       	ldi	r30, 0x46	; 70
    138a:	f0 e0       	ldi	r31, 0x00	; 0
    138c:	8a 81       	ldd	r24, Y+2	; 0x02
    138e:	9b 81       	ldd	r25, Y+3	; 0x03
    1390:	91 83       	std	Z+1, r25	; 0x01
    1392:	80 83       	st	Z, r24
	Local_enuErrorState=ES_OK;
    1394:	81 e0       	ldi	r24, 0x01	; 1
    1396:	89 83       	std	Y+1, r24	; 0x01

	return Local_enuErrorState;
    1398:	89 81       	ldd	r24, Y+1	; 0x01
}
    139a:	0f 90       	pop	r0
    139c:	0f 90       	pop	r0
    139e:	0f 90       	pop	r0
    13a0:	cf 91       	pop	r28
    13a2:	df 91       	pop	r29
    13a4:	08 95       	ret

000013a6 <TIMER1_enuSetTimerValue>:

ES_t TIMER1_enuSetTimerValue(u16 Copy_u16Value)
{
    13a6:	df 93       	push	r29
    13a8:	cf 93       	push	r28
    13aa:	00 d0       	rcall	.+0      	; 0x13ac <TIMER1_enuSetTimerValue+0x6>
    13ac:	0f 92       	push	r0
    13ae:	cd b7       	in	r28, 0x3d	; 61
    13b0:	de b7       	in	r29, 0x3e	; 62
    13b2:	9b 83       	std	Y+3, r25	; 0x03
    13b4:	8a 83       	std	Y+2, r24	; 0x02
	ES_t Local_enuErrorState=ES_NOK;
    13b6:	19 82       	std	Y+1, r1	; 0x01

	TCNT1=Copy_u16Value;
    13b8:	ec e4       	ldi	r30, 0x4C	; 76
    13ba:	f0 e0       	ldi	r31, 0x00	; 0
    13bc:	8a 81       	ldd	r24, Y+2	; 0x02
    13be:	9b 81       	ldd	r25, Y+3	; 0x03
    13c0:	91 83       	std	Z+1, r25	; 0x01
    13c2:	80 83       	st	Z, r24
	Local_enuErrorState=ES_OK;
    13c4:	81 e0       	ldi	r24, 0x01	; 1
    13c6:	89 83       	std	Y+1, r24	; 0x01

	return Local_enuErrorState;
    13c8:	89 81       	ldd	r24, Y+1	; 0x01
}
    13ca:	0f 90       	pop	r0
    13cc:	0f 90       	pop	r0
    13ce:	0f 90       	pop	r0
    13d0:	cf 91       	pop	r28
    13d2:	df 91       	pop	r29
    13d4:	08 95       	ret

000013d6 <TIMER1_enuReadTimerValue>:

ES_t  TIMER1_enuReadTimerValue(u16 *Copy_pu16Value)
{
    13d6:	df 93       	push	r29
    13d8:	cf 93       	push	r28
    13da:	00 d0       	rcall	.+0      	; 0x13dc <TIMER1_enuReadTimerValue+0x6>
    13dc:	0f 92       	push	r0
    13de:	cd b7       	in	r28, 0x3d	; 61
    13e0:	de b7       	in	r29, 0x3e	; 62
    13e2:	9b 83       	std	Y+3, r25	; 0x03
    13e4:	8a 83       	std	Y+2, r24	; 0x02
	ES_t Local_enuErrorState=ES_NOK;
    13e6:	19 82       	std	Y+1, r1	; 0x01

	if(Copy_pu16Value!=NULL)
    13e8:	8a 81       	ldd	r24, Y+2	; 0x02
    13ea:	9b 81       	ldd	r25, Y+3	; 0x03
    13ec:	00 97       	sbiw	r24, 0x00	; 0
    13ee:	59 f0       	breq	.+22     	; 0x1406 <TIMER1_enuReadTimerValue+0x30>
	{
		*Copy_pu16Value=TCNT1;
    13f0:	ec e4       	ldi	r30, 0x4C	; 76
    13f2:	f0 e0       	ldi	r31, 0x00	; 0
    13f4:	80 81       	ld	r24, Z
    13f6:	91 81       	ldd	r25, Z+1	; 0x01
    13f8:	ea 81       	ldd	r30, Y+2	; 0x02
    13fa:	fb 81       	ldd	r31, Y+3	; 0x03
    13fc:	91 83       	std	Z+1, r25	; 0x01
    13fe:	80 83       	st	Z, r24
		Local_enuErrorState=ES_OK;
    1400:	81 e0       	ldi	r24, 0x01	; 1
    1402:	89 83       	std	Y+1, r24	; 0x01
    1404:	02 c0       	rjmp	.+4      	; 0x140a <TIMER1_enuReadTimerValue+0x34>
	}
	else
	{
		Local_enuErrorState=ES_NULL_POINTER;
    1406:	82 e0       	ldi	r24, 0x02	; 2
    1408:	89 83       	std	Y+1, r24	; 0x01
	}

	return Local_enuErrorState;
    140a:	89 81       	ldd	r24, Y+1	; 0x01
}
    140c:	0f 90       	pop	r0
    140e:	0f 90       	pop	r0
    1410:	0f 90       	pop	r0
    1412:	cf 91       	pop	r28
    1414:	df 91       	pop	r29
    1416:	08 95       	ret

00001418 <TIMER1_enuCallBack>:


ES_t TIMER1_enuCallBack(void (*Copy_PfunCallBack)(void*) , void * Copy_PvidParameter,u8 Copy_CallBackSource)
{
    1418:	df 93       	push	r29
    141a:	cf 93       	push	r28
    141c:	cd b7       	in	r28, 0x3d	; 61
    141e:	de b7       	in	r29, 0x3e	; 62
    1420:	28 97       	sbiw	r28, 0x08	; 8
    1422:	0f b6       	in	r0, 0x3f	; 63
    1424:	f8 94       	cli
    1426:	de bf       	out	0x3e, r29	; 62
    1428:	0f be       	out	0x3f, r0	; 63
    142a:	cd bf       	out	0x3d, r28	; 61
    142c:	9b 83       	std	Y+3, r25	; 0x03
    142e:	8a 83       	std	Y+2, r24	; 0x02
    1430:	7d 83       	std	Y+5, r23	; 0x05
    1432:	6c 83       	std	Y+4, r22	; 0x04
    1434:	4e 83       	std	Y+6, r20	; 0x06
	ES_t Local_enuErrorState=ES_NOK;
    1436:	19 82       	std	Y+1, r1	; 0x01

	if(Copy_PfunCallBack!=NULL)
    1438:	8a 81       	ldd	r24, Y+2	; 0x02
    143a:	9b 81       	ldd	r25, Y+3	; 0x03
    143c:	00 97       	sbiw	r24, 0x00	; 0
    143e:	09 f4       	brne	.+2      	; 0x1442 <TIMER1_enuCallBack+0x2a>
    1440:	44 c0       	rjmp	.+136    	; 0x14ca <TIMER1_enuCallBack+0xb2>
	{
		switch(Copy_CallBackSource)
    1442:	8e 81       	ldd	r24, Y+6	; 0x06
    1444:	28 2f       	mov	r18, r24
    1446:	30 e0       	ldi	r19, 0x00	; 0
    1448:	38 87       	std	Y+8, r19	; 0x08
    144a:	2f 83       	std	Y+7, r18	; 0x07
    144c:	8f 81       	ldd	r24, Y+7	; 0x07
    144e:	98 85       	ldd	r25, Y+8	; 0x08
    1450:	81 30       	cpi	r24, 0x01	; 1
    1452:	91 05       	cpc	r25, r1
    1454:	41 f1       	breq	.+80     	; 0x14a6 <TIMER1_enuCallBack+0x8e>
    1456:	2f 81       	ldd	r18, Y+7	; 0x07
    1458:	38 85       	ldd	r19, Y+8	; 0x08
    145a:	22 30       	cpi	r18, 0x02	; 2
    145c:	31 05       	cpc	r19, r1
    145e:	29 f0       	breq	.+10     	; 0x146a <TIMER1_enuCallBack+0x52>
    1460:	8f 81       	ldd	r24, Y+7	; 0x07
    1462:	98 85       	ldd	r25, Y+8	; 0x08
    1464:	00 97       	sbiw	r24, 0x00	; 0
    1466:	81 f0       	breq	.+32     	; 0x1488 <TIMER1_enuCallBack+0x70>
    1468:	2d c0       	rjmp	.+90     	; 0x14c4 <TIMER1_enuCallBack+0xac>
		{
		case TIMER1_OVF_CALLBACK:
			TIMER1_APfunCallBack[TIMER1_OVF_CALLBACK]=Copy_PfunCallBack;
    146a:	8a 81       	ldd	r24, Y+2	; 0x02
    146c:	9b 81       	ldd	r25, Y+3	; 0x03
    146e:	90 93 9b 01 	sts	0x019B, r25
    1472:	80 93 9a 01 	sts	0x019A, r24
			TIMER1_APvidParameter[TIMER1_OVF_CALLBACK]=Copy_PvidParameter;
    1476:	8c 81       	ldd	r24, Y+4	; 0x04
    1478:	9d 81       	ldd	r25, Y+5	; 0x05
    147a:	90 93 a1 01 	sts	0x01A1, r25
    147e:	80 93 a0 01 	sts	0x01A0, r24
			Local_enuErrorState=ES_OK;
    1482:	81 e0       	ldi	r24, 0x01	; 1
    1484:	89 83       	std	Y+1, r24	; 0x01
    1486:	23 c0       	rjmp	.+70     	; 0x14ce <TIMER1_enuCallBack+0xb6>
			break;
		case TIMER1_COMA_CALLBACK:
			TIMER1_APfunCallBack[TIMER1_COMA_CALLBACK]=Copy_PfunCallBack;
    1488:	8a 81       	ldd	r24, Y+2	; 0x02
    148a:	9b 81       	ldd	r25, Y+3	; 0x03
    148c:	90 93 97 01 	sts	0x0197, r25
    1490:	80 93 96 01 	sts	0x0196, r24
			TIMER1_APvidParameter[TIMER1_COMA_CALLBACK]=Copy_PvidParameter;
    1494:	8c 81       	ldd	r24, Y+4	; 0x04
    1496:	9d 81       	ldd	r25, Y+5	; 0x05
    1498:	90 93 9d 01 	sts	0x019D, r25
    149c:	80 93 9c 01 	sts	0x019C, r24
			Local_enuErrorState=ES_OK;
    14a0:	81 e0       	ldi	r24, 0x01	; 1
    14a2:	89 83       	std	Y+1, r24	; 0x01
    14a4:	14 c0       	rjmp	.+40     	; 0x14ce <TIMER1_enuCallBack+0xb6>
			break;
		case TIMER1_COMB_CALLBACK:
			TIMER1_APfunCallBack[TIMER1_COMB_CALLBACK]=Copy_PfunCallBack;
    14a6:	8a 81       	ldd	r24, Y+2	; 0x02
    14a8:	9b 81       	ldd	r25, Y+3	; 0x03
    14aa:	90 93 99 01 	sts	0x0199, r25
    14ae:	80 93 98 01 	sts	0x0198, r24
			TIMER1_APvidParameter[TIMER1_COMB_CALLBACK]=Copy_PvidParameter;
    14b2:	8c 81       	ldd	r24, Y+4	; 0x04
    14b4:	9d 81       	ldd	r25, Y+5	; 0x05
    14b6:	90 93 9f 01 	sts	0x019F, r25
    14ba:	80 93 9e 01 	sts	0x019E, r24
			Local_enuErrorState=ES_OK;
    14be:	81 e0       	ldi	r24, 0x01	; 1
    14c0:	89 83       	std	Y+1, r24	; 0x01
    14c2:	05 c0       	rjmp	.+10     	; 0x14ce <TIMER1_enuCallBack+0xb6>
			break;
		default:
			Local_enuErrorState=ES_OUT_OF_RANGE;
    14c4:	83 e0       	ldi	r24, 0x03	; 3
    14c6:	89 83       	std	Y+1, r24	; 0x01
    14c8:	02 c0       	rjmp	.+4      	; 0x14ce <TIMER1_enuCallBack+0xb6>
			break;
		}
	}
	else
	{
		Local_enuErrorState =ES_NULL_POINTER;
    14ca:	82 e0       	ldi	r24, 0x02	; 2
    14cc:	89 83       	std	Y+1, r24	; 0x01
	}

	return Local_enuErrorState;
    14ce:	89 81       	ldd	r24, Y+1	; 0x01
}
    14d0:	28 96       	adiw	r28, 0x08	; 8
    14d2:	0f b6       	in	r0, 0x3f	; 63
    14d4:	f8 94       	cli
    14d6:	de bf       	out	0x3e, r29	; 62
    14d8:	0f be       	out	0x3f, r0	; 63
    14da:	cd bf       	out	0x3d, r28	; 61
    14dc:	cf 91       	pop	r28
    14de:	df 91       	pop	r29
    14e0:	08 95       	ret

000014e2 <__vector_7>:




ISR(VECT_TIMER1_COMA)
{
    14e2:	1f 92       	push	r1
    14e4:	0f 92       	push	r0
    14e6:	0f b6       	in	r0, 0x3f	; 63
    14e8:	0f 92       	push	r0
    14ea:	11 24       	eor	r1, r1
    14ec:	2f 93       	push	r18
    14ee:	3f 93       	push	r19
    14f0:	4f 93       	push	r20
    14f2:	5f 93       	push	r21
    14f4:	6f 93       	push	r22
    14f6:	7f 93       	push	r23
    14f8:	8f 93       	push	r24
    14fa:	9f 93       	push	r25
    14fc:	af 93       	push	r26
    14fe:	bf 93       	push	r27
    1500:	ef 93       	push	r30
    1502:	ff 93       	push	r31
    1504:	df 93       	push	r29
    1506:	cf 93       	push	r28
    1508:	cd b7       	in	r28, 0x3d	; 61
    150a:	de b7       	in	r29, 0x3e	; 62
	if(TIMER1_APfunCallBack[TIMER1_COMA_CALLBACK]!=NULL)
    150c:	80 91 96 01 	lds	r24, 0x0196
    1510:	90 91 97 01 	lds	r25, 0x0197
    1514:	00 97       	sbiw	r24, 0x00	; 0
    1516:	49 f0       	breq	.+18     	; 0x152a <__vector_7+0x48>
	{
		TIMER1_APfunCallBack[TIMER1_COMA_CALLBACK](TIMER1_APvidParameter[TIMER1_COMA_CALLBACK]);
    1518:	e0 91 96 01 	lds	r30, 0x0196
    151c:	f0 91 97 01 	lds	r31, 0x0197
    1520:	80 91 9c 01 	lds	r24, 0x019C
    1524:	90 91 9d 01 	lds	r25, 0x019D
    1528:	09 95       	icall
	}
}
    152a:	cf 91       	pop	r28
    152c:	df 91       	pop	r29
    152e:	ff 91       	pop	r31
    1530:	ef 91       	pop	r30
    1532:	bf 91       	pop	r27
    1534:	af 91       	pop	r26
    1536:	9f 91       	pop	r25
    1538:	8f 91       	pop	r24
    153a:	7f 91       	pop	r23
    153c:	6f 91       	pop	r22
    153e:	5f 91       	pop	r21
    1540:	4f 91       	pop	r20
    1542:	3f 91       	pop	r19
    1544:	2f 91       	pop	r18
    1546:	0f 90       	pop	r0
    1548:	0f be       	out	0x3f, r0	; 63
    154a:	0f 90       	pop	r0
    154c:	1f 90       	pop	r1
    154e:	18 95       	reti

00001550 <__vector_8>:

ISR(VECT_TIMER1_COMB)
{
    1550:	1f 92       	push	r1
    1552:	0f 92       	push	r0
    1554:	0f b6       	in	r0, 0x3f	; 63
    1556:	0f 92       	push	r0
    1558:	11 24       	eor	r1, r1
    155a:	2f 93       	push	r18
    155c:	3f 93       	push	r19
    155e:	4f 93       	push	r20
    1560:	5f 93       	push	r21
    1562:	6f 93       	push	r22
    1564:	7f 93       	push	r23
    1566:	8f 93       	push	r24
    1568:	9f 93       	push	r25
    156a:	af 93       	push	r26
    156c:	bf 93       	push	r27
    156e:	ef 93       	push	r30
    1570:	ff 93       	push	r31
    1572:	df 93       	push	r29
    1574:	cf 93       	push	r28
    1576:	cd b7       	in	r28, 0x3d	; 61
    1578:	de b7       	in	r29, 0x3e	; 62
	if(TIMER1_APfunCallBack[TIMER1_COMB_CALLBACK]!=NULL)
    157a:	80 91 98 01 	lds	r24, 0x0198
    157e:	90 91 99 01 	lds	r25, 0x0199
    1582:	00 97       	sbiw	r24, 0x00	; 0
    1584:	49 f0       	breq	.+18     	; 0x1598 <__vector_8+0x48>
	{
		TIMER1_APfunCallBack[TIMER1_COMB_CALLBACK](TIMER1_APvidParameter[TIMER1_COMB_CALLBACK]);
    1586:	e0 91 98 01 	lds	r30, 0x0198
    158a:	f0 91 99 01 	lds	r31, 0x0199
    158e:	80 91 9e 01 	lds	r24, 0x019E
    1592:	90 91 9f 01 	lds	r25, 0x019F
    1596:	09 95       	icall
	}
}
    1598:	cf 91       	pop	r28
    159a:	df 91       	pop	r29
    159c:	ff 91       	pop	r31
    159e:	ef 91       	pop	r30
    15a0:	bf 91       	pop	r27
    15a2:	af 91       	pop	r26
    15a4:	9f 91       	pop	r25
    15a6:	8f 91       	pop	r24
    15a8:	7f 91       	pop	r23
    15aa:	6f 91       	pop	r22
    15ac:	5f 91       	pop	r21
    15ae:	4f 91       	pop	r20
    15b0:	3f 91       	pop	r19
    15b2:	2f 91       	pop	r18
    15b4:	0f 90       	pop	r0
    15b6:	0f be       	out	0x3f, r0	; 63
    15b8:	0f 90       	pop	r0
    15ba:	1f 90       	pop	r1
    15bc:	18 95       	reti

000015be <__vector_9>:

ISR(VECT_TIMER1_OVF)
{
    15be:	1f 92       	push	r1
    15c0:	0f 92       	push	r0
    15c2:	0f b6       	in	r0, 0x3f	; 63
    15c4:	0f 92       	push	r0
    15c6:	11 24       	eor	r1, r1
    15c8:	2f 93       	push	r18
    15ca:	3f 93       	push	r19
    15cc:	4f 93       	push	r20
    15ce:	5f 93       	push	r21
    15d0:	6f 93       	push	r22
    15d2:	7f 93       	push	r23
    15d4:	8f 93       	push	r24
    15d6:	9f 93       	push	r25
    15d8:	af 93       	push	r26
    15da:	bf 93       	push	r27
    15dc:	ef 93       	push	r30
    15de:	ff 93       	push	r31
    15e0:	df 93       	push	r29
    15e2:	cf 93       	push	r28
    15e4:	cd b7       	in	r28, 0x3d	; 61
    15e6:	de b7       	in	r29, 0x3e	; 62
	if(TIMER1_APfunCallBack[TIMER1_OVF_CALLBACK]!=NULL)
    15e8:	80 91 9a 01 	lds	r24, 0x019A
    15ec:	90 91 9b 01 	lds	r25, 0x019B
    15f0:	00 97       	sbiw	r24, 0x00	; 0
    15f2:	49 f0       	breq	.+18     	; 0x1606 <__vector_9+0x48>
	{
		TIMER1_APfunCallBack[TIMER1_OVF_CALLBACK](TIMER1_APvidParameter[TIMER1_OVF_CALLBACK]);
    15f4:	e0 91 9a 01 	lds	r30, 0x019A
    15f8:	f0 91 9b 01 	lds	r31, 0x019B
    15fc:	80 91 a0 01 	lds	r24, 0x01A0
    1600:	90 91 a1 01 	lds	r25, 0x01A1
    1604:	09 95       	icall
	}
}
    1606:	cf 91       	pop	r28
    1608:	df 91       	pop	r29
    160a:	ff 91       	pop	r31
    160c:	ef 91       	pop	r30
    160e:	bf 91       	pop	r27
    1610:	af 91       	pop	r26
    1612:	9f 91       	pop	r25
    1614:	8f 91       	pop	r24
    1616:	7f 91       	pop	r23
    1618:	6f 91       	pop	r22
    161a:	5f 91       	pop	r21
    161c:	4f 91       	pop	r20
    161e:	3f 91       	pop	r19
    1620:	2f 91       	pop	r18
    1622:	0f 90       	pop	r0
    1624:	0f be       	out	0x3f, r0	; 63
    1626:	0f 90       	pop	r0
    1628:	1f 90       	pop	r1
    162a:	18 95       	reti

0000162c <TIMER0_enuInit>:

static u32 Timer0_NumOVF=0;
static u32 Timer0_Preload=0;

ES_t TIMER0_enuInit(void)
{
    162c:	df 93       	push	r29
    162e:	cf 93       	push	r28
    1630:	0f 92       	push	r0
    1632:	cd b7       	in	r28, 0x3d	; 61
    1634:	de b7       	in	r29, 0x3e	; 62
	ES_t Local_enuErrorState=ES_NOK;
    1636:	19 82       	std	Y+1, r1	; 0x01
	TCCR0 &=~(1<<TCCR0_CS02);
	TCCR0 |= (1<<TCCR0_CS01);
	TCCR0 &=~(1<<TCCR0_CS00);
	Local_enuErrorState =ES_OK;
#elif TIMER0_PRESCALER == TIMER0_PRESCALER_64
	TCCR0 &=~(1<<TCCR0_CS02);
    1638:	a3 e5       	ldi	r26, 0x53	; 83
    163a:	b0 e0       	ldi	r27, 0x00	; 0
    163c:	e3 e5       	ldi	r30, 0x53	; 83
    163e:	f0 e0       	ldi	r31, 0x00	; 0
    1640:	80 81       	ld	r24, Z
    1642:	8b 7f       	andi	r24, 0xFB	; 251
    1644:	8c 93       	st	X, r24
	TCCR0 |= (1<<TCCR0_CS01);
    1646:	a3 e5       	ldi	r26, 0x53	; 83
    1648:	b0 e0       	ldi	r27, 0x00	; 0
    164a:	e3 e5       	ldi	r30, 0x53	; 83
    164c:	f0 e0       	ldi	r31, 0x00	; 0
    164e:	80 81       	ld	r24, Z
    1650:	82 60       	ori	r24, 0x02	; 2
    1652:	8c 93       	st	X, r24
	TCCR0 |= (1<<TCCR0_CS00);
    1654:	a3 e5       	ldi	r26, 0x53	; 83
    1656:	b0 e0       	ldi	r27, 0x00	; 0
    1658:	e3 e5       	ldi	r30, 0x53	; 83
    165a:	f0 e0       	ldi	r31, 0x00	; 0
    165c:	80 81       	ld	r24, Z
    165e:	81 60       	ori	r24, 0x01	; 1
    1660:	8c 93       	st	X, r24
	Local_enuErrorState =ES_OK;
    1662:	81 e0       	ldi	r24, 0x01	; 1
    1664:	89 83       	std	Y+1, r24	; 0x01

#endif

	  // MODE
#if TIMER0_MODE == TIMER0_OVER_FLOW
	TCCR0 &=~(1<<TCCR0_WGM01);
    1666:	a3 e5       	ldi	r26, 0x53	; 83
    1668:	b0 e0       	ldi	r27, 0x00	; 0
    166a:	e3 e5       	ldi	r30, 0x53	; 83
    166c:	f0 e0       	ldi	r31, 0x00	; 0
    166e:	80 81       	ld	r24, Z
    1670:	87 7f       	andi	r24, 0xF7	; 247
    1672:	8c 93       	st	X, r24
	TCCR0 &=~(1<<TCCR0_WGM00);
    1674:	a3 e5       	ldi	r26, 0x53	; 83
    1676:	b0 e0       	ldi	r27, 0x00	; 0
    1678:	e3 e5       	ldi	r30, 0x53	; 83
    167a:	f0 e0       	ldi	r31, 0x00	; 0
    167c:	80 81       	ld	r24, Z
    167e:	8f 7b       	andi	r24, 0xBF	; 191
    1680:	8c 93       	st	X, r24
	#if TIMER0_OC0_PIN_STATE == TIMER0_OVF_DISCONNECT_OC0
		TCCR0 &=~(1<<TCCR0_COM00);
    1682:	a3 e5       	ldi	r26, 0x53	; 83
    1684:	b0 e0       	ldi	r27, 0x00	; 0
    1686:	e3 e5       	ldi	r30, 0x53	; 83
    1688:	f0 e0       	ldi	r31, 0x00	; 0
    168a:	80 81       	ld	r24, Z
    168c:	8f 7e       	andi	r24, 0xEF	; 239
    168e:	8c 93       	st	X, r24
		TCCR0 &=~(1<<TCCR0_COM01);
    1690:	a3 e5       	ldi	r26, 0x53	; 83
    1692:	b0 e0       	ldi	r27, 0x00	; 0
    1694:	e3 e5       	ldi	r30, 0x53	; 83
    1696:	f0 e0       	ldi	r31, 0x00	; 0
    1698:	80 81       	ld	r24, Z
    169a:	8f 7d       	andi	r24, 0xDF	; 223
    169c:	8c 93       	st	X, r24
		Local_enuErrorState =ES_OK;
    169e:	81 e0       	ldi	r24, 0x01	; 1
    16a0:	89 83       	std	Y+1, r24	; 0x01
		#endif
#else
#error "Attention!!, your TIMER0_MODE Selection is Wrong...."
#endif

	return Local_enuErrorState;
    16a2:	89 81       	ldd	r24, Y+1	; 0x01
}
    16a4:	0f 90       	pop	r0
    16a6:	cf 91       	pop	r28
    16a8:	df 91       	pop	r29
    16aa:	08 95       	ret

000016ac <TIMER0_enuSetCTC>:

ES_t  TIMER0_enuSetCTC(u8 Copy_u8OCR0Value)
{
    16ac:	df 93       	push	r29
    16ae:	cf 93       	push	r28
    16b0:	00 d0       	rcall	.+0      	; 0x16b2 <TIMER0_enuSetCTC+0x6>
    16b2:	cd b7       	in	r28, 0x3d	; 61
    16b4:	de b7       	in	r29, 0x3e	; 62
    16b6:	8a 83       	std	Y+2, r24	; 0x02
	ES_t Local_enuErrorState=ES_NOK;
    16b8:	19 82       	std	Y+1, r1	; 0x01

	OCR0 =Copy_u8OCR0Value;
    16ba:	ec e5       	ldi	r30, 0x5C	; 92
    16bc:	f0 e0       	ldi	r31, 0x00	; 0
    16be:	8a 81       	ldd	r24, Y+2	; 0x02
    16c0:	80 83       	st	Z, r24
	Local_enuErrorState=ES_OK;
    16c2:	81 e0       	ldi	r24, 0x01	; 1
    16c4:	89 83       	std	Y+1, r24	; 0x01

	return Local_enuErrorState;
    16c6:	89 81       	ldd	r24, Y+1	; 0x01
}
    16c8:	0f 90       	pop	r0
    16ca:	0f 90       	pop	r0
    16cc:	cf 91       	pop	r28
    16ce:	df 91       	pop	r29
    16d0:	08 95       	ret

000016d2 <TIMER0_enuSetPreload>:

ES_t  TIMER0_enuSetPreload(u8 Copy_u8Preload)
{
    16d2:	df 93       	push	r29
    16d4:	cf 93       	push	r28
    16d6:	00 d0       	rcall	.+0      	; 0x16d8 <TIMER0_enuSetPreload+0x6>
    16d8:	cd b7       	in	r28, 0x3d	; 61
    16da:	de b7       	in	r29, 0x3e	; 62
    16dc:	8a 83       	std	Y+2, r24	; 0x02
	ES_t Local_enuErrorState=ES_NOK;
    16de:	19 82       	std	Y+1, r1	; 0x01

	TCNT0 =Copy_u8Preload;
    16e0:	e2 e5       	ldi	r30, 0x52	; 82
    16e2:	f0 e0       	ldi	r31, 0x00	; 0
    16e4:	8a 81       	ldd	r24, Y+2	; 0x02
    16e6:	80 83       	st	Z, r24
	Local_enuErrorState=ES_OK;
    16e8:	81 e0       	ldi	r24, 0x01	; 1
    16ea:	89 83       	std	Y+1, r24	; 0x01

	return Local_enuErrorState;
    16ec:	89 81       	ldd	r24, Y+1	; 0x01
}
    16ee:	0f 90       	pop	r0
    16f0:	0f 90       	pop	r0
    16f2:	cf 91       	pop	r28
    16f4:	df 91       	pop	r29
    16f6:	08 95       	ret

000016f8 <TIMER0_enuDelayMilliSecond>:


ES_t TIMER0_enuDelayMilliSecond(void (*Copy_PfunCallBack)(void*) , void * Copy_PvidParameter , u32 Copy_u32StartDelay , u32 Copy_u32StopTime)
{
    16f8:	ef 92       	push	r14
    16fa:	ff 92       	push	r15
    16fc:	0f 93       	push	r16
    16fe:	1f 93       	push	r17
    1700:	df 93       	push	r29
    1702:	cf 93       	push	r28
    1704:	cd b7       	in	r28, 0x3d	; 61
    1706:	de b7       	in	r29, 0x3e	; 62
    1708:	2d 97       	sbiw	r28, 0x0d	; 13
    170a:	0f b6       	in	r0, 0x3f	; 63
    170c:	f8 94       	cli
    170e:	de bf       	out	0x3e, r29	; 62
    1710:	0f be       	out	0x3f, r0	; 63
    1712:	cd bf       	out	0x3d, r28	; 61
    1714:	9b 83       	std	Y+3, r25	; 0x03
    1716:	8a 83       	std	Y+2, r24	; 0x02
    1718:	7d 83       	std	Y+5, r23	; 0x05
    171a:	6c 83       	std	Y+4, r22	; 0x04
    171c:	2e 83       	std	Y+6, r18	; 0x06
    171e:	3f 83       	std	Y+7, r19	; 0x07
    1720:	48 87       	std	Y+8, r20	; 0x08
    1722:	59 87       	std	Y+9, r21	; 0x09
    1724:	ea 86       	std	Y+10, r14	; 0x0a
    1726:	fb 86       	std	Y+11, r15	; 0x0b
    1728:	0c 87       	std	Y+12, r16	; 0x0c
    172a:	1d 87       	std	Y+13, r17	; 0x0d
	ES_t Local_enuErrorState=ES_NOK;
    172c:	19 82       	std	Y+1, r1	; 0x01
#else
#warning "Attention!!, Delay function has no effect at this mode or prescaler...."
#warning "To take high accuracy on Delay function, Choose OVF mode and one or eight prescaler OR CTC mode , 64 prescaler and OCR0 = 124"
#endif

	return Local_enuErrorState;
    172e:	89 81       	ldd	r24, Y+1	; 0x01
}
    1730:	2d 96       	adiw	r28, 0x0d	; 13
    1732:	0f b6       	in	r0, 0x3f	; 63
    1734:	f8 94       	cli
    1736:	de bf       	out	0x3e, r29	; 62
    1738:	0f be       	out	0x3f, r0	; 63
    173a:	cd bf       	out	0x3d, r28	; 61
    173c:	cf 91       	pop	r28
    173e:	df 91       	pop	r29
    1740:	1f 91       	pop	r17
    1742:	0f 91       	pop	r16
    1744:	ff 90       	pop	r15
    1746:	ef 90       	pop	r14
    1748:	08 95       	ret

0000174a <TIMER0_enuGeneratePWM>:

ES_t TIMER0_enuGeneratePWM(u8 Copy_u8DutyCycle)
{
    174a:	df 93       	push	r29
    174c:	cf 93       	push	r28
    174e:	00 d0       	rcall	.+0      	; 0x1750 <TIMER0_enuGeneratePWM+0x6>
    1750:	cd b7       	in	r28, 0x3d	; 61
    1752:	de b7       	in	r29, 0x3e	; 62
    1754:	8a 83       	std	Y+2, r24	; 0x02
	ES_t Local_enuErrorState=ES_NOK;
    1756:	19 82       	std	Y+1, r1	; 0x01
	#endif
#else
#warning "Attention!!, Generation of PWM doesn't work at this mode...."
#endif

	return Local_enuErrorState;
    1758:	89 81       	ldd	r24, Y+1	; 0x01
}
    175a:	0f 90       	pop	r0
    175c:	0f 90       	pop	r0
    175e:	cf 91       	pop	r28
    1760:	df 91       	pop	r29
    1762:	08 95       	ret

00001764 <TIMER0_enuCallBackOVF>:

ES_t TIMER0_enuCallBackOVF(void (*Copy_PfunCallBack)(void*) , void * Copy_PvidParameter)
{
    1764:	df 93       	push	r29
    1766:	cf 93       	push	r28
    1768:	00 d0       	rcall	.+0      	; 0x176a <TIMER0_enuCallBackOVF+0x6>
    176a:	00 d0       	rcall	.+0      	; 0x176c <TIMER0_enuCallBackOVF+0x8>
    176c:	0f 92       	push	r0
    176e:	cd b7       	in	r28, 0x3d	; 61
    1770:	de b7       	in	r29, 0x3e	; 62
    1772:	9b 83       	std	Y+3, r25	; 0x03
    1774:	8a 83       	std	Y+2, r24	; 0x02
    1776:	7d 83       	std	Y+5, r23	; 0x05
    1778:	6c 83       	std	Y+4, r22	; 0x04
	ES_t Local_enuErrorState=ES_NOK;
    177a:	19 82       	std	Y+1, r1	; 0x01

	if(Copy_PfunCallBack!=NULL)
    177c:	8a 81       	ldd	r24, Y+2	; 0x02
    177e:	9b 81       	ldd	r25, Y+3	; 0x03
    1780:	00 97       	sbiw	r24, 0x00	; 0
    1782:	79 f0       	breq	.+30     	; 0x17a2 <TIMER0_enuCallBackOVF+0x3e>
	{
		TIMER0_APfunCallBack [TIMER0_OVF_CALLBACK] = Copy_PfunCallBack;
    1784:	8a 81       	ldd	r24, Y+2	; 0x02
    1786:	9b 81       	ldd	r25, Y+3	; 0x03
    1788:	90 93 b3 01 	sts	0x01B3, r25
    178c:	80 93 b2 01 	sts	0x01B2, r24
		TIMER0_APvidParameter[TIMER0_OVF_CALLBACK] = Copy_PvidParameter;
    1790:	8c 81       	ldd	r24, Y+4	; 0x04
    1792:	9d 81       	ldd	r25, Y+5	; 0x05
    1794:	90 93 b9 01 	sts	0x01B9, r25
    1798:	80 93 b8 01 	sts	0x01B8, r24
		Local_enuErrorState =ES_OK;
    179c:	81 e0       	ldi	r24, 0x01	; 1
    179e:	89 83       	std	Y+1, r24	; 0x01
    17a0:	02 c0       	rjmp	.+4      	; 0x17a6 <TIMER0_enuCallBackOVF+0x42>
	}
	else
	{
		Local_enuErrorState =ES_NULL_POINTER;
    17a2:	82 e0       	ldi	r24, 0x02	; 2
    17a4:	89 83       	std	Y+1, r24	; 0x01
	}

	return Local_enuErrorState;
    17a6:	89 81       	ldd	r24, Y+1	; 0x01
}
    17a8:	0f 90       	pop	r0
    17aa:	0f 90       	pop	r0
    17ac:	0f 90       	pop	r0
    17ae:	0f 90       	pop	r0
    17b0:	0f 90       	pop	r0
    17b2:	cf 91       	pop	r28
    17b4:	df 91       	pop	r29
    17b6:	08 95       	ret

000017b8 <TIMER0_enuCallBackCTC>:

ES_t TIMER0_enuCallBackCTC(void (*Copy_PfunCallBack)(void*) , void * Copy_PvidParameter)
{
    17b8:	df 93       	push	r29
    17ba:	cf 93       	push	r28
    17bc:	00 d0       	rcall	.+0      	; 0x17be <TIMER0_enuCallBackCTC+0x6>
    17be:	00 d0       	rcall	.+0      	; 0x17c0 <TIMER0_enuCallBackCTC+0x8>
    17c0:	0f 92       	push	r0
    17c2:	cd b7       	in	r28, 0x3d	; 61
    17c4:	de b7       	in	r29, 0x3e	; 62
    17c6:	9b 83       	std	Y+3, r25	; 0x03
    17c8:	8a 83       	std	Y+2, r24	; 0x02
    17ca:	7d 83       	std	Y+5, r23	; 0x05
    17cc:	6c 83       	std	Y+4, r22	; 0x04
	ES_t Local_enuErrorState=ES_NOK;
    17ce:	19 82       	std	Y+1, r1	; 0x01

	if(Copy_PfunCallBack!=NULL)
    17d0:	8a 81       	ldd	r24, Y+2	; 0x02
    17d2:	9b 81       	ldd	r25, Y+3	; 0x03
    17d4:	00 97       	sbiw	r24, 0x00	; 0
    17d6:	79 f0       	breq	.+30     	; 0x17f6 <TIMER0_enuCallBackCTC+0x3e>
	{

		TIMER0_APfunCallBack [TIMER0_CTC_CALLBACK] = Copy_PfunCallBack;
    17d8:	8a 81       	ldd	r24, Y+2	; 0x02
    17da:	9b 81       	ldd	r25, Y+3	; 0x03
    17dc:	90 93 b5 01 	sts	0x01B5, r25
    17e0:	80 93 b4 01 	sts	0x01B4, r24
		TIMER0_APvidParameter[TIMER0_CTC_CALLBACK] = Copy_PvidParameter;
    17e4:	8c 81       	ldd	r24, Y+4	; 0x04
    17e6:	9d 81       	ldd	r25, Y+5	; 0x05
    17e8:	90 93 bb 01 	sts	0x01BB, r25
    17ec:	80 93 ba 01 	sts	0x01BA, r24
		Local_enuErrorState=ES_OK;
    17f0:	81 e0       	ldi	r24, 0x01	; 1
    17f2:	89 83       	std	Y+1, r24	; 0x01
    17f4:	02 c0       	rjmp	.+4      	; 0x17fa <TIMER0_enuCallBackCTC+0x42>
	}
	else
	{
		Local_enuErrorState =ES_NULL_POINTER;
    17f6:	82 e0       	ldi	r24, 0x02	; 2
    17f8:	89 83       	std	Y+1, r24	; 0x01
	}

	return Local_enuErrorState;
    17fa:	89 81       	ldd	r24, Y+1	; 0x01
}
    17fc:	0f 90       	pop	r0
    17fe:	0f 90       	pop	r0
    1800:	0f 90       	pop	r0
    1802:	0f 90       	pop	r0
    1804:	0f 90       	pop	r0
    1806:	cf 91       	pop	r28
    1808:	df 91       	pop	r29
    180a:	08 95       	ret

0000180c <TIMER0_enuEnableOVFINTERRUPT>:




ES_t TIMER0_enuEnableOVFINTERRUPT(void)
{
    180c:	df 93       	push	r29
    180e:	cf 93       	push	r28
    1810:	0f 92       	push	r0
    1812:	cd b7       	in	r28, 0x3d	; 61
    1814:	de b7       	in	r29, 0x3e	; 62
	ES_t Local_enuErrorState=ES_NOK;
    1816:	19 82       	std	Y+1, r1	; 0x01

	TIMSK |=(1<<TIMSK_TOIE0);
    1818:	a9 e5       	ldi	r26, 0x59	; 89
    181a:	b0 e0       	ldi	r27, 0x00	; 0
    181c:	e9 e5       	ldi	r30, 0x59	; 89
    181e:	f0 e0       	ldi	r31, 0x00	; 0
    1820:	80 81       	ld	r24, Z
    1822:	81 60       	ori	r24, 0x01	; 1
    1824:	8c 93       	st	X, r24
	Local_enuErrorState=ES_OK;
    1826:	81 e0       	ldi	r24, 0x01	; 1
    1828:	89 83       	std	Y+1, r24	; 0x01

	return Local_enuErrorState;
    182a:	89 81       	ldd	r24, Y+1	; 0x01
}
    182c:	0f 90       	pop	r0
    182e:	cf 91       	pop	r28
    1830:	df 91       	pop	r29
    1832:	08 95       	ret

00001834 <TIMER0_enuEnableCTCINTERRUPT>:

ES_t TIMER0_enuEnableCTCINTERRUPT(void)
{
    1834:	df 93       	push	r29
    1836:	cf 93       	push	r28
    1838:	0f 92       	push	r0
    183a:	cd b7       	in	r28, 0x3d	; 61
    183c:	de b7       	in	r29, 0x3e	; 62
	ES_t Local_enuErrorState=ES_NOK;
    183e:	19 82       	std	Y+1, r1	; 0x01

	TIMSK |=(1<<TIMSK_OCIE0);
    1840:	a9 e5       	ldi	r26, 0x59	; 89
    1842:	b0 e0       	ldi	r27, 0x00	; 0
    1844:	e9 e5       	ldi	r30, 0x59	; 89
    1846:	f0 e0       	ldi	r31, 0x00	; 0
    1848:	80 81       	ld	r24, Z
    184a:	82 60       	ori	r24, 0x02	; 2
    184c:	8c 93       	st	X, r24
	Local_enuErrorState=ES_OK;
    184e:	81 e0       	ldi	r24, 0x01	; 1
    1850:	89 83       	std	Y+1, r24	; 0x01

	return Local_enuErrorState;
    1852:	89 81       	ldd	r24, Y+1	; 0x01
}
    1854:	0f 90       	pop	r0
    1856:	cf 91       	pop	r28
    1858:	df 91       	pop	r29
    185a:	08 95       	ret

0000185c <TIMER0_enuSetAsychDelay>:


ES_t TIMER0_enuSetAsychDelay(u32 Copy_u8Time ,void(*Copy_pfunApp)(void*),void* Parameter)
{
    185c:	df 93       	push	r29
    185e:	cf 93       	push	r28
    1860:	cd b7       	in	r28, 0x3d	; 61
    1862:	de b7       	in	r29, 0x3e	; 62
    1864:	66 97       	sbiw	r28, 0x16	; 22
    1866:	0f b6       	in	r0, 0x3f	; 63
    1868:	f8 94       	cli
    186a:	de bf       	out	0x3e, r29	; 62
    186c:	0f be       	out	0x3f, r0	; 63
    186e:	cd bf       	out	0x3d, r28	; 61
    1870:	6f 87       	std	Y+15, r22	; 0x0f
    1872:	78 8b       	std	Y+16, r23	; 0x10
    1874:	89 8b       	std	Y+17, r24	; 0x11
    1876:	9a 8b       	std	Y+18, r25	; 0x12
    1878:	5c 8b       	std	Y+20, r21	; 0x14
    187a:	4b 8b       	std	Y+19, r20	; 0x13
    187c:	3e 8b       	std	Y+22, r19	; 0x16
    187e:	2d 8b       	std	Y+21, r18	; 0x15
	ES_t Local_enuErrorState=ES_NOK;
    1880:	1e 86       	std	Y+14, r1	; 0x0e

	f32 Local_f32OVFTime=256 *((f32)TIMER0_PRESCALER/TIMER0_F_CPU);
    1882:	8f e6       	ldi	r24, 0x6F	; 111
    1884:	92 e1       	ldi	r25, 0x12	; 18
    1886:	a3 e0       	ldi	r26, 0x03	; 3
    1888:	b0 e4       	ldi	r27, 0x40	; 64
    188a:	8a 87       	std	Y+10, r24	; 0x0a
    188c:	9b 87       	std	Y+11, r25	; 0x0b
    188e:	ac 87       	std	Y+12, r26	; 0x0c
    1890:	bd 87       	std	Y+13, r27	; 0x0d

	f32 Local_f32NumOVF = (Copy_u8Time)/(Local_f32OVFTime);
    1892:	6f 85       	ldd	r22, Y+15	; 0x0f
    1894:	78 89       	ldd	r23, Y+16	; 0x10
    1896:	89 89       	ldd	r24, Y+17	; 0x11
    1898:	9a 89       	ldd	r25, Y+18	; 0x12
    189a:	0e 94 d9 04 	call	0x9b2	; 0x9b2 <__floatunsisf>
    189e:	dc 01       	movw	r26, r24
    18a0:	cb 01       	movw	r24, r22
    18a2:	bc 01       	movw	r22, r24
    18a4:	cd 01       	movw	r24, r26
    18a6:	2a 85       	ldd	r18, Y+10	; 0x0a
    18a8:	3b 85       	ldd	r19, Y+11	; 0x0b
    18aa:	4c 85       	ldd	r20, Y+12	; 0x0c
    18ac:	5d 85       	ldd	r21, Y+13	; 0x0d
    18ae:	0e 94 19 03 	call	0x632	; 0x632 <__divsf3>
    18b2:	dc 01       	movw	r26, r24
    18b4:	cb 01       	movw	r24, r22
    18b6:	8e 83       	std	Y+6, r24	; 0x06
    18b8:	9f 83       	std	Y+7, r25	; 0x07
    18ba:	a8 87       	std	Y+8, r26	; 0x08
    18bc:	b9 87       	std	Y+9, r27	; 0x09

	if((Local_f32NumOVF-(u32)Local_f32NumOVF) != 0.0)
    18be:	6e 81       	ldd	r22, Y+6	; 0x06
    18c0:	7f 81       	ldd	r23, Y+7	; 0x07
    18c2:	88 85       	ldd	r24, Y+8	; 0x08
    18c4:	99 85       	ldd	r25, Y+9	; 0x09
    18c6:	0e 94 49 00 	call	0x92	; 0x92 <__fixunssfsi>
    18ca:	dc 01       	movw	r26, r24
    18cc:	cb 01       	movw	r24, r22
    18ce:	bc 01       	movw	r22, r24
    18d0:	cd 01       	movw	r24, r26
    18d2:	0e 94 d9 04 	call	0x9b2	; 0x9b2 <__floatunsisf>
    18d6:	9b 01       	movw	r18, r22
    18d8:	ac 01       	movw	r20, r24
    18da:	6e 81       	ldd	r22, Y+6	; 0x06
    18dc:	7f 81       	ldd	r23, Y+7	; 0x07
    18de:	88 85       	ldd	r24, Y+8	; 0x08
    18e0:	99 85       	ldd	r25, Y+9	; 0x09
    18e2:	0e 94 c1 01 	call	0x382	; 0x382 <__subsf3>
    18e6:	dc 01       	movw	r26, r24
    18e8:	cb 01       	movw	r24, r22
    18ea:	bc 01       	movw	r22, r24
    18ec:	cd 01       	movw	r24, r26
    18ee:	20 e0       	ldi	r18, 0x00	; 0
    18f0:	30 e0       	ldi	r19, 0x00	; 0
    18f2:	40 e0       	ldi	r20, 0x00	; 0
    18f4:	50 e0       	ldi	r21, 0x00	; 0
    18f6:	0e 94 c5 03 	call	0x78a	; 0x78a <__nesf2>
    18fa:	88 23       	and	r24, r24
    18fc:	09 f4       	brne	.+2      	; 0x1900 <TIMER0_enuSetAsychDelay+0xa4>
    18fe:	64 c0       	rjmp	.+200    	; 0x19c8 <TIMER0_enuSetAsychDelay+0x16c>
	{
		u32 Local_u32NumOVF =(u32)Local_f32NumOVF +1;
    1900:	6e 81       	ldd	r22, Y+6	; 0x06
    1902:	7f 81       	ldd	r23, Y+7	; 0x07
    1904:	88 85       	ldd	r24, Y+8	; 0x08
    1906:	99 85       	ldd	r25, Y+9	; 0x09
    1908:	0e 94 49 00 	call	0x92	; 0x92 <__fixunssfsi>
    190c:	dc 01       	movw	r26, r24
    190e:	cb 01       	movw	r24, r22
    1910:	01 96       	adiw	r24, 0x01	; 1
    1912:	a1 1d       	adc	r26, r1
    1914:	b1 1d       	adc	r27, r1
    1916:	8a 83       	std	Y+2, r24	; 0x02
    1918:	9b 83       	std	Y+3, r25	; 0x03
    191a:	ac 83       	std	Y+4, r26	; 0x04
    191c:	bd 83       	std	Y+5, r27	; 0x05
		Local_f32NumOVF = Local_f32NumOVF-(u32)Local_f32NumOVF;
    191e:	6e 81       	ldd	r22, Y+6	; 0x06
    1920:	7f 81       	ldd	r23, Y+7	; 0x07
    1922:	88 85       	ldd	r24, Y+8	; 0x08
    1924:	99 85       	ldd	r25, Y+9	; 0x09
    1926:	0e 94 49 00 	call	0x92	; 0x92 <__fixunssfsi>
    192a:	dc 01       	movw	r26, r24
    192c:	cb 01       	movw	r24, r22
    192e:	bc 01       	movw	r22, r24
    1930:	cd 01       	movw	r24, r26
    1932:	0e 94 d9 04 	call	0x9b2	; 0x9b2 <__floatunsisf>
    1936:	9b 01       	movw	r18, r22
    1938:	ac 01       	movw	r20, r24
    193a:	6e 81       	ldd	r22, Y+6	; 0x06
    193c:	7f 81       	ldd	r23, Y+7	; 0x07
    193e:	88 85       	ldd	r24, Y+8	; 0x08
    1940:	99 85       	ldd	r25, Y+9	; 0x09
    1942:	0e 94 c1 01 	call	0x382	; 0x382 <__subsf3>
    1946:	dc 01       	movw	r26, r24
    1948:	cb 01       	movw	r24, r22
    194a:	8e 83       	std	Y+6, r24	; 0x06
    194c:	9f 83       	std	Y+7, r25	; 0x07
    194e:	a8 87       	std	Y+8, r26	; 0x08
    1950:	b9 87       	std	Y+9, r27	; 0x09
		u8 Local_u8Preload =256 - (Local_f32NumOVF * 256);
    1952:	6e 81       	ldd	r22, Y+6	; 0x06
    1954:	7f 81       	ldd	r23, Y+7	; 0x07
    1956:	88 85       	ldd	r24, Y+8	; 0x08
    1958:	99 85       	ldd	r25, Y+9	; 0x09
    195a:	20 e0       	ldi	r18, 0x00	; 0
    195c:	30 e0       	ldi	r19, 0x00	; 0
    195e:	40 e8       	ldi	r20, 0x80	; 128
    1960:	53 ec       	ldi	r21, 0xC3	; 195
    1962:	0e 94 1f 02 	call	0x43e	; 0x43e <__mulsf3>
    1966:	dc 01       	movw	r26, r24
    1968:	cb 01       	movw	r24, r22
    196a:	bc 01       	movw	r22, r24
    196c:	cd 01       	movw	r24, r26
    196e:	20 e0       	ldi	r18, 0x00	; 0
    1970:	30 e0       	ldi	r19, 0x00	; 0
    1972:	40 e8       	ldi	r20, 0x80	; 128
    1974:	53 e4       	ldi	r21, 0x43	; 67
    1976:	0e 94 f2 01 	call	0x3e4	; 0x3e4 <__addsf3>
    197a:	dc 01       	movw	r26, r24
    197c:	cb 01       	movw	r24, r22
    197e:	bc 01       	movw	r22, r24
    1980:	cd 01       	movw	r24, r26
    1982:	0e 94 49 00 	call	0x92	; 0x92 <__fixunssfsi>
    1986:	dc 01       	movw	r26, r24
    1988:	cb 01       	movw	r24, r22
    198a:	89 83       	std	Y+1, r24	; 0x01
		Timer0_NumOVF =Local_u32NumOVF;
    198c:	8a 81       	ldd	r24, Y+2	; 0x02
    198e:	9b 81       	ldd	r25, Y+3	; 0x03
    1990:	ac 81       	ldd	r26, Y+4	; 0x04
    1992:	bd 81       	ldd	r27, Y+5	; 0x05
    1994:	80 93 bc 01 	sts	0x01BC, r24
    1998:	90 93 bd 01 	sts	0x01BD, r25
    199c:	a0 93 be 01 	sts	0x01BE, r26
    19a0:	b0 93 bf 01 	sts	0x01BF, r27
		Timer0_Preload =Local_u8Preload;
    19a4:	89 81       	ldd	r24, Y+1	; 0x01
    19a6:	88 2f       	mov	r24, r24
    19a8:	90 e0       	ldi	r25, 0x00	; 0
    19aa:	a0 e0       	ldi	r26, 0x00	; 0
    19ac:	b0 e0       	ldi	r27, 0x00	; 0
    19ae:	80 93 c0 01 	sts	0x01C0, r24
    19b2:	90 93 c1 01 	sts	0x01C1, r25
    19b6:	a0 93 c2 01 	sts	0x01C2, r26
    19ba:	b0 93 c3 01 	sts	0x01C3, r27
		TCNT0 =Local_u8Preload;
    19be:	e2 e5       	ldi	r30, 0x52	; 82
    19c0:	f0 e0       	ldi	r31, 0x00	; 0
    19c2:	89 81       	ldd	r24, Y+1	; 0x01
    19c4:	80 83       	st	Z, r24
    19c6:	10 c0       	rjmp	.+32     	; 0x19e8 <TIMER0_enuSetAsychDelay+0x18c>
	}
	else
	{
		Timer0_NumOVF =(u32)Local_f32NumOVF;
    19c8:	6e 81       	ldd	r22, Y+6	; 0x06
    19ca:	7f 81       	ldd	r23, Y+7	; 0x07
    19cc:	88 85       	ldd	r24, Y+8	; 0x08
    19ce:	99 85       	ldd	r25, Y+9	; 0x09
    19d0:	0e 94 49 00 	call	0x92	; 0x92 <__fixunssfsi>
    19d4:	dc 01       	movw	r26, r24
    19d6:	cb 01       	movw	r24, r22
    19d8:	80 93 bc 01 	sts	0x01BC, r24
    19dc:	90 93 bd 01 	sts	0x01BD, r25
    19e0:	a0 93 be 01 	sts	0x01BE, r26
    19e4:	b0 93 bf 01 	sts	0x01BF, r27
	}

	if(Copy_pfunApp!=NULL)
    19e8:	8b 89       	ldd	r24, Y+19	; 0x13
    19ea:	9c 89       	ldd	r25, Y+20	; 0x14
    19ec:	00 97       	sbiw	r24, 0x00	; 0
    19ee:	69 f0       	breq	.+26     	; 0x1a0a <TIMER0_enuSetAsychDelay+0x1ae>
	{
		TIMER0_APfunCallBack[TIMER0_OVF_CALLBACK]=Copy_pfunApp;
    19f0:	8b 89       	ldd	r24, Y+19	; 0x13
    19f2:	9c 89       	ldd	r25, Y+20	; 0x14
    19f4:	90 93 b3 01 	sts	0x01B3, r25
    19f8:	80 93 b2 01 	sts	0x01B2, r24
		TIMER0_APvidParameter[TIMER0_OVF_CALLBACK]=Parameter;
    19fc:	8d 89       	ldd	r24, Y+21	; 0x15
    19fe:	9e 89       	ldd	r25, Y+22	; 0x16
    1a00:	90 93 b9 01 	sts	0x01B9, r25
    1a04:	80 93 b8 01 	sts	0x01B8, r24
    1a08:	02 c0       	rjmp	.+4      	; 0x1a0e <TIMER0_enuSetAsychDelay+0x1b2>
	}
	else
	{
		Local_enuErrorState=ES_NULL_POINTER;
    1a0a:	82 e0       	ldi	r24, 0x02	; 2
    1a0c:	8e 87       	std	Y+14, r24	; 0x0e
	}

	TIMSK |=(1<<0);
    1a0e:	a9 e5       	ldi	r26, 0x59	; 89
    1a10:	b0 e0       	ldi	r27, 0x00	; 0
    1a12:	e9 e5       	ldi	r30, 0x59	; 89
    1a14:	f0 e0       	ldi	r31, 0x00	; 0
    1a16:	80 81       	ld	r24, Z
    1a18:	81 60       	ori	r24, 0x01	; 1
    1a1a:	8c 93       	st	X, r24


	return Local_enuErrorState;
    1a1c:	8e 85       	ldd	r24, Y+14	; 0x0e
}
    1a1e:	66 96       	adiw	r28, 0x16	; 22
    1a20:	0f b6       	in	r0, 0x3f	; 63
    1a22:	f8 94       	cli
    1a24:	de bf       	out	0x3e, r29	; 62
    1a26:	0f be       	out	0x3f, r0	; 63
    1a28:	cd bf       	out	0x3d, r28	; 61
    1a2a:	cf 91       	pop	r28
    1a2c:	df 91       	pop	r29
    1a2e:	08 95       	ret

00001a30 <TIMER0_enuSetSychDelay>:

ES_t TIMER0_enuSetSychDelay(u32 Copy_u8Time)
{
    1a30:	df 93       	push	r29
    1a32:	cf 93       	push	r28
    1a34:	cd b7       	in	r28, 0x3d	; 61
    1a36:	de b7       	in	r29, 0x3e	; 62
    1a38:	66 97       	sbiw	r28, 0x16	; 22
    1a3a:	0f b6       	in	r0, 0x3f	; 63
    1a3c:	f8 94       	cli
    1a3e:	de bf       	out	0x3e, r29	; 62
    1a40:	0f be       	out	0x3f, r0	; 63
    1a42:	cd bf       	out	0x3d, r28	; 61
    1a44:	6b 8b       	std	Y+19, r22	; 0x13
    1a46:	7c 8b       	std	Y+20, r23	; 0x14
    1a48:	8d 8b       	std	Y+21, r24	; 0x15
    1a4a:	9e 8b       	std	Y+22, r25	; 0x16
	ES_t Local_enuErrorState=ES_NOK;
    1a4c:	1a 8a       	std	Y+18, r1	; 0x12

	TIMSK &=~(1<<0);
    1a4e:	a9 e5       	ldi	r26, 0x59	; 89
    1a50:	b0 e0       	ldi	r27, 0x00	; 0
    1a52:	e9 e5       	ldi	r30, 0x59	; 89
    1a54:	f0 e0       	ldi	r31, 0x00	; 0
    1a56:	80 81       	ld	r24, Z
    1a58:	8e 7f       	andi	r24, 0xFE	; 254
    1a5a:	8c 93       	st	X, r24
	f32 Local_f32OVFTime=256.0 *((f32)TIMER0_PRESCALER/TIMER0_F_CPU);
    1a5c:	8f e6       	ldi	r24, 0x6F	; 111
    1a5e:	92 e1       	ldi	r25, 0x12	; 18
    1a60:	a3 e0       	ldi	r26, 0x03	; 3
    1a62:	b0 e4       	ldi	r27, 0x40	; 64
    1a64:	8e 87       	std	Y+14, r24	; 0x0e
    1a66:	9f 87       	std	Y+15, r25	; 0x0f
    1a68:	a8 8b       	std	Y+16, r26	; 0x10
    1a6a:	b9 8b       	std	Y+17, r27	; 0x11

	f32 Local_f32NumOVF = (Copy_u8Time)/(Local_f32OVFTime);
    1a6c:	6b 89       	ldd	r22, Y+19	; 0x13
    1a6e:	7c 89       	ldd	r23, Y+20	; 0x14
    1a70:	8d 89       	ldd	r24, Y+21	; 0x15
    1a72:	9e 89       	ldd	r25, Y+22	; 0x16
    1a74:	0e 94 d9 04 	call	0x9b2	; 0x9b2 <__floatunsisf>
    1a78:	dc 01       	movw	r26, r24
    1a7a:	cb 01       	movw	r24, r22
    1a7c:	bc 01       	movw	r22, r24
    1a7e:	cd 01       	movw	r24, r26
    1a80:	2e 85       	ldd	r18, Y+14	; 0x0e
    1a82:	3f 85       	ldd	r19, Y+15	; 0x0f
    1a84:	48 89       	ldd	r20, Y+16	; 0x10
    1a86:	59 89       	ldd	r21, Y+17	; 0x11
    1a88:	0e 94 19 03 	call	0x632	; 0x632 <__divsf3>
    1a8c:	dc 01       	movw	r26, r24
    1a8e:	cb 01       	movw	r24, r22
    1a90:	8a 87       	std	Y+10, r24	; 0x0a
    1a92:	9b 87       	std	Y+11, r25	; 0x0b
    1a94:	ac 87       	std	Y+12, r26	; 0x0c
    1a96:	bd 87       	std	Y+13, r27	; 0x0d

	if((Local_f32NumOVF-(u32)Local_f32NumOVF) != 0.0)
    1a98:	6a 85       	ldd	r22, Y+10	; 0x0a
    1a9a:	7b 85       	ldd	r23, Y+11	; 0x0b
    1a9c:	8c 85       	ldd	r24, Y+12	; 0x0c
    1a9e:	9d 85       	ldd	r25, Y+13	; 0x0d
    1aa0:	0e 94 49 00 	call	0x92	; 0x92 <__fixunssfsi>
    1aa4:	dc 01       	movw	r26, r24
    1aa6:	cb 01       	movw	r24, r22
    1aa8:	bc 01       	movw	r22, r24
    1aaa:	cd 01       	movw	r24, r26
    1aac:	0e 94 d9 04 	call	0x9b2	; 0x9b2 <__floatunsisf>
    1ab0:	9b 01       	movw	r18, r22
    1ab2:	ac 01       	movw	r20, r24
    1ab4:	6a 85       	ldd	r22, Y+10	; 0x0a
    1ab6:	7b 85       	ldd	r23, Y+11	; 0x0b
    1ab8:	8c 85       	ldd	r24, Y+12	; 0x0c
    1aba:	9d 85       	ldd	r25, Y+13	; 0x0d
    1abc:	0e 94 c1 01 	call	0x382	; 0x382 <__subsf3>
    1ac0:	dc 01       	movw	r26, r24
    1ac2:	cb 01       	movw	r24, r22
    1ac4:	bc 01       	movw	r22, r24
    1ac6:	cd 01       	movw	r24, r26
    1ac8:	20 e0       	ldi	r18, 0x00	; 0
    1aca:	30 e0       	ldi	r19, 0x00	; 0
    1acc:	40 e0       	ldi	r20, 0x00	; 0
    1ace:	50 e0       	ldi	r21, 0x00	; 0
    1ad0:	0e 94 c5 03 	call	0x78a	; 0x78a <__nesf2>
    1ad4:	88 23       	and	r24, r24
    1ad6:	09 f4       	brne	.+2      	; 0x1ada <TIMER0_enuSetSychDelay+0xaa>
    1ad8:	6f c0       	rjmp	.+222    	; 0x1bb8 <TIMER0_enuSetSychDelay+0x188>
	{
		u32 Local_u32NumOVF =(u32)Local_f32NumOVF +1;
    1ada:	6a 85       	ldd	r22, Y+10	; 0x0a
    1adc:	7b 85       	ldd	r23, Y+11	; 0x0b
    1ade:	8c 85       	ldd	r24, Y+12	; 0x0c
    1ae0:	9d 85       	ldd	r25, Y+13	; 0x0d
    1ae2:	0e 94 49 00 	call	0x92	; 0x92 <__fixunssfsi>
    1ae6:	dc 01       	movw	r26, r24
    1ae8:	cb 01       	movw	r24, r22
    1aea:	01 96       	adiw	r24, 0x01	; 1
    1aec:	a1 1d       	adc	r26, r1
    1aee:	b1 1d       	adc	r27, r1
    1af0:	8e 83       	std	Y+6, r24	; 0x06
    1af2:	9f 83       	std	Y+7, r25	; 0x07
    1af4:	a8 87       	std	Y+8, r26	; 0x08
    1af6:	b9 87       	std	Y+9, r27	; 0x09
		Local_f32NumOVF = Local_f32NumOVF-(u32)Local_f32NumOVF;
    1af8:	6a 85       	ldd	r22, Y+10	; 0x0a
    1afa:	7b 85       	ldd	r23, Y+11	; 0x0b
    1afc:	8c 85       	ldd	r24, Y+12	; 0x0c
    1afe:	9d 85       	ldd	r25, Y+13	; 0x0d
    1b00:	0e 94 49 00 	call	0x92	; 0x92 <__fixunssfsi>
    1b04:	dc 01       	movw	r26, r24
    1b06:	cb 01       	movw	r24, r22
    1b08:	bc 01       	movw	r22, r24
    1b0a:	cd 01       	movw	r24, r26
    1b0c:	0e 94 d9 04 	call	0x9b2	; 0x9b2 <__floatunsisf>
    1b10:	9b 01       	movw	r18, r22
    1b12:	ac 01       	movw	r20, r24
    1b14:	6a 85       	ldd	r22, Y+10	; 0x0a
    1b16:	7b 85       	ldd	r23, Y+11	; 0x0b
    1b18:	8c 85       	ldd	r24, Y+12	; 0x0c
    1b1a:	9d 85       	ldd	r25, Y+13	; 0x0d
    1b1c:	0e 94 c1 01 	call	0x382	; 0x382 <__subsf3>
    1b20:	dc 01       	movw	r26, r24
    1b22:	cb 01       	movw	r24, r22
    1b24:	8a 87       	std	Y+10, r24	; 0x0a
    1b26:	9b 87       	std	Y+11, r25	; 0x0b
    1b28:	ac 87       	std	Y+12, r26	; 0x0c
    1b2a:	bd 87       	std	Y+13, r27	; 0x0d
		u8 Local_u8Preload =256 - (Local_f32NumOVF * 256);
    1b2c:	6a 85       	ldd	r22, Y+10	; 0x0a
    1b2e:	7b 85       	ldd	r23, Y+11	; 0x0b
    1b30:	8c 85       	ldd	r24, Y+12	; 0x0c
    1b32:	9d 85       	ldd	r25, Y+13	; 0x0d
    1b34:	20 e0       	ldi	r18, 0x00	; 0
    1b36:	30 e0       	ldi	r19, 0x00	; 0
    1b38:	40 e8       	ldi	r20, 0x80	; 128
    1b3a:	53 ec       	ldi	r21, 0xC3	; 195
    1b3c:	0e 94 1f 02 	call	0x43e	; 0x43e <__mulsf3>
    1b40:	dc 01       	movw	r26, r24
    1b42:	cb 01       	movw	r24, r22
    1b44:	bc 01       	movw	r22, r24
    1b46:	cd 01       	movw	r24, r26
    1b48:	20 e0       	ldi	r18, 0x00	; 0
    1b4a:	30 e0       	ldi	r19, 0x00	; 0
    1b4c:	40 e8       	ldi	r20, 0x80	; 128
    1b4e:	53 e4       	ldi	r21, 0x43	; 67
    1b50:	0e 94 f2 01 	call	0x3e4	; 0x3e4 <__addsf3>
    1b54:	dc 01       	movw	r26, r24
    1b56:	cb 01       	movw	r24, r22
    1b58:	bc 01       	movw	r22, r24
    1b5a:	cd 01       	movw	r24, r26
    1b5c:	0e 94 49 00 	call	0x92	; 0x92 <__fixunssfsi>
    1b60:	dc 01       	movw	r26, r24
    1b62:	cb 01       	movw	r24, r22
    1b64:	8d 83       	std	Y+5, r24	; 0x05
		TCNT0=Local_u8Preload;
    1b66:	e2 e5       	ldi	r30, 0x52	; 82
    1b68:	f0 e0       	ldi	r31, 0x00	; 0
    1b6a:	8d 81       	ldd	r24, Y+5	; 0x05
    1b6c:	80 83       	st	Z, r24
    1b6e:	1b c0       	rjmp	.+54     	; 0x1ba6 <TIMER0_enuSetSychDelay+0x176>
		while(Local_u32NumOVF>0)
		{
			while(((TIFR>>TIFR_TOV0)&1)==0);//wait flag
    1b70:	e8 e5       	ldi	r30, 0x58	; 88
    1b72:	f0 e0       	ldi	r31, 0x00	; 0
    1b74:	80 81       	ld	r24, Z
    1b76:	88 2f       	mov	r24, r24
    1b78:	90 e0       	ldi	r25, 0x00	; 0
    1b7a:	81 70       	andi	r24, 0x01	; 1
    1b7c:	90 70       	andi	r25, 0x00	; 0
    1b7e:	00 97       	sbiw	r24, 0x00	; 0
    1b80:	b9 f3       	breq	.-18     	; 0x1b70 <TIMER0_enuSetSychDelay+0x140>
			TIFR |=(1<<0); // clear it by write one
    1b82:	a8 e5       	ldi	r26, 0x58	; 88
    1b84:	b0 e0       	ldi	r27, 0x00	; 0
    1b86:	e8 e5       	ldi	r30, 0x58	; 88
    1b88:	f0 e0       	ldi	r31, 0x00	; 0
    1b8a:	80 81       	ld	r24, Z
    1b8c:	81 60       	ori	r24, 0x01	; 1
    1b8e:	8c 93       	st	X, r24
			Local_u32NumOVF--;
    1b90:	8e 81       	ldd	r24, Y+6	; 0x06
    1b92:	9f 81       	ldd	r25, Y+7	; 0x07
    1b94:	a8 85       	ldd	r26, Y+8	; 0x08
    1b96:	b9 85       	ldd	r27, Y+9	; 0x09
    1b98:	01 97       	sbiw	r24, 0x01	; 1
    1b9a:	a1 09       	sbc	r26, r1
    1b9c:	b1 09       	sbc	r27, r1
    1b9e:	8e 83       	std	Y+6, r24	; 0x06
    1ba0:	9f 83       	std	Y+7, r25	; 0x07
    1ba2:	a8 87       	std	Y+8, r26	; 0x08
    1ba4:	b9 87       	std	Y+9, r27	; 0x09
	{
		u32 Local_u32NumOVF =(u32)Local_f32NumOVF +1;
		Local_f32NumOVF = Local_f32NumOVF-(u32)Local_f32NumOVF;
		u8 Local_u8Preload =256 - (Local_f32NumOVF * 256);
		TCNT0=Local_u8Preload;
		while(Local_u32NumOVF>0)
    1ba6:	8e 81       	ldd	r24, Y+6	; 0x06
    1ba8:	9f 81       	ldd	r25, Y+7	; 0x07
    1baa:	a8 85       	ldd	r26, Y+8	; 0x08
    1bac:	b9 85       	ldd	r27, Y+9	; 0x09
    1bae:	00 97       	sbiw	r24, 0x00	; 0
    1bb0:	a1 05       	cpc	r26, r1
    1bb2:	b1 05       	cpc	r27, r1
    1bb4:	e9 f6       	brne	.-70     	; 0x1b70 <TIMER0_enuSetSychDelay+0x140>
    1bb6:	30 c0       	rjmp	.+96     	; 0x1c18 <TIMER0_enuSetSychDelay+0x1e8>

		}
	}
	else
	{
		u32 Local_u32NumOVF =(u32)Local_f32NumOVF;
    1bb8:	6a 85       	ldd	r22, Y+10	; 0x0a
    1bba:	7b 85       	ldd	r23, Y+11	; 0x0b
    1bbc:	8c 85       	ldd	r24, Y+12	; 0x0c
    1bbe:	9d 85       	ldd	r25, Y+13	; 0x0d
    1bc0:	0e 94 49 00 	call	0x92	; 0x92 <__fixunssfsi>
    1bc4:	dc 01       	movw	r26, r24
    1bc6:	cb 01       	movw	r24, r22
    1bc8:	89 83       	std	Y+1, r24	; 0x01
    1bca:	9a 83       	std	Y+2, r25	; 0x02
    1bcc:	ab 83       	std	Y+3, r26	; 0x03
    1bce:	bc 83       	std	Y+4, r27	; 0x04
    1bd0:	1b c0       	rjmp	.+54     	; 0x1c08 <TIMER0_enuSetSychDelay+0x1d8>
		while(Local_u32NumOVF>0)
		{
			while(((TIFR>>TIFR_TOV0)&1)==0);
    1bd2:	e8 e5       	ldi	r30, 0x58	; 88
    1bd4:	f0 e0       	ldi	r31, 0x00	; 0
    1bd6:	80 81       	ld	r24, Z
    1bd8:	88 2f       	mov	r24, r24
    1bda:	90 e0       	ldi	r25, 0x00	; 0
    1bdc:	81 70       	andi	r24, 0x01	; 1
    1bde:	90 70       	andi	r25, 0x00	; 0
    1be0:	00 97       	sbiw	r24, 0x00	; 0
    1be2:	b9 f3       	breq	.-18     	; 0x1bd2 <TIMER0_enuSetSychDelay+0x1a2>
			TIFR |=(1<<0);
    1be4:	a8 e5       	ldi	r26, 0x58	; 88
    1be6:	b0 e0       	ldi	r27, 0x00	; 0
    1be8:	e8 e5       	ldi	r30, 0x58	; 88
    1bea:	f0 e0       	ldi	r31, 0x00	; 0
    1bec:	80 81       	ld	r24, Z
    1bee:	81 60       	ori	r24, 0x01	; 1
    1bf0:	8c 93       	st	X, r24
			Local_u32NumOVF--;
    1bf2:	89 81       	ldd	r24, Y+1	; 0x01
    1bf4:	9a 81       	ldd	r25, Y+2	; 0x02
    1bf6:	ab 81       	ldd	r26, Y+3	; 0x03
    1bf8:	bc 81       	ldd	r27, Y+4	; 0x04
    1bfa:	01 97       	sbiw	r24, 0x01	; 1
    1bfc:	a1 09       	sbc	r26, r1
    1bfe:	b1 09       	sbc	r27, r1
    1c00:	89 83       	std	Y+1, r24	; 0x01
    1c02:	9a 83       	std	Y+2, r25	; 0x02
    1c04:	ab 83       	std	Y+3, r26	; 0x03
    1c06:	bc 83       	std	Y+4, r27	; 0x04
		}
	}
	else
	{
		u32 Local_u32NumOVF =(u32)Local_f32NumOVF;
		while(Local_u32NumOVF>0)
    1c08:	89 81       	ldd	r24, Y+1	; 0x01
    1c0a:	9a 81       	ldd	r25, Y+2	; 0x02
    1c0c:	ab 81       	ldd	r26, Y+3	; 0x03
    1c0e:	bc 81       	ldd	r27, Y+4	; 0x04
    1c10:	00 97       	sbiw	r24, 0x00	; 0
    1c12:	a1 05       	cpc	r26, r1
    1c14:	b1 05       	cpc	r27, r1
    1c16:	e9 f6       	brne	.-70     	; 0x1bd2 <TIMER0_enuSetSychDelay+0x1a2>

		}
	}


	return Local_enuErrorState;
    1c18:	8a 89       	ldd	r24, Y+18	; 0x12
}
    1c1a:	66 96       	adiw	r28, 0x16	; 22
    1c1c:	0f b6       	in	r0, 0x3f	; 63
    1c1e:	f8 94       	cli
    1c20:	de bf       	out	0x3e, r29	; 62
    1c22:	0f be       	out	0x3f, r0	; 63
    1c24:	cd bf       	out	0x3d, r28	; 61
    1c26:	cf 91       	pop	r28
    1c28:	df 91       	pop	r29
    1c2a:	08 95       	ret

00001c2c <__vector_11>:



ISR(VECT_TIMER0_OVF)
{
    1c2c:	1f 92       	push	r1
    1c2e:	0f 92       	push	r0
    1c30:	0f b6       	in	r0, 0x3f	; 63
    1c32:	0f 92       	push	r0
    1c34:	11 24       	eor	r1, r1
    1c36:	2f 93       	push	r18
    1c38:	3f 93       	push	r19
    1c3a:	4f 93       	push	r20
    1c3c:	5f 93       	push	r21
    1c3e:	6f 93       	push	r22
    1c40:	7f 93       	push	r23
    1c42:	8f 93       	push	r24
    1c44:	9f 93       	push	r25
    1c46:	af 93       	push	r26
    1c48:	bf 93       	push	r27
    1c4a:	ef 93       	push	r30
    1c4c:	ff 93       	push	r31
    1c4e:	df 93       	push	r29
    1c50:	cf 93       	push	r28
    1c52:	cd b7       	in	r28, 0x3d	; 61
    1c54:	de b7       	in	r29, 0x3e	; 62
	if (TIMER0_APfunCallBack[TIMER0_DELAY_CALLBACK] != NULL && (ISR_u32Counter == (TIMER0_u8NumberOfOverflow * TIMER0_u32StartDelay)) && (ISR_u32ActionCounter * TIMER0_u32StartDelay) <= TIMER0_u32StopTime)
    1c56:	80 91 b0 01 	lds	r24, 0x01B0
    1c5a:	90 91 b1 01 	lds	r25, 0x01B1
    1c5e:	00 97       	sbiw	r24, 0x00	; 0
    1c60:	09 f4       	brne	.+2      	; 0x1c64 <__vector_11+0x38>
    1c62:	6a c0       	rjmp	.+212    	; 0x1d38 <__vector_11+0x10c>
    1c64:	80 91 a2 01 	lds	r24, 0x01A2
    1c68:	88 2f       	mov	r24, r24
    1c6a:	90 e0       	ldi	r25, 0x00	; 0
    1c6c:	a0 e0       	ldi	r26, 0x00	; 0
    1c6e:	b0 e0       	ldi	r27, 0x00	; 0
    1c70:	20 91 a4 01 	lds	r18, 0x01A4
    1c74:	30 91 a5 01 	lds	r19, 0x01A5
    1c78:	40 91 a6 01 	lds	r20, 0x01A6
    1c7c:	50 91 a7 01 	lds	r21, 0x01A7
    1c80:	bc 01       	movw	r22, r24
    1c82:	cd 01       	movw	r24, r26
    1c84:	0e 94 56 26 	call	0x4cac	; 0x4cac <__mulsi3>
    1c88:	9b 01       	movw	r18, r22
    1c8a:	ac 01       	movw	r20, r24
    1c8c:	80 91 ac 01 	lds	r24, 0x01AC
    1c90:	90 91 ad 01 	lds	r25, 0x01AD
    1c94:	a0 91 ae 01 	lds	r26, 0x01AE
    1c98:	b0 91 af 01 	lds	r27, 0x01AF
    1c9c:	28 17       	cp	r18, r24
    1c9e:	39 07       	cpc	r19, r25
    1ca0:	4a 07       	cpc	r20, r26
    1ca2:	5b 07       	cpc	r21, r27
    1ca4:	09 f0       	breq	.+2      	; 0x1ca8 <__vector_11+0x7c>
    1ca6:	48 c0       	rjmp	.+144    	; 0x1d38 <__vector_11+0x10c>
    1ca8:	80 91 68 01 	lds	r24, 0x0168
    1cac:	90 91 69 01 	lds	r25, 0x0169
    1cb0:	a0 91 6a 01 	lds	r26, 0x016A
    1cb4:	b0 91 6b 01 	lds	r27, 0x016B
    1cb8:	20 91 a4 01 	lds	r18, 0x01A4
    1cbc:	30 91 a5 01 	lds	r19, 0x01A5
    1cc0:	40 91 a6 01 	lds	r20, 0x01A6
    1cc4:	50 91 a7 01 	lds	r21, 0x01A7
    1cc8:	bc 01       	movw	r22, r24
    1cca:	cd 01       	movw	r24, r26
    1ccc:	0e 94 56 26 	call	0x4cac	; 0x4cac <__mulsi3>
    1cd0:	9b 01       	movw	r18, r22
    1cd2:	ac 01       	movw	r20, r24
    1cd4:	80 91 a8 01 	lds	r24, 0x01A8
    1cd8:	90 91 a9 01 	lds	r25, 0x01A9
    1cdc:	a0 91 aa 01 	lds	r26, 0x01AA
    1ce0:	b0 91 ab 01 	lds	r27, 0x01AB
    1ce4:	82 17       	cp	r24, r18
    1ce6:	93 07       	cpc	r25, r19
    1ce8:	a4 07       	cpc	r26, r20
    1cea:	b5 07       	cpc	r27, r21
    1cec:	28 f1       	brcs	.+74     	; 0x1d38 <__vector_11+0x10c>
	{
		ISR_u32ActionCounter++;
    1cee:	80 91 68 01 	lds	r24, 0x0168
    1cf2:	90 91 69 01 	lds	r25, 0x0169
    1cf6:	a0 91 6a 01 	lds	r26, 0x016A
    1cfa:	b0 91 6b 01 	lds	r27, 0x016B
    1cfe:	01 96       	adiw	r24, 0x01	; 1
    1d00:	a1 1d       	adc	r26, r1
    1d02:	b1 1d       	adc	r27, r1
    1d04:	80 93 68 01 	sts	0x0168, r24
    1d08:	90 93 69 01 	sts	0x0169, r25
    1d0c:	a0 93 6a 01 	sts	0x016A, r26
    1d10:	b0 93 6b 01 	sts	0x016B, r27
		TIMER0_APfunCallBack[TIMER0_DELAY_CALLBACK](TIMER0_APvidParameter[TIMER0_DELAY_CALLBACK]);
    1d14:	e0 91 b0 01 	lds	r30, 0x01B0
    1d18:	f0 91 b1 01 	lds	r31, 0x01B1
    1d1c:	80 91 b6 01 	lds	r24, 0x01B6
    1d20:	90 91 b7 01 	lds	r25, 0x01B7
    1d24:	09 95       	icall
		ISR_u32Counter=0;
    1d26:	10 92 ac 01 	sts	0x01AC, r1
    1d2a:	10 92 ad 01 	sts	0x01AD, r1
    1d2e:	10 92 ae 01 	sts	0x01AE, r1
    1d32:	10 92 af 01 	sts	0x01AF, r1
    1d36:	33 c0       	rjmp	.+102    	; 0x1d9e <__vector_11+0x172>
	}
	else
	{
		ISR_u32Counter++;
    1d38:	80 91 ac 01 	lds	r24, 0x01AC
    1d3c:	90 91 ad 01 	lds	r25, 0x01AD
    1d40:	a0 91 ae 01 	lds	r26, 0x01AE
    1d44:	b0 91 af 01 	lds	r27, 0x01AF
    1d48:	01 96       	adiw	r24, 0x01	; 1
    1d4a:	a1 1d       	adc	r26, r1
    1d4c:	b1 1d       	adc	r27, r1
    1d4e:	80 93 ac 01 	sts	0x01AC, r24
    1d52:	90 93 ad 01 	sts	0x01AD, r25
    1d56:	a0 93 ae 01 	sts	0x01AE, r26
    1d5a:	b0 93 af 01 	sts	0x01AF, r27
		if ( ((ISR_u32Counter % TIMER0_u8NumberOfOverflow) ==0 ) && TIMER0_u8Preload !=0 )
    1d5e:	80 91 ac 01 	lds	r24, 0x01AC
    1d62:	90 91 ad 01 	lds	r25, 0x01AD
    1d66:	a0 91 ae 01 	lds	r26, 0x01AE
    1d6a:	b0 91 af 01 	lds	r27, 0x01AF
    1d6e:	20 91 a2 01 	lds	r18, 0x01A2
    1d72:	22 2f       	mov	r18, r18
    1d74:	30 e0       	ldi	r19, 0x00	; 0
    1d76:	40 e0       	ldi	r20, 0x00	; 0
    1d78:	50 e0       	ldi	r21, 0x00	; 0
    1d7a:	bc 01       	movw	r22, r24
    1d7c:	cd 01       	movw	r24, r26
    1d7e:	0e 94 75 26 	call	0x4cea	; 0x4cea <__udivmodsi4>
    1d82:	dc 01       	movw	r26, r24
    1d84:	cb 01       	movw	r24, r22
    1d86:	00 97       	sbiw	r24, 0x00	; 0
    1d88:	a1 05       	cpc	r26, r1
    1d8a:	b1 05       	cpc	r27, r1
    1d8c:	41 f4       	brne	.+16     	; 0x1d9e <__vector_11+0x172>
    1d8e:	80 91 a3 01 	lds	r24, 0x01A3
    1d92:	88 23       	and	r24, r24
    1d94:	21 f0       	breq	.+8      	; 0x1d9e <__vector_11+0x172>
		{
			TIMER0_enuSetPreload(TIMER0_u8Preload);
    1d96:	80 91 a3 01 	lds	r24, 0x01A3
    1d9a:	0e 94 69 0b 	call	0x16d2	; 0x16d2 <TIMER0_enuSetPreload>
		}
	}

	if (TIMER0_APfunCallBack[TIMER0_OVF_CALLBACK] != NULL)
    1d9e:	80 91 b2 01 	lds	r24, 0x01B2
    1da2:	90 91 b3 01 	lds	r25, 0x01B3
    1da6:	00 97       	sbiw	r24, 0x00	; 0
    1da8:	49 f0       	breq	.+18     	; 0x1dbc <__vector_11+0x190>
	{
		TIMER0_APfunCallBack[TIMER0_OVF_CALLBACK](TIMER0_APvidParameter[TIMER0_OVF_CALLBACK]);
    1daa:	e0 91 b2 01 	lds	r30, 0x01B2
    1dae:	f0 91 b3 01 	lds	r31, 0x01B3
    1db2:	80 91 b8 01 	lds	r24, 0x01B8
    1db6:	90 91 b9 01 	lds	r25, 0x01B9
    1dba:	09 95       	icall
	}

}
    1dbc:	cf 91       	pop	r28
    1dbe:	df 91       	pop	r29
    1dc0:	ff 91       	pop	r31
    1dc2:	ef 91       	pop	r30
    1dc4:	bf 91       	pop	r27
    1dc6:	af 91       	pop	r26
    1dc8:	9f 91       	pop	r25
    1dca:	8f 91       	pop	r24
    1dcc:	7f 91       	pop	r23
    1dce:	6f 91       	pop	r22
    1dd0:	5f 91       	pop	r21
    1dd2:	4f 91       	pop	r20
    1dd4:	3f 91       	pop	r19
    1dd6:	2f 91       	pop	r18
    1dd8:	0f 90       	pop	r0
    1dda:	0f be       	out	0x3f, r0	; 63
    1ddc:	0f 90       	pop	r0
    1dde:	1f 90       	pop	r1
    1de0:	18 95       	reti

00001de2 <__vector_10>:

ISR(VECT_TIMER0_CTC)
{
    1de2:	1f 92       	push	r1
    1de4:	0f 92       	push	r0
    1de6:	0f b6       	in	r0, 0x3f	; 63
    1de8:	0f 92       	push	r0
    1dea:	11 24       	eor	r1, r1
    1dec:	2f 93       	push	r18
    1dee:	3f 93       	push	r19
    1df0:	4f 93       	push	r20
    1df2:	5f 93       	push	r21
    1df4:	6f 93       	push	r22
    1df6:	7f 93       	push	r23
    1df8:	8f 93       	push	r24
    1dfa:	9f 93       	push	r25
    1dfc:	af 93       	push	r26
    1dfe:	bf 93       	push	r27
    1e00:	ef 93       	push	r30
    1e02:	ff 93       	push	r31
    1e04:	df 93       	push	r29
    1e06:	cf 93       	push	r28
    1e08:	cd b7       	in	r28, 0x3d	; 61
    1e0a:	de b7       	in	r29, 0x3e	; 62
			TIMER0_enuSetPreload(TIMER0_u8Preload);
		}
	}
	*/

	if (TIMER0_APfunCallBack[TIMER0_CTC_CALLBACK] != NULL)
    1e0c:	80 91 b4 01 	lds	r24, 0x01B4
    1e10:	90 91 b5 01 	lds	r25, 0x01B5
    1e14:	00 97       	sbiw	r24, 0x00	; 0
    1e16:	49 f0       	breq	.+18     	; 0x1e2a <__vector_10+0x48>
	{
		TIMER0_APfunCallBack[TIMER0_CTC_CALLBACK](TIMER0_APvidParameter[TIMER0_CTC_CALLBACK]);
    1e18:	e0 91 b4 01 	lds	r30, 0x01B4
    1e1c:	f0 91 b5 01 	lds	r31, 0x01B5
    1e20:	80 91 ba 01 	lds	r24, 0x01BA
    1e24:	90 91 bb 01 	lds	r25, 0x01BB
    1e28:	09 95       	icall
	}
}
    1e2a:	cf 91       	pop	r28
    1e2c:	df 91       	pop	r29
    1e2e:	ff 91       	pop	r31
    1e30:	ef 91       	pop	r30
    1e32:	bf 91       	pop	r27
    1e34:	af 91       	pop	r26
    1e36:	9f 91       	pop	r25
    1e38:	8f 91       	pop	r24
    1e3a:	7f 91       	pop	r23
    1e3c:	6f 91       	pop	r22
    1e3e:	5f 91       	pop	r21
    1e40:	4f 91       	pop	r20
    1e42:	3f 91       	pop	r19
    1e44:	2f 91       	pop	r18
    1e46:	0f 90       	pop	r0
    1e48:	0f be       	out	0x3f, r0	; 63
    1e4a:	0f 90       	pop	r0
    1e4c:	1f 90       	pop	r1
    1e4e:	18 95       	reti

00001e50 <ICU_enuInit>:

static void (*ICU_PvCallBackFunc) (void*)=NULL;
static void *ICU_PvCallBackParameter=NULL;

ES_t ICU_enuInit(void)
{
    1e50:	df 93       	push	r29
    1e52:	cf 93       	push	r28
    1e54:	0f 92       	push	r0
    1e56:	cd b7       	in	r28, 0x3d	; 61
    1e58:	de b7       	in	r29, 0x3e	; 62
	ES_t Local_enuErrorState=ES_NOK;
    1e5a:	19 82       	std	Y+1, r1	; 0x01

#if ICU_TRIGGER_SOURCE==ICU_RISING_EDGE
	TCCR1B |= (1<<TCCR1B_ICES1);
    1e5c:	ae e4       	ldi	r26, 0x4E	; 78
    1e5e:	b0 e0       	ldi	r27, 0x00	; 0
    1e60:	ee e4       	ldi	r30, 0x4E	; 78
    1e62:	f0 e0       	ldi	r31, 0x00	; 0
    1e64:	80 81       	ld	r24, Z
    1e66:	80 64       	ori	r24, 0x40	; 64
    1e68:	8c 93       	st	X, r24
	Local_enuErrorState=ES_OK;
    1e6a:	81 e0       	ldi	r24, 0x01	; 1
    1e6c:	89 83       	std	Y+1, r24	; 0x01
#error "Attention!!, your ICU_TRIGGER_SOURCE Selection is Wrong...."

#endif


	return Local_enuErrorState;
    1e6e:	89 81       	ldd	r24, Y+1	; 0x01
}
    1e70:	0f 90       	pop	r0
    1e72:	cf 91       	pop	r28
    1e74:	df 91       	pop	r29
    1e76:	08 95       	ret

00001e78 <ICU_enuEnableINTERRUPT>:

ES_t ICU_enuEnableINTERRUPT(void)
{
    1e78:	df 93       	push	r29
    1e7a:	cf 93       	push	r28
    1e7c:	0f 92       	push	r0
    1e7e:	cd b7       	in	r28, 0x3d	; 61
    1e80:	de b7       	in	r29, 0x3e	; 62
	ES_t Local_enuErrorState=ES_NOK;
    1e82:	19 82       	std	Y+1, r1	; 0x01

	TIMSK |=(1<<TIMSK_TICIE1);
    1e84:	a9 e5       	ldi	r26, 0x59	; 89
    1e86:	b0 e0       	ldi	r27, 0x00	; 0
    1e88:	e9 e5       	ldi	r30, 0x59	; 89
    1e8a:	f0 e0       	ldi	r31, 0x00	; 0
    1e8c:	80 81       	ld	r24, Z
    1e8e:	80 62       	ori	r24, 0x20	; 32
    1e90:	8c 93       	st	X, r24
	Local_enuErrorState=ES_OK;
    1e92:	81 e0       	ldi	r24, 0x01	; 1
    1e94:	89 83       	std	Y+1, r24	; 0x01

	return Local_enuErrorState;
    1e96:	89 81       	ldd	r24, Y+1	; 0x01
}
    1e98:	0f 90       	pop	r0
    1e9a:	cf 91       	pop	r28
    1e9c:	df 91       	pop	r29
    1e9e:	08 95       	ret

00001ea0 <ICU_enuDisableINTERRUPT>:

ES_t ICU_enuDisableINTERRUPT(void)
{
    1ea0:	df 93       	push	r29
    1ea2:	cf 93       	push	r28
    1ea4:	0f 92       	push	r0
    1ea6:	cd b7       	in	r28, 0x3d	; 61
    1ea8:	de b7       	in	r29, 0x3e	; 62
	ES_t Local_enuErrorState=ES_NOK;
    1eaa:	19 82       	std	Y+1, r1	; 0x01

	TIMSK &=~(1<<TIMSK_TICIE1);
    1eac:	a9 e5       	ldi	r26, 0x59	; 89
    1eae:	b0 e0       	ldi	r27, 0x00	; 0
    1eb0:	e9 e5       	ldi	r30, 0x59	; 89
    1eb2:	f0 e0       	ldi	r31, 0x00	; 0
    1eb4:	80 81       	ld	r24, Z
    1eb6:	8f 7d       	andi	r24, 0xDF	; 223
    1eb8:	8c 93       	st	X, r24
	Local_enuErrorState=ES_OK;
    1eba:	81 e0       	ldi	r24, 0x01	; 1
    1ebc:	89 83       	std	Y+1, r24	; 0x01

	return Local_enuErrorState;
    1ebe:	89 81       	ldd	r24, Y+1	; 0x01
}
    1ec0:	0f 90       	pop	r0
    1ec2:	cf 91       	pop	r28
    1ec4:	df 91       	pop	r29
    1ec6:	08 95       	ret

00001ec8 <ICU_enuSetTriggerEdge>:

ES_t ICU_enuSetTriggerEdge(u8 Copy_u8Edge)
{
    1ec8:	df 93       	push	r29
    1eca:	cf 93       	push	r28
    1ecc:	00 d0       	rcall	.+0      	; 0x1ece <ICU_enuSetTriggerEdge+0x6>
    1ece:	cd b7       	in	r28, 0x3d	; 61
    1ed0:	de b7       	in	r29, 0x3e	; 62
    1ed2:	8a 83       	std	Y+2, r24	; 0x02
	ES_t Local_enuErrorState=ES_NOK;
    1ed4:	19 82       	std	Y+1, r1	; 0x01

	if(Copy_u8Edge==ICU_RISING_EDGE)
    1ed6:	8a 81       	ldd	r24, Y+2	; 0x02
    1ed8:	81 30       	cpi	r24, 0x01	; 1
    1eda:	51 f4       	brne	.+20     	; 0x1ef0 <ICU_enuSetTriggerEdge+0x28>
	{
		TCCR1B |= (1<<TCCR1B_ICES1);
    1edc:	ae e4       	ldi	r26, 0x4E	; 78
    1ede:	b0 e0       	ldi	r27, 0x00	; 0
    1ee0:	ee e4       	ldi	r30, 0x4E	; 78
    1ee2:	f0 e0       	ldi	r31, 0x00	; 0
    1ee4:	80 81       	ld	r24, Z
    1ee6:	80 64       	ori	r24, 0x40	; 64
    1ee8:	8c 93       	st	X, r24
		Local_enuErrorState=ES_OK;
    1eea:	81 e0       	ldi	r24, 0x01	; 1
    1eec:	89 83       	std	Y+1, r24	; 0x01
    1eee:	0f c0       	rjmp	.+30     	; 0x1f0e <ICU_enuSetTriggerEdge+0x46>
	}
	else if(Copy_u8Edge==ICU_FALLING_EDGE)
    1ef0:	8a 81       	ldd	r24, Y+2	; 0x02
    1ef2:	82 30       	cpi	r24, 0x02	; 2
    1ef4:	51 f4       	brne	.+20     	; 0x1f0a <ICU_enuSetTriggerEdge+0x42>
	{
		TCCR1B &=~(1<<TCCR1B_ICES1);
    1ef6:	ae e4       	ldi	r26, 0x4E	; 78
    1ef8:	b0 e0       	ldi	r27, 0x00	; 0
    1efa:	ee e4       	ldi	r30, 0x4E	; 78
    1efc:	f0 e0       	ldi	r31, 0x00	; 0
    1efe:	80 81       	ld	r24, Z
    1f00:	8f 7b       	andi	r24, 0xBF	; 191
    1f02:	8c 93       	st	X, r24
		Local_enuErrorState=ES_OK;
    1f04:	81 e0       	ldi	r24, 0x01	; 1
    1f06:	89 83       	std	Y+1, r24	; 0x01
    1f08:	02 c0       	rjmp	.+4      	; 0x1f0e <ICU_enuSetTriggerEdge+0x46>
	}
	else
	{
		Local_enuErrorState=ES_OUT_OF_RANGE;
    1f0a:	83 e0       	ldi	r24, 0x03	; 3
    1f0c:	89 83       	std	Y+1, r24	; 0x01
	}

	return Local_enuErrorState;
    1f0e:	89 81       	ldd	r24, Y+1	; 0x01
}
    1f10:	0f 90       	pop	r0
    1f12:	0f 90       	pop	r0
    1f14:	cf 91       	pop	r28
    1f16:	df 91       	pop	r29
    1f18:	08 95       	ret

00001f1a <ICU_enuReadInputCapture>:

ES_t ICU_enuReadInputCapture(u16 *Copy_pu16Value)
{
    1f1a:	df 93       	push	r29
    1f1c:	cf 93       	push	r28
    1f1e:	00 d0       	rcall	.+0      	; 0x1f20 <ICU_enuReadInputCapture+0x6>
    1f20:	0f 92       	push	r0
    1f22:	cd b7       	in	r28, 0x3d	; 61
    1f24:	de b7       	in	r29, 0x3e	; 62
    1f26:	9b 83       	std	Y+3, r25	; 0x03
    1f28:	8a 83       	std	Y+2, r24	; 0x02
	ES_t Local_enuErrorState=ES_NOK;
    1f2a:	19 82       	std	Y+1, r1	; 0x01

	*Copy_pu16Value=ICR1;
    1f2c:	e6 e4       	ldi	r30, 0x46	; 70
    1f2e:	f0 e0       	ldi	r31, 0x00	; 0
    1f30:	80 81       	ld	r24, Z
    1f32:	91 81       	ldd	r25, Z+1	; 0x01
    1f34:	ea 81       	ldd	r30, Y+2	; 0x02
    1f36:	fb 81       	ldd	r31, Y+3	; 0x03
    1f38:	91 83       	std	Z+1, r25	; 0x01
    1f3a:	80 83       	st	Z, r24
	Local_enuErrorState=ES_OK;
    1f3c:	81 e0       	ldi	r24, 0x01	; 1
    1f3e:	89 83       	std	Y+1, r24	; 0x01

	return Local_enuErrorState;
    1f40:	89 81       	ldd	r24, Y+1	; 0x01
}
    1f42:	0f 90       	pop	r0
    1f44:	0f 90       	pop	r0
    1f46:	0f 90       	pop	r0
    1f48:	cf 91       	pop	r28
    1f4a:	df 91       	pop	r29
    1f4c:	08 95       	ret

00001f4e <ICU_enuCallBack>:


ES_t ICU_enuCallBack(void (*Copy_PfunCallBack)(void*) , void * Copy_PvidParameter)
{
    1f4e:	df 93       	push	r29
    1f50:	cf 93       	push	r28
    1f52:	00 d0       	rcall	.+0      	; 0x1f54 <ICU_enuCallBack+0x6>
    1f54:	00 d0       	rcall	.+0      	; 0x1f56 <ICU_enuCallBack+0x8>
    1f56:	0f 92       	push	r0
    1f58:	cd b7       	in	r28, 0x3d	; 61
    1f5a:	de b7       	in	r29, 0x3e	; 62
    1f5c:	9b 83       	std	Y+3, r25	; 0x03
    1f5e:	8a 83       	std	Y+2, r24	; 0x02
    1f60:	7d 83       	std	Y+5, r23	; 0x05
    1f62:	6c 83       	std	Y+4, r22	; 0x04
	ES_t Local_enuErrorState=ES_NOK;
    1f64:	19 82       	std	Y+1, r1	; 0x01

	if(Copy_PfunCallBack!=NULL)
    1f66:	8a 81       	ldd	r24, Y+2	; 0x02
    1f68:	9b 81       	ldd	r25, Y+3	; 0x03
    1f6a:	00 97       	sbiw	r24, 0x00	; 0
    1f6c:	79 f0       	breq	.+30     	; 0x1f8c <ICU_enuCallBack+0x3e>
	{

		ICU_PvCallBackFunc  = Copy_PfunCallBack;
    1f6e:	8a 81       	ldd	r24, Y+2	; 0x02
    1f70:	9b 81       	ldd	r25, Y+3	; 0x03
    1f72:	90 93 c5 01 	sts	0x01C5, r25
    1f76:	80 93 c4 01 	sts	0x01C4, r24
		ICU_PvCallBackParameter = Copy_PvidParameter;
    1f7a:	8c 81       	ldd	r24, Y+4	; 0x04
    1f7c:	9d 81       	ldd	r25, Y+5	; 0x05
    1f7e:	90 93 c7 01 	sts	0x01C7, r25
    1f82:	80 93 c6 01 	sts	0x01C6, r24
		Local_enuErrorState=ES_OK;
    1f86:	81 e0       	ldi	r24, 0x01	; 1
    1f88:	89 83       	std	Y+1, r24	; 0x01
    1f8a:	02 c0       	rjmp	.+4      	; 0x1f90 <ICU_enuCallBack+0x42>
	}
	else
	{
		Local_enuErrorState =ES_NULL_POINTER;
    1f8c:	82 e0       	ldi	r24, 0x02	; 2
    1f8e:	89 83       	std	Y+1, r24	; 0x01
	}

	return Local_enuErrorState;
    1f90:	89 81       	ldd	r24, Y+1	; 0x01
}
    1f92:	0f 90       	pop	r0
    1f94:	0f 90       	pop	r0
    1f96:	0f 90       	pop	r0
    1f98:	0f 90       	pop	r0
    1f9a:	0f 90       	pop	r0
    1f9c:	cf 91       	pop	r28
    1f9e:	df 91       	pop	r29
    1fa0:	08 95       	ret

00001fa2 <__vector_6>:


ISR(VECT_TIMER1_ICU)
{
    1fa2:	1f 92       	push	r1
    1fa4:	0f 92       	push	r0
    1fa6:	0f b6       	in	r0, 0x3f	; 63
    1fa8:	0f 92       	push	r0
    1faa:	11 24       	eor	r1, r1
    1fac:	2f 93       	push	r18
    1fae:	3f 93       	push	r19
    1fb0:	4f 93       	push	r20
    1fb2:	5f 93       	push	r21
    1fb4:	6f 93       	push	r22
    1fb6:	7f 93       	push	r23
    1fb8:	8f 93       	push	r24
    1fba:	9f 93       	push	r25
    1fbc:	af 93       	push	r26
    1fbe:	bf 93       	push	r27
    1fc0:	ef 93       	push	r30
    1fc2:	ff 93       	push	r31
    1fc4:	df 93       	push	r29
    1fc6:	cf 93       	push	r28
    1fc8:	cd b7       	in	r28, 0x3d	; 61
    1fca:	de b7       	in	r29, 0x3e	; 62
	if (ICU_PvCallBackFunc != NULL)
    1fcc:	80 91 c4 01 	lds	r24, 0x01C4
    1fd0:	90 91 c5 01 	lds	r25, 0x01C5
    1fd4:	00 97       	sbiw	r24, 0x00	; 0
    1fd6:	49 f0       	breq	.+18     	; 0x1fea <__vector_6+0x48>
	{
		ICU_PvCallBackFunc(ICU_PvCallBackParameter);
    1fd8:	e0 91 c4 01 	lds	r30, 0x01C4
    1fdc:	f0 91 c5 01 	lds	r31, 0x01C5
    1fe0:	80 91 c6 01 	lds	r24, 0x01C6
    1fe4:	90 91 c7 01 	lds	r25, 0x01C7
    1fe8:	09 95       	icall
	}
}
    1fea:	cf 91       	pop	r28
    1fec:	df 91       	pop	r29
    1fee:	ff 91       	pop	r31
    1ff0:	ef 91       	pop	r30
    1ff2:	bf 91       	pop	r27
    1ff4:	af 91       	pop	r26
    1ff6:	9f 91       	pop	r25
    1ff8:	8f 91       	pop	r24
    1ffa:	7f 91       	pop	r23
    1ffc:	6f 91       	pop	r22
    1ffe:	5f 91       	pop	r21
    2000:	4f 91       	pop	r20
    2002:	3f 91       	pop	r19
    2004:	2f 91       	pop	r18
    2006:	0f 90       	pop	r0
    2008:	0f be       	out	0x3f, r0	; 63
    200a:	0f 90       	pop	r0
    200c:	1f 90       	pop	r1
    200e:	18 95       	reti

00002010 <IIC_enuInit>:
#include "TWI_priv.h"
#include "TWI_config.h"


ES_t IIC_enuInit(void)
{
    2010:	df 93       	push	r29
    2012:	cf 93       	push	r28
    2014:	0f 92       	push	r0
    2016:	cd b7       	in	r28, 0x3d	; 61
    2018:	de b7       	in	r29, 0x3e	; 62
	ES_t Local_enuErrorState=ES_NOK;
    201a:	19 82       	std	Y+1, r1	; 0x01

#if IIC_MODE==IIC_MASTER

	//set clock
	TWBR = (u8) BITRATE(IIC_CLOCK_SPEED);
    201c:	e0 e2       	ldi	r30, 0x20	; 32
    201e:	f0 e0       	ldi	r31, 0x00	; 0
    2020:	80 e2       	ldi	r24, 0x20	; 32
    2022:	80 83       	st	Z, r24

	//Select prescaler
#if IIC_PRES==1ul
	TWSR &=~(1<<TWSR_TWPS0);
    2024:	a1 e2       	ldi	r26, 0x21	; 33
    2026:	b0 e0       	ldi	r27, 0x00	; 0
    2028:	e1 e2       	ldi	r30, 0x21	; 33
    202a:	f0 e0       	ldi	r31, 0x00	; 0
    202c:	80 81       	ld	r24, Z
    202e:	8e 7f       	andi	r24, 0xFE	; 254
    2030:	8c 93       	st	X, r24
	TWSR &=~(1<<TWSR_TWPS1);
    2032:	a1 e2       	ldi	r26, 0x21	; 33
    2034:	b0 e0       	ldi	r27, 0x00	; 0
    2036:	e1 e2       	ldi	r30, 0x21	; 33
    2038:	f0 e0       	ldi	r31, 0x00	; 0
    203a:	80 81       	ld	r24, Z
    203c:	8d 7f       	andi	r24, 0xFD	; 253
    203e:	8c 93       	st	X, r24
	TWSR |= (1<<TWSR_TWPS1);

#endif

	// SET Master address
	TWAR &=~(1<<0);
    2040:	a2 e2       	ldi	r26, 0x22	; 34
    2042:	b0 e0       	ldi	r27, 0x00	; 0
    2044:	e2 e2       	ldi	r30, 0x22	; 34
    2046:	f0 e0       	ldi	r31, 0x00	; 0
    2048:	80 81       	ld	r24, Z
    204a:	8e 7f       	andi	r24, 0xFE	; 254
    204c:	8c 93       	st	X, r24
	TWAR = (IIC_NODE_ADDRESS<<1) | IIC_GENERAL_CALL;
    204e:	e2 e2       	ldi	r30, 0x22	; 34
    2050:	f0 e0       	ldi	r31, 0x00	; 0
    2052:	8a e0       	ldi	r24, 0x0A	; 10
    2054:	80 83       	st	Z, r24

	//Clear flag
	TWCR |= (1<<TWCR_TWINT);
    2056:	a6 e5       	ldi	r26, 0x56	; 86
    2058:	b0 e0       	ldi	r27, 0x00	; 0
    205a:	e6 e5       	ldi	r30, 0x56	; 86
    205c:	f0 e0       	ldi	r31, 0x00	; 0
    205e:	80 81       	ld	r24, Z
    2060:	80 68       	ori	r24, 0x80	; 128
    2062:	8c 93       	st	X, r24

	// Enable IIC
	TWCR |= (1<<TWCR_TWEN);
    2064:	a6 e5       	ldi	r26, 0x56	; 86
    2066:	b0 e0       	ldi	r27, 0x00	; 0
    2068:	e6 e5       	ldi	r30, 0x56	; 86
    206a:	f0 e0       	ldi	r31, 0x00	; 0
    206c:	80 81       	ld	r24, Z
    206e:	84 60       	ori	r24, 0x04	; 4
    2070:	8c 93       	st	X, r24

	Local_enuErrorState=ES_OK;
    2072:	81 e0       	ldi	r24, 0x01	; 1
    2074:	89 83       	std	Y+1, r24	; 0x01

#error "IIC mode selection is wrong"
#endif


	return Local_enuErrorState;
    2076:	89 81       	ldd	r24, Y+1	; 0x01
}
    2078:	0f 90       	pop	r0
    207a:	cf 91       	pop	r28
    207c:	df 91       	pop	r29
    207e:	08 95       	ret

00002080 <IIC_enuStartCondition>:

ES_t IIC_enuStartCondition(void)
{
    2080:	df 93       	push	r29
    2082:	cf 93       	push	r28
    2084:	0f 92       	push	r0
    2086:	cd b7       	in	r28, 0x3d	; 61
    2088:	de b7       	in	r29, 0x3e	; 62
	ES_t Local_enuErrorState=ES_NOK;
    208a:	19 82       	std	Y+1, r1	; 0x01

	TWCR |=(1<<TWCR_TWSTA);
    208c:	a6 e5       	ldi	r26, 0x56	; 86
    208e:	b0 e0       	ldi	r27, 0x00	; 0
    2090:	e6 e5       	ldi	r30, 0x56	; 86
    2092:	f0 e0       	ldi	r31, 0x00	; 0
    2094:	80 81       	ld	r24, Z
    2096:	80 62       	ori	r24, 0x20	; 32
    2098:	8c 93       	st	X, r24
	//Clear flag
	TWCR |= (1<<TWCR_TWINT);
    209a:	a6 e5       	ldi	r26, 0x56	; 86
    209c:	b0 e0       	ldi	r27, 0x00	; 0
    209e:	e6 e5       	ldi	r30, 0x56	; 86
    20a0:	f0 e0       	ldi	r31, 0x00	; 0
    20a2:	80 81       	ld	r24, Z
    20a4:	80 68       	ori	r24, 0x80	; 128
    20a6:	8c 93       	st	X, r24
	//wait on flag
	while(!((TWCR>>TWCR_TWINT)&1));
    20a8:	e6 e5       	ldi	r30, 0x56	; 86
    20aa:	f0 e0       	ldi	r31, 0x00	; 0
    20ac:	80 81       	ld	r24, Z
    20ae:	88 23       	and	r24, r24
    20b0:	dc f7       	brge	.-10     	; 0x20a8 <IIC_enuStartCondition+0x28>


	//check start condition state
	if((TWSR & 0xF8)==0x08)    //Master transmit
    20b2:	e1 e2       	ldi	r30, 0x21	; 33
    20b4:	f0 e0       	ldi	r31, 0x00	; 0
    20b6:	80 81       	ld	r24, Z
    20b8:	88 2f       	mov	r24, r24
    20ba:	90 e0       	ldi	r25, 0x00	; 0
    20bc:	88 7f       	andi	r24, 0xF8	; 248
    20be:	90 70       	andi	r25, 0x00	; 0
    20c0:	88 30       	cpi	r24, 0x08	; 8
    20c2:	91 05       	cpc	r25, r1
    20c4:	11 f4       	brne	.+4      	; 0x20ca <IIC_enuStartCondition+0x4a>
	{
		Local_enuErrorState=ES_OK;
    20c6:	81 e0       	ldi	r24, 0x01	; 1
    20c8:	89 83       	std	Y+1, r24	; 0x01
	}

	return Local_enuErrorState;
    20ca:	89 81       	ldd	r24, Y+1	; 0x01
}
    20cc:	0f 90       	pop	r0
    20ce:	cf 91       	pop	r28
    20d0:	df 91       	pop	r29
    20d2:	08 95       	ret

000020d4 <IIC_enuRepeatedStartCondition>:

ES_t IIC_enuRepeatedStartCondition(void)
{
    20d4:	df 93       	push	r29
    20d6:	cf 93       	push	r28
    20d8:	0f 92       	push	r0
    20da:	cd b7       	in	r28, 0x3d	; 61
    20dc:	de b7       	in	r29, 0x3e	; 62
	ES_t Local_enuErrorState=ES_NOK;
    20de:	19 82       	std	Y+1, r1	; 0x01

	TWCR |=(1<<TWCR_TWSTA);
    20e0:	a6 e5       	ldi	r26, 0x56	; 86
    20e2:	b0 e0       	ldi	r27, 0x00	; 0
    20e4:	e6 e5       	ldi	r30, 0x56	; 86
    20e6:	f0 e0       	ldi	r31, 0x00	; 0
    20e8:	80 81       	ld	r24, Z
    20ea:	80 62       	ori	r24, 0x20	; 32
    20ec:	8c 93       	st	X, r24
	//Clear flag
	TWCR |= (1<<TWCR_TWINT);
    20ee:	a6 e5       	ldi	r26, 0x56	; 86
    20f0:	b0 e0       	ldi	r27, 0x00	; 0
    20f2:	e6 e5       	ldi	r30, 0x56	; 86
    20f4:	f0 e0       	ldi	r31, 0x00	; 0
    20f6:	80 81       	ld	r24, Z
    20f8:	80 68       	ori	r24, 0x80	; 128
    20fa:	8c 93       	st	X, r24
	//wait on flag
	while(!((TWCR>>TWCR_TWINT)&1));
    20fc:	e6 e5       	ldi	r30, 0x56	; 86
    20fe:	f0 e0       	ldi	r31, 0x00	; 0
    2100:	80 81       	ld	r24, Z
    2102:	88 23       	and	r24, r24
    2104:	dc f7       	brge	.-10     	; 0x20fc <IIC_enuRepeatedStartCondition+0x28>

	//check  repeated start condition state
	if((TWSR & 0xF8)==0x10)  //Master transmit
    2106:	e1 e2       	ldi	r30, 0x21	; 33
    2108:	f0 e0       	ldi	r31, 0x00	; 0
    210a:	80 81       	ld	r24, Z
    210c:	88 2f       	mov	r24, r24
    210e:	90 e0       	ldi	r25, 0x00	; 0
    2110:	88 7f       	andi	r24, 0xF8	; 248
    2112:	90 70       	andi	r25, 0x00	; 0
    2114:	80 31       	cpi	r24, 0x10	; 16
    2116:	91 05       	cpc	r25, r1
    2118:	11 f4       	brne	.+4      	; 0x211e <IIC_enuRepeatedStartCondition+0x4a>
	{

		Local_enuErrorState=ES_OK;
    211a:	81 e0       	ldi	r24, 0x01	; 1
    211c:	89 83       	std	Y+1, r24	; 0x01
	}
	return Local_enuErrorState;
    211e:	89 81       	ldd	r24, Y+1	; 0x01
}
    2120:	0f 90       	pop	r0
    2122:	cf 91       	pop	r28
    2124:	df 91       	pop	r29
    2126:	08 95       	ret

00002128 <IIC_enuStopCondition>:

ES_t IIC_enuStopCondition(void)
{
    2128:	df 93       	push	r29
    212a:	cf 93       	push	r28
    212c:	0f 92       	push	r0
    212e:	cd b7       	in	r28, 0x3d	; 61
    2130:	de b7       	in	r29, 0x3e	; 62
	ES_t Local_enuErrorState=ES_NOK;
    2132:	19 82       	std	Y+1, r1	; 0x01

	TWCR |=(1<<TWCR_TWSTO);
    2134:	a6 e5       	ldi	r26, 0x56	; 86
    2136:	b0 e0       	ldi	r27, 0x00	; 0
    2138:	e6 e5       	ldi	r30, 0x56	; 86
    213a:	f0 e0       	ldi	r31, 0x00	; 0
    213c:	80 81       	ld	r24, Z
    213e:	80 61       	ori	r24, 0x10	; 16
    2140:	8c 93       	st	X, r24
	//Clear flag
	TWCR |= (1<<TWCR_TWINT);
    2142:	a6 e5       	ldi	r26, 0x56	; 86
    2144:	b0 e0       	ldi	r27, 0x00	; 0
    2146:	e6 e5       	ldi	r30, 0x56	; 86
    2148:	f0 e0       	ldi	r31, 0x00	; 0
    214a:	80 81       	ld	r24, Z
    214c:	80 68       	ori	r24, 0x80	; 128
    214e:	8c 93       	st	X, r24

	Local_enuErrorState=ES_OK;
    2150:	81 e0       	ldi	r24, 0x01	; 1
    2152:	89 83       	std	Y+1, r24	; 0x01

	return Local_enuErrorState;
    2154:	89 81       	ldd	r24, Y+1	; 0x01
}
    2156:	0f 90       	pop	r0
    2158:	cf 91       	pop	r28
    215a:	df 91       	pop	r29
    215c:	08 95       	ret

0000215e <IIC_enuWriteSlaveAddress>:

ES_t IIC_enuWriteSlaveAddress(u8 Copy_u8SlaveAddress, u8 Copy_u8Operation)
{
    215e:	df 93       	push	r29
    2160:	cf 93       	push	r28
    2162:	00 d0       	rcall	.+0      	; 0x2164 <IIC_enuWriteSlaveAddress+0x6>
    2164:	0f 92       	push	r0
    2166:	cd b7       	in	r28, 0x3d	; 61
    2168:	de b7       	in	r29, 0x3e	; 62
    216a:	8a 83       	std	Y+2, r24	; 0x02
    216c:	6b 83       	std	Y+3, r22	; 0x03
	ES_t Local_enuErrorState=ES_NOK;
    216e:	19 82       	std	Y+1, r1	; 0x01

	if(Copy_u8SlaveAddress>=2 && Copy_u8SlaveAddress<=118 && Copy_u8Operation>=0 && Copy_u8Operation<=1)
    2170:	8a 81       	ldd	r24, Y+2	; 0x02
    2172:	82 30       	cpi	r24, 0x02	; 2
    2174:	08 f4       	brcc	.+2      	; 0x2178 <IIC_enuWriteSlaveAddress+0x1a>
    2176:	3d c0       	rjmp	.+122    	; 0x21f2 <IIC_enuWriteSlaveAddress+0x94>
    2178:	8a 81       	ldd	r24, Y+2	; 0x02
    217a:	87 37       	cpi	r24, 0x77	; 119
    217c:	d0 f5       	brcc	.+116    	; 0x21f2 <IIC_enuWriteSlaveAddress+0x94>
    217e:	8b 81       	ldd	r24, Y+3	; 0x03
    2180:	82 30       	cpi	r24, 0x02	; 2
    2182:	b8 f5       	brcc	.+110    	; 0x21f2 <IIC_enuWriteSlaveAddress+0x94>
	{
		/*//clear start condition
		TWCR &=~(1<<TWCR_TWSTA);*/

		TWDR = ((Copy_u8SlaveAddress<<1)|Copy_u8Operation);
    2184:	e3 e2       	ldi	r30, 0x23	; 35
    2186:	f0 e0       	ldi	r31, 0x00	; 0
    2188:	8a 81       	ldd	r24, Y+2	; 0x02
    218a:	88 2f       	mov	r24, r24
    218c:	90 e0       	ldi	r25, 0x00	; 0
    218e:	88 0f       	add	r24, r24
    2190:	99 1f       	adc	r25, r25
    2192:	98 2f       	mov	r25, r24
    2194:	8b 81       	ldd	r24, Y+3	; 0x03
    2196:	89 2b       	or	r24, r25
    2198:	80 83       	st	Z, r24
		//Clear flag
		TWCR |= (1<<TWCR_TWINT);
    219a:	a6 e5       	ldi	r26, 0x56	; 86
    219c:	b0 e0       	ldi	r27, 0x00	; 0
    219e:	e6 e5       	ldi	r30, 0x56	; 86
    21a0:	f0 e0       	ldi	r31, 0x00	; 0
    21a2:	80 81       	ld	r24, Z
    21a4:	80 68       	ori	r24, 0x80	; 128
    21a6:	8c 93       	st	X, r24
		//wait on flag
		while(!((TWCR>>TWCR_TWINT)&1));
    21a8:	e6 e5       	ldi	r30, 0x56	; 86
    21aa:	f0 e0       	ldi	r31, 0x00	; 0
    21ac:	80 81       	ld	r24, Z
    21ae:	88 23       	and	r24, r24
    21b0:	dc f7       	brge	.-10     	; 0x21a8 <IIC_enuWriteSlaveAddress+0x4a>
		//check   state
		if((TWSR & 0xF8)==0x18 && Copy_u8Operation==0) //SLA+W+ACK //Master transmit
    21b2:	e1 e2       	ldi	r30, 0x21	; 33
    21b4:	f0 e0       	ldi	r31, 0x00	; 0
    21b6:	80 81       	ld	r24, Z
    21b8:	88 2f       	mov	r24, r24
    21ba:	90 e0       	ldi	r25, 0x00	; 0
    21bc:	88 7f       	andi	r24, 0xF8	; 248
    21be:	90 70       	andi	r25, 0x00	; 0
    21c0:	88 31       	cpi	r24, 0x18	; 24
    21c2:	91 05       	cpc	r25, r1
    21c4:	31 f4       	brne	.+12     	; 0x21d2 <IIC_enuWriteSlaveAddress+0x74>
    21c6:	8b 81       	ldd	r24, Y+3	; 0x03
    21c8:	88 23       	and	r24, r24
    21ca:	19 f4       	brne	.+6      	; 0x21d2 <IIC_enuWriteSlaveAddress+0x74>
		{
			Local_enuErrorState=ES_OK;
    21cc:	81 e0       	ldi	r24, 0x01	; 1
    21ce:	89 83       	std	Y+1, r24	; 0x01
    21d0:	12 c0       	rjmp	.+36     	; 0x21f6 <IIC_enuWriteSlaveAddress+0x98>
		}
		else if((TWSR & 0xF8)==0x40 && Copy_u8Operation==1) //SLA+R+ACK //Master recieve
    21d2:	e1 e2       	ldi	r30, 0x21	; 33
    21d4:	f0 e0       	ldi	r31, 0x00	; 0
    21d6:	80 81       	ld	r24, Z
    21d8:	88 2f       	mov	r24, r24
    21da:	90 e0       	ldi	r25, 0x00	; 0
    21dc:	88 7f       	andi	r24, 0xF8	; 248
    21de:	90 70       	andi	r25, 0x00	; 0
    21e0:	80 34       	cpi	r24, 0x40	; 64
    21e2:	91 05       	cpc	r25, r1
    21e4:	41 f4       	brne	.+16     	; 0x21f6 <IIC_enuWriteSlaveAddress+0x98>
    21e6:	8b 81       	ldd	r24, Y+3	; 0x03
    21e8:	81 30       	cpi	r24, 0x01	; 1
    21ea:	29 f4       	brne	.+10     	; 0x21f6 <IIC_enuWriteSlaveAddress+0x98>
		{
			Local_enuErrorState=ES_OK;
    21ec:	81 e0       	ldi	r24, 0x01	; 1
    21ee:	89 83       	std	Y+1, r24	; 0x01
    21f0:	02 c0       	rjmp	.+4      	; 0x21f6 <IIC_enuWriteSlaveAddress+0x98>
		}

	}
	else
	{
		Local_enuErrorState=ES_OUT_OF_RANGE;
    21f2:	83 e0       	ldi	r24, 0x03	; 3
    21f4:	89 83       	std	Y+1, r24	; 0x01
	}

	//clear start condition
	TWCR &=~(1<<TWCR_TWSTA);
    21f6:	a6 e5       	ldi	r26, 0x56	; 86
    21f8:	b0 e0       	ldi	r27, 0x00	; 0
    21fa:	e6 e5       	ldi	r30, 0x56	; 86
    21fc:	f0 e0       	ldi	r31, 0x00	; 0
    21fe:	80 81       	ld	r24, Z
    2200:	8f 7d       	andi	r24, 0xDF	; 223
    2202:	8c 93       	st	X, r24

	return Local_enuErrorState;
    2204:	89 81       	ldd	r24, Y+1	; 0x01
}
    2206:	0f 90       	pop	r0
    2208:	0f 90       	pop	r0
    220a:	0f 90       	pop	r0
    220c:	cf 91       	pop	r28
    220e:	df 91       	pop	r29
    2210:	08 95       	ret

00002212 <IIC_enuWriteData>:

ES_t IIC_enuWriteData(u8 Copy_u8Data)
{
    2212:	df 93       	push	r29
    2214:	cf 93       	push	r28
    2216:	00 d0       	rcall	.+0      	; 0x2218 <IIC_enuWriteData+0x6>
    2218:	cd b7       	in	r28, 0x3d	; 61
    221a:	de b7       	in	r29, 0x3e	; 62
    221c:	8a 83       	std	Y+2, r24	; 0x02
	ES_t Local_enuErrorState=ES_NOK;
    221e:	19 82       	std	Y+1, r1	; 0x01

	TWDR = Copy_u8Data;
    2220:	e3 e2       	ldi	r30, 0x23	; 35
    2222:	f0 e0       	ldi	r31, 0x00	; 0
    2224:	8a 81       	ldd	r24, Y+2	; 0x02
    2226:	80 83       	st	Z, r24
	//Clear flag
	TWCR |= (1<<TWCR_TWINT);
    2228:	a6 e5       	ldi	r26, 0x56	; 86
    222a:	b0 e0       	ldi	r27, 0x00	; 0
    222c:	e6 e5       	ldi	r30, 0x56	; 86
    222e:	f0 e0       	ldi	r31, 0x00	; 0
    2230:	80 81       	ld	r24, Z
    2232:	80 68       	ori	r24, 0x80	; 128
    2234:	8c 93       	st	X, r24
	//wait on flag
	while(!((TWCR>>TWCR_TWINT)&1));
    2236:	e6 e5       	ldi	r30, 0x56	; 86
    2238:	f0 e0       	ldi	r31, 0x00	; 0
    223a:	80 81       	ld	r24, Z
    223c:	88 23       	and	r24, r24
    223e:	dc f7       	brge	.-10     	; 0x2236 <IIC_enuWriteData+0x24>
	//check   state
	if((TWSR & 0xF8)==0x28 ) //Data+ACK //Master transmit
    2240:	e1 e2       	ldi	r30, 0x21	; 33
    2242:	f0 e0       	ldi	r31, 0x00	; 0
    2244:	80 81       	ld	r24, Z
    2246:	88 2f       	mov	r24, r24
    2248:	90 e0       	ldi	r25, 0x00	; 0
    224a:	88 7f       	andi	r24, 0xF8	; 248
    224c:	90 70       	andi	r25, 0x00	; 0
    224e:	88 32       	cpi	r24, 0x28	; 40
    2250:	91 05       	cpc	r25, r1
    2252:	11 f4       	brne	.+4      	; 0x2258 <IIC_enuWriteData+0x46>
	{
		Local_enuErrorState=ES_OK;
    2254:	81 e0       	ldi	r24, 0x01	; 1
    2256:	89 83       	std	Y+1, r24	; 0x01
	}


	return Local_enuErrorState;
    2258:	89 81       	ldd	r24, Y+1	; 0x01
}
    225a:	0f 90       	pop	r0
    225c:	0f 90       	pop	r0
    225e:	cf 91       	pop	r28
    2260:	df 91       	pop	r29
    2262:	08 95       	ret

00002264 <IIC_enuCheckMyAddress>:

ES_t IIC_enuCheckMyAddress(void)
{
    2264:	df 93       	push	r29
    2266:	cf 93       	push	r28
    2268:	0f 92       	push	r0
    226a:	cd b7       	in	r28, 0x3d	; 61
    226c:	de b7       	in	r29, 0x3e	; 62
	ES_t Local_enuErrorState=ES_NOK;
    226e:	19 82       	std	Y+1, r1	; 0x01

	//set ACK bit
	TWCR |=(1<<TWCR_TWEA);
    2270:	a6 e5       	ldi	r26, 0x56	; 86
    2272:	b0 e0       	ldi	r27, 0x00	; 0
    2274:	e6 e5       	ldi	r30, 0x56	; 86
    2276:	f0 e0       	ldi	r31, 0x00	; 0
    2278:	80 81       	ld	r24, Z
    227a:	80 64       	ori	r24, 0x40	; 64
    227c:	8c 93       	st	X, r24
	//Clear flag
	TWCR |= (1<<TWCR_TWINT);
    227e:	a6 e5       	ldi	r26, 0x56	; 86
    2280:	b0 e0       	ldi	r27, 0x00	; 0
    2282:	e6 e5       	ldi	r30, 0x56	; 86
    2284:	f0 e0       	ldi	r31, 0x00	; 0
    2286:	80 81       	ld	r24, Z
    2288:	80 68       	ori	r24, 0x80	; 128
    228a:	8c 93       	st	X, r24
	//wait on flag
	while(!((TWCR>>TWCR_TWINT)&1));
    228c:	e6 e5       	ldi	r30, 0x56	; 86
    228e:	f0 e0       	ldi	r31, 0x00	; 0
    2290:	80 81       	ld	r24, Z
    2292:	88 23       	and	r24, r24
    2294:	dc f7       	brge	.-10     	; 0x228c <IIC_enuCheckMyAddress+0x28>
	//check state
	if((TWSR & 0xF8)==0xA8 ) //SLA+W+ACK //slave transmit
    2296:	e1 e2       	ldi	r30, 0x21	; 33
    2298:	f0 e0       	ldi	r31, 0x00	; 0
    229a:	80 81       	ld	r24, Z
    229c:	88 2f       	mov	r24, r24
    229e:	90 e0       	ldi	r25, 0x00	; 0
    22a0:	88 7f       	andi	r24, 0xF8	; 248
    22a2:	90 70       	andi	r25, 0x00	; 0
    22a4:	88 3a       	cpi	r24, 0xA8	; 168
    22a6:	91 05       	cpc	r25, r1
    22a8:	19 f4       	brne	.+6      	; 0x22b0 <IIC_enuCheckMyAddress+0x4c>
	{

		Local_enuErrorState=ES_OK;
    22aa:	81 e0       	ldi	r24, 0x01	; 1
    22ac:	89 83       	std	Y+1, r24	; 0x01
    22ae:	0c c0       	rjmp	.+24     	; 0x22c8 <IIC_enuCheckMyAddress+0x64>
	}
	else if((TWSR & 0xF8)==0x60 ) //SLA+W+ACK //slave recieve
    22b0:	e1 e2       	ldi	r30, 0x21	; 33
    22b2:	f0 e0       	ldi	r31, 0x00	; 0
    22b4:	80 81       	ld	r24, Z
    22b6:	88 2f       	mov	r24, r24
    22b8:	90 e0       	ldi	r25, 0x00	; 0
    22ba:	88 7f       	andi	r24, 0xF8	; 248
    22bc:	90 70       	andi	r25, 0x00	; 0
    22be:	80 36       	cpi	r24, 0x60	; 96
    22c0:	91 05       	cpc	r25, r1
    22c2:	11 f4       	brne	.+4      	; 0x22c8 <IIC_enuCheckMyAddress+0x64>
	{

		Local_enuErrorState=ES_OK;
    22c4:	81 e0       	ldi	r24, 0x01	; 1
    22c6:	89 83       	std	Y+1, r24	; 0x01
	}


	return Local_enuErrorState;
    22c8:	89 81       	ldd	r24, Y+1	; 0x01
}
    22ca:	0f 90       	pop	r0
    22cc:	cf 91       	pop	r28
    22ce:	df 91       	pop	r29
    22d0:	08 95       	ret

000022d2 <IIC_enuReadData>:

ES_t IIC_enuReadData(u8 * Copy_pu8Data)
{
    22d2:	df 93       	push	r29
    22d4:	cf 93       	push	r28
    22d6:	00 d0       	rcall	.+0      	; 0x22d8 <IIC_enuReadData+0x6>
    22d8:	0f 92       	push	r0
    22da:	cd b7       	in	r28, 0x3d	; 61
    22dc:	de b7       	in	r29, 0x3e	; 62
    22de:	9b 83       	std	Y+3, r25	; 0x03
    22e0:	8a 83       	std	Y+2, r24	; 0x02
	ES_t Local_enuErrorState=ES_NOK;
    22e2:	19 82       	std	Y+1, r1	; 0x01

	//Clear flag
	TWCR |= (1<<TWCR_TWINT);
    22e4:	a6 e5       	ldi	r26, 0x56	; 86
    22e6:	b0 e0       	ldi	r27, 0x00	; 0
    22e8:	e6 e5       	ldi	r30, 0x56	; 86
    22ea:	f0 e0       	ldi	r31, 0x00	; 0
    22ec:	80 81       	ld	r24, Z
    22ee:	80 68       	ori	r24, 0x80	; 128
    22f0:	8c 93       	st	X, r24
	//wait on flag
	while(!((TWCR>>TWCR_TWINT)&1));
    22f2:	e6 e5       	ldi	r30, 0x56	; 86
    22f4:	f0 e0       	ldi	r31, 0x00	; 0
    22f6:	80 81       	ld	r24, Z
    22f8:	88 23       	and	r24, r24
    22fa:	dc f7       	brge	.-10     	; 0x22f2 <IIC_enuReadData+0x20>


	//check   state
	if( (TWSR & 0xF8) == 0x58   ) //Data+ not ACK //Master recieve
    22fc:	e1 e2       	ldi	r30, 0x21	; 33
    22fe:	f0 e0       	ldi	r31, 0x00	; 0
    2300:	80 81       	ld	r24, Z
    2302:	88 2f       	mov	r24, r24
    2304:	90 e0       	ldi	r25, 0x00	; 0
    2306:	88 7f       	andi	r24, 0xF8	; 248
    2308:	90 70       	andi	r25, 0x00	; 0
    230a:	88 35       	cpi	r24, 0x58	; 88
    230c:	91 05       	cpc	r25, r1
    230e:	49 f4       	brne	.+18     	; 0x2322 <IIC_enuReadData+0x50>
	{
		*Copy_pu8Data = TWDR;
    2310:	e3 e2       	ldi	r30, 0x23	; 35
    2312:	f0 e0       	ldi	r31, 0x00	; 0
    2314:	80 81       	ld	r24, Z
    2316:	ea 81       	ldd	r30, Y+2	; 0x02
    2318:	fb 81       	ldd	r31, Y+3	; 0x03
    231a:	80 83       	st	Z, r24
		Local_enuErrorState=ES_OK;
    231c:	81 e0       	ldi	r24, 0x01	; 1
    231e:	89 83       	std	Y+1, r24	; 0x01
    2320:	12 c0       	rjmp	.+36     	; 0x2346 <IIC_enuReadData+0x74>
	}
	else if((TWSR & 0xF8)==0x80 ) //Data+ACK //slave recieve
    2322:	e1 e2       	ldi	r30, 0x21	; 33
    2324:	f0 e0       	ldi	r31, 0x00	; 0
    2326:	80 81       	ld	r24, Z
    2328:	88 2f       	mov	r24, r24
    232a:	90 e0       	ldi	r25, 0x00	; 0
    232c:	88 7f       	andi	r24, 0xF8	; 248
    232e:	90 70       	andi	r25, 0x00	; 0
    2330:	80 38       	cpi	r24, 0x80	; 128
    2332:	91 05       	cpc	r25, r1
    2334:	41 f4       	brne	.+16     	; 0x2346 <IIC_enuReadData+0x74>
	{
		*Copy_pu8Data = TWDR;
    2336:	e3 e2       	ldi	r30, 0x23	; 35
    2338:	f0 e0       	ldi	r31, 0x00	; 0
    233a:	80 81       	ld	r24, Z
    233c:	ea 81       	ldd	r30, Y+2	; 0x02
    233e:	fb 81       	ldd	r31, Y+3	; 0x03
    2340:	80 83       	st	Z, r24
		Local_enuErrorState=ES_OK;
    2342:	81 e0       	ldi	r24, 0x01	; 1
    2344:	89 83       	std	Y+1, r24	; 0x01
	}


	return Local_enuErrorState;
    2346:	89 81       	ldd	r24, Y+1	; 0x01
}
    2348:	0f 90       	pop	r0
    234a:	0f 90       	pop	r0
    234c:	0f 90       	pop	r0
    234e:	cf 91       	pop	r28
    2350:	df 91       	pop	r29
    2352:	08 95       	ret

00002354 <GIE_enuEnable>:

#include "GIE_priv.h"


ES_t GIE_enuEnable(void)
{
    2354:	df 93       	push	r29
    2356:	cf 93       	push	r28
    2358:	0f 92       	push	r0
    235a:	cd b7       	in	r28, 0x3d	; 61
    235c:	de b7       	in	r29, 0x3e	; 62
	ES_t Local_enuErrorState=ES_NOK;
    235e:	19 82       	std	Y+1, r1	; 0x01

	SREG |=(1<<7);
    2360:	af e5       	ldi	r26, 0x5F	; 95
    2362:	b0 e0       	ldi	r27, 0x00	; 0
    2364:	ef e5       	ldi	r30, 0x5F	; 95
    2366:	f0 e0       	ldi	r31, 0x00	; 0
    2368:	80 81       	ld	r24, Z
    236a:	80 68       	ori	r24, 0x80	; 128
    236c:	8c 93       	st	X, r24
	Local_enuErrorState=ES_OK;
    236e:	81 e0       	ldi	r24, 0x01	; 1
    2370:	89 83       	std	Y+1, r24	; 0x01

	return Local_enuErrorState;
    2372:	89 81       	ldd	r24, Y+1	; 0x01
}
    2374:	0f 90       	pop	r0
    2376:	cf 91       	pop	r28
    2378:	df 91       	pop	r29
    237a:	08 95       	ret

0000237c <GIE_enuDisable>:


ES_t GIE_enuDisable(void)
{
    237c:	df 93       	push	r29
    237e:	cf 93       	push	r28
    2380:	0f 92       	push	r0
    2382:	cd b7       	in	r28, 0x3d	; 61
    2384:	de b7       	in	r29, 0x3e	; 62
	ES_t Local_enuErrorState=ES_NOK;
    2386:	19 82       	std	Y+1, r1	; 0x01

	SREG &=~(1<<7);
    2388:	af e5       	ldi	r26, 0x5F	; 95
    238a:	b0 e0       	ldi	r27, 0x00	; 0
    238c:	ef e5       	ldi	r30, 0x5F	; 95
    238e:	f0 e0       	ldi	r31, 0x00	; 0
    2390:	80 81       	ld	r24, Z
    2392:	8f 77       	andi	r24, 0x7F	; 127
    2394:	8c 93       	st	X, r24
	Local_enuErrorState=ES_OK;
    2396:	81 e0       	ldi	r24, 0x01	; 1
    2398:	89 83       	std	Y+1, r24	; 0x01

	return Local_enuErrorState;
    239a:	89 81       	ldd	r24, Y+1	; 0x01
}
    239c:	0f 90       	pop	r0
    239e:	cf 91       	pop	r28
    23a0:	df 91       	pop	r29
    23a2:	08 95       	ret

000023a4 <EINT_enuInit>:

static volatile void* EINT_ApvoidINT[3]={NULL,NULL,NULL};


ES_t EINT_enuInit(EINT_t* Copy_pstrEINT)
{
    23a4:	df 93       	push	r29
    23a6:	cf 93       	push	r28
    23a8:	cd b7       	in	r28, 0x3d	; 61
    23aa:	de b7       	in	r29, 0x3e	; 62
    23ac:	2c 97       	sbiw	r28, 0x0c	; 12
    23ae:	0f b6       	in	r0, 0x3f	; 63
    23b0:	f8 94       	cli
    23b2:	de bf       	out	0x3e, r29	; 62
    23b4:	0f be       	out	0x3f, r0	; 63
    23b6:	cd bf       	out	0x3d, r28	; 61
    23b8:	9c 83       	std	Y+4, r25	; 0x04
    23ba:	8b 83       	std	Y+3, r24	; 0x03
	ES_t Local_enuErrorstate=ES_NOK;
    23bc:	1a 82       	std	Y+2, r1	; 0x02

	if(Copy_pstrEINT!=NULL)
    23be:	8b 81       	ldd	r24, Y+3	; 0x03
    23c0:	9c 81       	ldd	r25, Y+4	; 0x04
    23c2:	00 97       	sbiw	r24, 0x00	; 0
    23c4:	09 f4       	brne	.+2      	; 0x23c8 <EINT_enuInit+0x24>
    23c6:	42 c1       	rjmp	.+644    	; 0x264c <EINT_enuInit+0x2a8>
	{
		u8 Local_u8Iter=0;
    23c8:	19 82       	std	Y+1, r1	; 0x01
		for(Local_u8Iter=0;Local_u8Iter<3;Local_u8Iter++)
    23ca:	19 82       	std	Y+1, r1	; 0x01
    23cc:	3a c1       	rjmp	.+628    	; 0x2642 <EINT_enuInit+0x29e>
		{
			if(Copy_pstrEINT[Local_u8Iter].EINT_u8State==EINT_ENABLED)
    23ce:	89 81       	ldd	r24, Y+1	; 0x01
    23d0:	88 2f       	mov	r24, r24
    23d2:	90 e0       	ldi	r25, 0x00	; 0
    23d4:	9c 01       	movw	r18, r24
    23d6:	22 0f       	add	r18, r18
    23d8:	33 1f       	adc	r19, r19
    23da:	8b 81       	ldd	r24, Y+3	; 0x03
    23dc:	9c 81       	ldd	r25, Y+4	; 0x04
    23de:	fc 01       	movw	r30, r24
    23e0:	e2 0f       	add	r30, r18
    23e2:	f3 1f       	adc	r31, r19
    23e4:	80 81       	ld	r24, Z
    23e6:	81 30       	cpi	r24, 0x01	; 1
    23e8:	09 f0       	breq	.+2      	; 0x23ec <EINT_enuInit+0x48>
    23ea:	28 c1       	rjmp	.+592    	; 0x263c <EINT_enuInit+0x298>
			{
				switch(Local_u8Iter)
    23ec:	89 81       	ldd	r24, Y+1	; 0x01
    23ee:	28 2f       	mov	r18, r24
    23f0:	30 e0       	ldi	r19, 0x00	; 0
    23f2:	3c 87       	std	Y+12, r19	; 0x0c
    23f4:	2b 87       	std	Y+11, r18	; 0x0b
    23f6:	8b 85       	ldd	r24, Y+11	; 0x0b
    23f8:	9c 85       	ldd	r25, Y+12	; 0x0c
    23fa:	81 30       	cpi	r24, 0x01	; 1
    23fc:	91 05       	cpc	r25, r1
    23fe:	09 f4       	brne	.+2      	; 0x2402 <EINT_enuInit+0x5e>
    2400:	7b c0       	rjmp	.+246    	; 0x24f8 <EINT_enuInit+0x154>
    2402:	2b 85       	ldd	r18, Y+11	; 0x0b
    2404:	3c 85       	ldd	r19, Y+12	; 0x0c
    2406:	22 30       	cpi	r18, 0x02	; 2
    2408:	31 05       	cpc	r19, r1
    240a:	09 f4       	brne	.+2      	; 0x240e <EINT_enuInit+0x6a>
    240c:	e5 c0       	rjmp	.+458    	; 0x25d8 <EINT_enuInit+0x234>
    240e:	8b 85       	ldd	r24, Y+11	; 0x0b
    2410:	9c 85       	ldd	r25, Y+12	; 0x0c
    2412:	00 97       	sbiw	r24, 0x00	; 0
    2414:	09 f0       	breq	.+2      	; 0x2418 <EINT_enuInit+0x74>
    2416:	12 c1       	rjmp	.+548    	; 0x263c <EINT_enuInit+0x298>
				{
				case 0:
					GICR |=(1<<6);//set bit6 to 1
    2418:	ab e5       	ldi	r26, 0x5B	; 91
    241a:	b0 e0       	ldi	r27, 0x00	; 0
    241c:	eb e5       	ldi	r30, 0x5B	; 91
    241e:	f0 e0       	ldi	r31, 0x00	; 0
    2420:	80 81       	ld	r24, Z
    2422:	80 64       	ori	r24, 0x40	; 64
    2424:	8c 93       	st	X, r24
					switch(Copy_pstrEINT[Local_u8Iter].EINT_u8SenceLevel)
    2426:	89 81       	ldd	r24, Y+1	; 0x01
    2428:	88 2f       	mov	r24, r24
    242a:	90 e0       	ldi	r25, 0x00	; 0
    242c:	9c 01       	movw	r18, r24
    242e:	22 0f       	add	r18, r18
    2430:	33 1f       	adc	r19, r19
    2432:	8b 81       	ldd	r24, Y+3	; 0x03
    2434:	9c 81       	ldd	r25, Y+4	; 0x04
    2436:	fc 01       	movw	r30, r24
    2438:	e2 0f       	add	r30, r18
    243a:	f3 1f       	adc	r31, r19
    243c:	81 81       	ldd	r24, Z+1	; 0x01
    243e:	28 2f       	mov	r18, r24
    2440:	30 e0       	ldi	r19, 0x00	; 0
    2442:	3a 87       	std	Y+10, r19	; 0x0a
    2444:	29 87       	std	Y+9, r18	; 0x09
    2446:	89 85       	ldd	r24, Y+9	; 0x09
    2448:	9a 85       	ldd	r25, Y+10	; 0x0a
    244a:	82 30       	cpi	r24, 0x02	; 2
    244c:	91 05       	cpc	r25, r1
    244e:	29 f1       	breq	.+74     	; 0x249a <EINT_enuInit+0xf6>
    2450:	29 85       	ldd	r18, Y+9	; 0x09
    2452:	3a 85       	ldd	r19, Y+10	; 0x0a
    2454:	23 30       	cpi	r18, 0x03	; 3
    2456:	31 05       	cpc	r19, r1
    2458:	34 f4       	brge	.+12     	; 0x2466 <EINT_enuInit+0xc2>
    245a:	89 85       	ldd	r24, Y+9	; 0x09
    245c:	9a 85       	ldd	r25, Y+10	; 0x0a
    245e:	81 30       	cpi	r24, 0x01	; 1
    2460:	91 05       	cpc	r25, r1
    2462:	61 f0       	breq	.+24     	; 0x247c <EINT_enuInit+0xd8>
    2464:	46 c0       	rjmp	.+140    	; 0x24f2 <EINT_enuInit+0x14e>
    2466:	29 85       	ldd	r18, Y+9	; 0x09
    2468:	3a 85       	ldd	r19, Y+10	; 0x0a
    246a:	23 30       	cpi	r18, 0x03	; 3
    246c:	31 05       	cpc	r19, r1
    246e:	99 f1       	breq	.+102    	; 0x24d6 <EINT_enuInit+0x132>
    2470:	89 85       	ldd	r24, Y+9	; 0x09
    2472:	9a 85       	ldd	r25, Y+10	; 0x0a
    2474:	84 30       	cpi	r24, 0x04	; 4
    2476:	91 05       	cpc	r25, r1
    2478:	f9 f0       	breq	.+62     	; 0x24b8 <EINT_enuInit+0x114>
    247a:	3b c0       	rjmp	.+118    	; 0x24f2 <EINT_enuInit+0x14e>
					{
					case EINT_LOW_LEVEL:
						MCUCR&=~(1<<1);
    247c:	a5 e5       	ldi	r26, 0x55	; 85
    247e:	b0 e0       	ldi	r27, 0x00	; 0
    2480:	e5 e5       	ldi	r30, 0x55	; 85
    2482:	f0 e0       	ldi	r31, 0x00	; 0
    2484:	80 81       	ld	r24, Z
    2486:	8d 7f       	andi	r24, 0xFD	; 253
    2488:	8c 93       	st	X, r24
						MCUCR&=~(1<<0);
    248a:	a5 e5       	ldi	r26, 0x55	; 85
    248c:	b0 e0       	ldi	r27, 0x00	; 0
    248e:	e5 e5       	ldi	r30, 0x55	; 85
    2490:	f0 e0       	ldi	r31, 0x00	; 0
    2492:	80 81       	ld	r24, Z
    2494:	8e 7f       	andi	r24, 0xFE	; 254
    2496:	8c 93       	st	X, r24
    2498:	2c c0       	rjmp	.+88     	; 0x24f2 <EINT_enuInit+0x14e>
						break;
					case EINT_ANY_LOG_CHANGE:
						MCUCR&=~(1<<1);
    249a:	a5 e5       	ldi	r26, 0x55	; 85
    249c:	b0 e0       	ldi	r27, 0x00	; 0
    249e:	e5 e5       	ldi	r30, 0x55	; 85
    24a0:	f0 e0       	ldi	r31, 0x00	; 0
    24a2:	80 81       	ld	r24, Z
    24a4:	8d 7f       	andi	r24, 0xFD	; 253
    24a6:	8c 93       	st	X, r24
						MCUCR |=(1<<0);
    24a8:	a5 e5       	ldi	r26, 0x55	; 85
    24aa:	b0 e0       	ldi	r27, 0x00	; 0
    24ac:	e5 e5       	ldi	r30, 0x55	; 85
    24ae:	f0 e0       	ldi	r31, 0x00	; 0
    24b0:	80 81       	ld	r24, Z
    24b2:	81 60       	ori	r24, 0x01	; 1
    24b4:	8c 93       	st	X, r24
    24b6:	1d c0       	rjmp	.+58     	; 0x24f2 <EINT_enuInit+0x14e>
						break;
					case EINT_FALLING_EDGE:
						MCUCR |=(1<<1);
    24b8:	a5 e5       	ldi	r26, 0x55	; 85
    24ba:	b0 e0       	ldi	r27, 0x00	; 0
    24bc:	e5 e5       	ldi	r30, 0x55	; 85
    24be:	f0 e0       	ldi	r31, 0x00	; 0
    24c0:	80 81       	ld	r24, Z
    24c2:	82 60       	ori	r24, 0x02	; 2
    24c4:	8c 93       	st	X, r24
						MCUCR&=~(1<<0);
    24c6:	a5 e5       	ldi	r26, 0x55	; 85
    24c8:	b0 e0       	ldi	r27, 0x00	; 0
    24ca:	e5 e5       	ldi	r30, 0x55	; 85
    24cc:	f0 e0       	ldi	r31, 0x00	; 0
    24ce:	80 81       	ld	r24, Z
    24d0:	8e 7f       	andi	r24, 0xFE	; 254
    24d2:	8c 93       	st	X, r24
    24d4:	0e c0       	rjmp	.+28     	; 0x24f2 <EINT_enuInit+0x14e>
						break;
					case EINT_RISING_EDGE:
						MCUCR |=(1<<1);
    24d6:	a5 e5       	ldi	r26, 0x55	; 85
    24d8:	b0 e0       	ldi	r27, 0x00	; 0
    24da:	e5 e5       	ldi	r30, 0x55	; 85
    24dc:	f0 e0       	ldi	r31, 0x00	; 0
    24de:	80 81       	ld	r24, Z
    24e0:	82 60       	ori	r24, 0x02	; 2
    24e2:	8c 93       	st	X, r24
						MCUCR |=(1<<0);
    24e4:	a5 e5       	ldi	r26, 0x55	; 85
    24e6:	b0 e0       	ldi	r27, 0x00	; 0
    24e8:	e5 e5       	ldi	r30, 0x55	; 85
    24ea:	f0 e0       	ldi	r31, 0x00	; 0
    24ec:	80 81       	ld	r24, Z
    24ee:	81 60       	ori	r24, 0x01	; 1
    24f0:	8c 93       	st	X, r24
						break;
					}
					Local_enuErrorstate=ES_OK;
    24f2:	81 e0       	ldi	r24, 0x01	; 1
    24f4:	8a 83       	std	Y+2, r24	; 0x02
    24f6:	a2 c0       	rjmp	.+324    	; 0x263c <EINT_enuInit+0x298>
					break;
				case 1:
					GICR |=(1<<7);//set bit7 to 1
    24f8:	ab e5       	ldi	r26, 0x5B	; 91
    24fa:	b0 e0       	ldi	r27, 0x00	; 0
    24fc:	eb e5       	ldi	r30, 0x5B	; 91
    24fe:	f0 e0       	ldi	r31, 0x00	; 0
    2500:	80 81       	ld	r24, Z
    2502:	80 68       	ori	r24, 0x80	; 128
    2504:	8c 93       	st	X, r24
					switch(Copy_pstrEINT[Local_u8Iter].EINT_u8SenceLevel)
    2506:	89 81       	ldd	r24, Y+1	; 0x01
    2508:	88 2f       	mov	r24, r24
    250a:	90 e0       	ldi	r25, 0x00	; 0
    250c:	9c 01       	movw	r18, r24
    250e:	22 0f       	add	r18, r18
    2510:	33 1f       	adc	r19, r19
    2512:	8b 81       	ldd	r24, Y+3	; 0x03
    2514:	9c 81       	ldd	r25, Y+4	; 0x04
    2516:	fc 01       	movw	r30, r24
    2518:	e2 0f       	add	r30, r18
    251a:	f3 1f       	adc	r31, r19
    251c:	81 81       	ldd	r24, Z+1	; 0x01
    251e:	28 2f       	mov	r18, r24
    2520:	30 e0       	ldi	r19, 0x00	; 0
    2522:	38 87       	std	Y+8, r19	; 0x08
    2524:	2f 83       	std	Y+7, r18	; 0x07
    2526:	8f 81       	ldd	r24, Y+7	; 0x07
    2528:	98 85       	ldd	r25, Y+8	; 0x08
    252a:	82 30       	cpi	r24, 0x02	; 2
    252c:	91 05       	cpc	r25, r1
    252e:	29 f1       	breq	.+74     	; 0x257a <EINT_enuInit+0x1d6>
    2530:	2f 81       	ldd	r18, Y+7	; 0x07
    2532:	38 85       	ldd	r19, Y+8	; 0x08
    2534:	23 30       	cpi	r18, 0x03	; 3
    2536:	31 05       	cpc	r19, r1
    2538:	34 f4       	brge	.+12     	; 0x2546 <EINT_enuInit+0x1a2>
    253a:	8f 81       	ldd	r24, Y+7	; 0x07
    253c:	98 85       	ldd	r25, Y+8	; 0x08
    253e:	81 30       	cpi	r24, 0x01	; 1
    2540:	91 05       	cpc	r25, r1
    2542:	61 f0       	breq	.+24     	; 0x255c <EINT_enuInit+0x1b8>
    2544:	46 c0       	rjmp	.+140    	; 0x25d2 <EINT_enuInit+0x22e>
    2546:	2f 81       	ldd	r18, Y+7	; 0x07
    2548:	38 85       	ldd	r19, Y+8	; 0x08
    254a:	23 30       	cpi	r18, 0x03	; 3
    254c:	31 05       	cpc	r19, r1
    254e:	99 f1       	breq	.+102    	; 0x25b6 <EINT_enuInit+0x212>
    2550:	8f 81       	ldd	r24, Y+7	; 0x07
    2552:	98 85       	ldd	r25, Y+8	; 0x08
    2554:	84 30       	cpi	r24, 0x04	; 4
    2556:	91 05       	cpc	r25, r1
    2558:	f9 f0       	breq	.+62     	; 0x2598 <EINT_enuInit+0x1f4>
    255a:	3b c0       	rjmp	.+118    	; 0x25d2 <EINT_enuInit+0x22e>
					{
					case EINT_LOW_LEVEL:
						MCUCR&=~(1<<3);
    255c:	a5 e5       	ldi	r26, 0x55	; 85
    255e:	b0 e0       	ldi	r27, 0x00	; 0
    2560:	e5 e5       	ldi	r30, 0x55	; 85
    2562:	f0 e0       	ldi	r31, 0x00	; 0
    2564:	80 81       	ld	r24, Z
    2566:	87 7f       	andi	r24, 0xF7	; 247
    2568:	8c 93       	st	X, r24
						MCUCR&=~(1<<2);
    256a:	a5 e5       	ldi	r26, 0x55	; 85
    256c:	b0 e0       	ldi	r27, 0x00	; 0
    256e:	e5 e5       	ldi	r30, 0x55	; 85
    2570:	f0 e0       	ldi	r31, 0x00	; 0
    2572:	80 81       	ld	r24, Z
    2574:	8b 7f       	andi	r24, 0xFB	; 251
    2576:	8c 93       	st	X, r24
    2578:	2c c0       	rjmp	.+88     	; 0x25d2 <EINT_enuInit+0x22e>
						break;
					case EINT_ANY_LOG_CHANGE:
						MCUCR&=~(1<<3);
    257a:	a5 e5       	ldi	r26, 0x55	; 85
    257c:	b0 e0       	ldi	r27, 0x00	; 0
    257e:	e5 e5       	ldi	r30, 0x55	; 85
    2580:	f0 e0       	ldi	r31, 0x00	; 0
    2582:	80 81       	ld	r24, Z
    2584:	87 7f       	andi	r24, 0xF7	; 247
    2586:	8c 93       	st	X, r24
						MCUCR |=(1<<2);
    2588:	a5 e5       	ldi	r26, 0x55	; 85
    258a:	b0 e0       	ldi	r27, 0x00	; 0
    258c:	e5 e5       	ldi	r30, 0x55	; 85
    258e:	f0 e0       	ldi	r31, 0x00	; 0
    2590:	80 81       	ld	r24, Z
    2592:	84 60       	ori	r24, 0x04	; 4
    2594:	8c 93       	st	X, r24
    2596:	1d c0       	rjmp	.+58     	; 0x25d2 <EINT_enuInit+0x22e>
						break;
					case EINT_FALLING_EDGE:
						MCUCR |=(1<<3);
    2598:	a5 e5       	ldi	r26, 0x55	; 85
    259a:	b0 e0       	ldi	r27, 0x00	; 0
    259c:	e5 e5       	ldi	r30, 0x55	; 85
    259e:	f0 e0       	ldi	r31, 0x00	; 0
    25a0:	80 81       	ld	r24, Z
    25a2:	88 60       	ori	r24, 0x08	; 8
    25a4:	8c 93       	st	X, r24
						MCUCR&=~(1<<2);
    25a6:	a5 e5       	ldi	r26, 0x55	; 85
    25a8:	b0 e0       	ldi	r27, 0x00	; 0
    25aa:	e5 e5       	ldi	r30, 0x55	; 85
    25ac:	f0 e0       	ldi	r31, 0x00	; 0
    25ae:	80 81       	ld	r24, Z
    25b0:	8b 7f       	andi	r24, 0xFB	; 251
    25b2:	8c 93       	st	X, r24
    25b4:	0e c0       	rjmp	.+28     	; 0x25d2 <EINT_enuInit+0x22e>
						break;
					case EINT_RISING_EDGE:
						MCUCR |=(1<<3);
    25b6:	a5 e5       	ldi	r26, 0x55	; 85
    25b8:	b0 e0       	ldi	r27, 0x00	; 0
    25ba:	e5 e5       	ldi	r30, 0x55	; 85
    25bc:	f0 e0       	ldi	r31, 0x00	; 0
    25be:	80 81       	ld	r24, Z
    25c0:	88 60       	ori	r24, 0x08	; 8
    25c2:	8c 93       	st	X, r24
						MCUCR |=(1<<2);
    25c4:	a5 e5       	ldi	r26, 0x55	; 85
    25c6:	b0 e0       	ldi	r27, 0x00	; 0
    25c8:	e5 e5       	ldi	r30, 0x55	; 85
    25ca:	f0 e0       	ldi	r31, 0x00	; 0
    25cc:	80 81       	ld	r24, Z
    25ce:	84 60       	ori	r24, 0x04	; 4
    25d0:	8c 93       	st	X, r24
						break;
					}
					Local_enuErrorstate=ES_OK;
    25d2:	81 e0       	ldi	r24, 0x01	; 1
    25d4:	8a 83       	std	Y+2, r24	; 0x02
    25d6:	32 c0       	rjmp	.+100    	; 0x263c <EINT_enuInit+0x298>
					break;
				case 2:
					GICR |=(1<<5);//set bit5 to 1
    25d8:	ab e5       	ldi	r26, 0x5B	; 91
    25da:	b0 e0       	ldi	r27, 0x00	; 0
    25dc:	eb e5       	ldi	r30, 0x5B	; 91
    25de:	f0 e0       	ldi	r31, 0x00	; 0
    25e0:	80 81       	ld	r24, Z
    25e2:	80 62       	ori	r24, 0x20	; 32
    25e4:	8c 93       	st	X, r24
					switch(Copy_pstrEINT[Local_u8Iter].EINT_u8SenceLevel)
    25e6:	89 81       	ldd	r24, Y+1	; 0x01
    25e8:	88 2f       	mov	r24, r24
    25ea:	90 e0       	ldi	r25, 0x00	; 0
    25ec:	9c 01       	movw	r18, r24
    25ee:	22 0f       	add	r18, r18
    25f0:	33 1f       	adc	r19, r19
    25f2:	8b 81       	ldd	r24, Y+3	; 0x03
    25f4:	9c 81       	ldd	r25, Y+4	; 0x04
    25f6:	fc 01       	movw	r30, r24
    25f8:	e2 0f       	add	r30, r18
    25fa:	f3 1f       	adc	r31, r19
    25fc:	81 81       	ldd	r24, Z+1	; 0x01
    25fe:	28 2f       	mov	r18, r24
    2600:	30 e0       	ldi	r19, 0x00	; 0
    2602:	3e 83       	std	Y+6, r19	; 0x06
    2604:	2d 83       	std	Y+5, r18	; 0x05
    2606:	8d 81       	ldd	r24, Y+5	; 0x05
    2608:	9e 81       	ldd	r25, Y+6	; 0x06
    260a:	83 30       	cpi	r24, 0x03	; 3
    260c:	91 05       	cpc	r25, r1
    260e:	69 f0       	breq	.+26     	; 0x262a <EINT_enuInit+0x286>
    2610:	2d 81       	ldd	r18, Y+5	; 0x05
    2612:	3e 81       	ldd	r19, Y+6	; 0x06
    2614:	24 30       	cpi	r18, 0x04	; 4
    2616:	31 05       	cpc	r19, r1
    2618:	79 f4       	brne	.+30     	; 0x2638 <EINT_enuInit+0x294>
					{
					case EINT_FALLING_EDGE:
						MCUCSR&=~(1<<6);
    261a:	a4 e5       	ldi	r26, 0x54	; 84
    261c:	b0 e0       	ldi	r27, 0x00	; 0
    261e:	e4 e5       	ldi	r30, 0x54	; 84
    2620:	f0 e0       	ldi	r31, 0x00	; 0
    2622:	80 81       	ld	r24, Z
    2624:	8f 7b       	andi	r24, 0xBF	; 191
    2626:	8c 93       	st	X, r24
    2628:	07 c0       	rjmp	.+14     	; 0x2638 <EINT_enuInit+0x294>
						break;
					case EINT_RISING_EDGE:
						MCUCSR |=(1<<6);
    262a:	a4 e5       	ldi	r26, 0x54	; 84
    262c:	b0 e0       	ldi	r27, 0x00	; 0
    262e:	e4 e5       	ldi	r30, 0x54	; 84
    2630:	f0 e0       	ldi	r31, 0x00	; 0
    2632:	80 81       	ld	r24, Z
    2634:	80 64       	ori	r24, 0x40	; 64
    2636:	8c 93       	st	X, r24
						break;
					}
					Local_enuErrorstate=ES_OK;
    2638:	81 e0       	ldi	r24, 0x01	; 1
    263a:	8a 83       	std	Y+2, r24	; 0x02
	ES_t Local_enuErrorstate=ES_NOK;

	if(Copy_pstrEINT!=NULL)
	{
		u8 Local_u8Iter=0;
		for(Local_u8Iter=0;Local_u8Iter<3;Local_u8Iter++)
    263c:	89 81       	ldd	r24, Y+1	; 0x01
    263e:	8f 5f       	subi	r24, 0xFF	; 255
    2640:	89 83       	std	Y+1, r24	; 0x01
    2642:	89 81       	ldd	r24, Y+1	; 0x01
    2644:	83 30       	cpi	r24, 0x03	; 3
    2646:	08 f4       	brcc	.+2      	; 0x264a <EINT_enuInit+0x2a6>
    2648:	c2 ce       	rjmp	.-636    	; 0x23ce <EINT_enuInit+0x2a>
    264a:	02 c0       	rjmp	.+4      	; 0x2650 <EINT_enuInit+0x2ac>
			}
		}
	}
	else
	{
		Local_enuErrorstate=ES_NULL_POINTER;
    264c:	82 e0       	ldi	r24, 0x02	; 2
    264e:	8a 83       	std	Y+2, r24	; 0x02
	}

	return Local_enuErrorstate;
    2650:	8a 81       	ldd	r24, Y+2	; 0x02
}
    2652:	2c 96       	adiw	r28, 0x0c	; 12
    2654:	0f b6       	in	r0, 0x3f	; 63
    2656:	f8 94       	cli
    2658:	de bf       	out	0x3e, r29	; 62
    265a:	0f be       	out	0x3f, r0	; 63
    265c:	cd bf       	out	0x3d, r28	; 61
    265e:	cf 91       	pop	r28
    2660:	df 91       	pop	r29
    2662:	08 95       	ret

00002664 <EINT_enuEnableINT>:

ES_t EINT_enuEnableINT(u8 Copy_u8ID)
{
    2664:	df 93       	push	r29
    2666:	cf 93       	push	r28
    2668:	00 d0       	rcall	.+0      	; 0x266a <EINT_enuEnableINT+0x6>
    266a:	00 d0       	rcall	.+0      	; 0x266c <EINT_enuEnableINT+0x8>
    266c:	cd b7       	in	r28, 0x3d	; 61
    266e:	de b7       	in	r29, 0x3e	; 62
    2670:	8a 83       	std	Y+2, r24	; 0x02
	ES_t Local_enuErrorstate=ES_NOK;
    2672:	19 82       	std	Y+1, r1	; 0x01

	if(Copy_u8ID<3)
    2674:	8a 81       	ldd	r24, Y+2	; 0x02
    2676:	83 30       	cpi	r24, 0x03	; 3
    2678:	88 f5       	brcc	.+98     	; 0x26dc <EINT_enuEnableINT+0x78>
	{
		switch(Copy_u8ID)
    267a:	8a 81       	ldd	r24, Y+2	; 0x02
    267c:	28 2f       	mov	r18, r24
    267e:	30 e0       	ldi	r19, 0x00	; 0
    2680:	3c 83       	std	Y+4, r19	; 0x04
    2682:	2b 83       	std	Y+3, r18	; 0x03
    2684:	8b 81       	ldd	r24, Y+3	; 0x03
    2686:	9c 81       	ldd	r25, Y+4	; 0x04
    2688:	81 30       	cpi	r24, 0x01	; 1
    268a:	91 05       	cpc	r25, r1
    268c:	99 f0       	breq	.+38     	; 0x26b4 <EINT_enuEnableINT+0x50>
    268e:	2b 81       	ldd	r18, Y+3	; 0x03
    2690:	3c 81       	ldd	r19, Y+4	; 0x04
    2692:	22 30       	cpi	r18, 0x02	; 2
    2694:	31 05       	cpc	r19, r1
    2696:	c1 f0       	breq	.+48     	; 0x26c8 <EINT_enuEnableINT+0x64>
    2698:	8b 81       	ldd	r24, Y+3	; 0x03
    269a:	9c 81       	ldd	r25, Y+4	; 0x04
    269c:	00 97       	sbiw	r24, 0x00	; 0
    269e:	01 f5       	brne	.+64     	; 0x26e0 <EINT_enuEnableINT+0x7c>
		{
		case 0:
			GICR |=(1<<6);
    26a0:	ab e5       	ldi	r26, 0x5B	; 91
    26a2:	b0 e0       	ldi	r27, 0x00	; 0
    26a4:	eb e5       	ldi	r30, 0x5B	; 91
    26a6:	f0 e0       	ldi	r31, 0x00	; 0
    26a8:	80 81       	ld	r24, Z
    26aa:	80 64       	ori	r24, 0x40	; 64
    26ac:	8c 93       	st	X, r24
			Local_enuErrorstate=ES_OK;
    26ae:	81 e0       	ldi	r24, 0x01	; 1
    26b0:	89 83       	std	Y+1, r24	; 0x01
    26b2:	16 c0       	rjmp	.+44     	; 0x26e0 <EINT_enuEnableINT+0x7c>
			break;
		case 1:
			GICR |=(1<<7);
    26b4:	ab e5       	ldi	r26, 0x5B	; 91
    26b6:	b0 e0       	ldi	r27, 0x00	; 0
    26b8:	eb e5       	ldi	r30, 0x5B	; 91
    26ba:	f0 e0       	ldi	r31, 0x00	; 0
    26bc:	80 81       	ld	r24, Z
    26be:	80 68       	ori	r24, 0x80	; 128
    26c0:	8c 93       	st	X, r24
			Local_enuErrorstate=ES_OK;
    26c2:	81 e0       	ldi	r24, 0x01	; 1
    26c4:	89 83       	std	Y+1, r24	; 0x01
    26c6:	0c c0       	rjmp	.+24     	; 0x26e0 <EINT_enuEnableINT+0x7c>
			break;
		case 2:
			GICR |=(1<<5);
    26c8:	ab e5       	ldi	r26, 0x5B	; 91
    26ca:	b0 e0       	ldi	r27, 0x00	; 0
    26cc:	eb e5       	ldi	r30, 0x5B	; 91
    26ce:	f0 e0       	ldi	r31, 0x00	; 0
    26d0:	80 81       	ld	r24, Z
    26d2:	80 62       	ori	r24, 0x20	; 32
    26d4:	8c 93       	st	X, r24
			Local_enuErrorstate=ES_OK;
    26d6:	81 e0       	ldi	r24, 0x01	; 1
    26d8:	89 83       	std	Y+1, r24	; 0x01
    26da:	02 c0       	rjmp	.+4      	; 0x26e0 <EINT_enuEnableINT+0x7c>
			break;
		}
	}
	else
	{
		Local_enuErrorstate=ES_OUT_OF_RANGE;
    26dc:	83 e0       	ldi	r24, 0x03	; 3
    26de:	89 83       	std	Y+1, r24	; 0x01
	}

	return Local_enuErrorstate;
    26e0:	89 81       	ldd	r24, Y+1	; 0x01
}
    26e2:	0f 90       	pop	r0
    26e4:	0f 90       	pop	r0
    26e6:	0f 90       	pop	r0
    26e8:	0f 90       	pop	r0
    26ea:	cf 91       	pop	r28
    26ec:	df 91       	pop	r29
    26ee:	08 95       	ret

000026f0 <EINT_enuDisableINT>:

ES_t EINT_enuDisableINT(u8 Copy_u8ID)
{
    26f0:	df 93       	push	r29
    26f2:	cf 93       	push	r28
    26f4:	00 d0       	rcall	.+0      	; 0x26f6 <EINT_enuDisableINT+0x6>
    26f6:	00 d0       	rcall	.+0      	; 0x26f8 <EINT_enuDisableINT+0x8>
    26f8:	cd b7       	in	r28, 0x3d	; 61
    26fa:	de b7       	in	r29, 0x3e	; 62
    26fc:	8a 83       	std	Y+2, r24	; 0x02
	ES_t Local_enuErrorstate=ES_NOK;
    26fe:	19 82       	std	Y+1, r1	; 0x01

	if(Copy_u8ID<3)
    2700:	8a 81       	ldd	r24, Y+2	; 0x02
    2702:	83 30       	cpi	r24, 0x03	; 3
    2704:	88 f5       	brcc	.+98     	; 0x2768 <EINT_enuDisableINT+0x78>
	{
		switch(Copy_u8ID)
    2706:	8a 81       	ldd	r24, Y+2	; 0x02
    2708:	28 2f       	mov	r18, r24
    270a:	30 e0       	ldi	r19, 0x00	; 0
    270c:	3c 83       	std	Y+4, r19	; 0x04
    270e:	2b 83       	std	Y+3, r18	; 0x03
    2710:	8b 81       	ldd	r24, Y+3	; 0x03
    2712:	9c 81       	ldd	r25, Y+4	; 0x04
    2714:	81 30       	cpi	r24, 0x01	; 1
    2716:	91 05       	cpc	r25, r1
    2718:	99 f0       	breq	.+38     	; 0x2740 <EINT_enuDisableINT+0x50>
    271a:	2b 81       	ldd	r18, Y+3	; 0x03
    271c:	3c 81       	ldd	r19, Y+4	; 0x04
    271e:	22 30       	cpi	r18, 0x02	; 2
    2720:	31 05       	cpc	r19, r1
    2722:	c1 f0       	breq	.+48     	; 0x2754 <EINT_enuDisableINT+0x64>
    2724:	8b 81       	ldd	r24, Y+3	; 0x03
    2726:	9c 81       	ldd	r25, Y+4	; 0x04
    2728:	00 97       	sbiw	r24, 0x00	; 0
    272a:	01 f5       	brne	.+64     	; 0x276c <EINT_enuDisableINT+0x7c>
		{
		case 0:
			GICR &=~(1<<6);
    272c:	ab e5       	ldi	r26, 0x5B	; 91
    272e:	b0 e0       	ldi	r27, 0x00	; 0
    2730:	eb e5       	ldi	r30, 0x5B	; 91
    2732:	f0 e0       	ldi	r31, 0x00	; 0
    2734:	80 81       	ld	r24, Z
    2736:	8f 7b       	andi	r24, 0xBF	; 191
    2738:	8c 93       	st	X, r24
			Local_enuErrorstate=ES_OK;
    273a:	81 e0       	ldi	r24, 0x01	; 1
    273c:	89 83       	std	Y+1, r24	; 0x01
    273e:	16 c0       	rjmp	.+44     	; 0x276c <EINT_enuDisableINT+0x7c>
			break;
		case 1:
			GICR &=~(1<<7);
    2740:	ab e5       	ldi	r26, 0x5B	; 91
    2742:	b0 e0       	ldi	r27, 0x00	; 0
    2744:	eb e5       	ldi	r30, 0x5B	; 91
    2746:	f0 e0       	ldi	r31, 0x00	; 0
    2748:	80 81       	ld	r24, Z
    274a:	8f 77       	andi	r24, 0x7F	; 127
    274c:	8c 93       	st	X, r24
			Local_enuErrorstate=ES_OK;
    274e:	81 e0       	ldi	r24, 0x01	; 1
    2750:	89 83       	std	Y+1, r24	; 0x01
    2752:	0c c0       	rjmp	.+24     	; 0x276c <EINT_enuDisableINT+0x7c>
			break;
		case 2:
			GICR &=~(1<<5);
    2754:	ab e5       	ldi	r26, 0x5B	; 91
    2756:	b0 e0       	ldi	r27, 0x00	; 0
    2758:	eb e5       	ldi	r30, 0x5B	; 91
    275a:	f0 e0       	ldi	r31, 0x00	; 0
    275c:	80 81       	ld	r24, Z
    275e:	8f 7d       	andi	r24, 0xDF	; 223
    2760:	8c 93       	st	X, r24
			Local_enuErrorstate=ES_OK;
    2762:	81 e0       	ldi	r24, 0x01	; 1
    2764:	89 83       	std	Y+1, r24	; 0x01
    2766:	02 c0       	rjmp	.+4      	; 0x276c <EINT_enuDisableINT+0x7c>
			break;
		}
	}
	else
	{
		Local_enuErrorstate=ES_OUT_OF_RANGE;
    2768:	83 e0       	ldi	r24, 0x03	; 3
    276a:	89 83       	std	Y+1, r24	; 0x01
	}

	return Local_enuErrorstate;
    276c:	89 81       	ldd	r24, Y+1	; 0x01
}
    276e:	0f 90       	pop	r0
    2770:	0f 90       	pop	r0
    2772:	0f 90       	pop	r0
    2774:	0f 90       	pop	r0
    2776:	cf 91       	pop	r28
    2778:	df 91       	pop	r29
    277a:	08 95       	ret

0000277c <EINT_enuSelectSenceLevel>:

ES_t EINT_enuSelectSenceLevel(u8 Copy_u8ID , u8 Copy_u8SenceLevel)
{
    277c:	df 93       	push	r29
    277e:	cf 93       	push	r28
    2780:	cd b7       	in	r28, 0x3d	; 61
    2782:	de b7       	in	r29, 0x3e	; 62
    2784:	2b 97       	sbiw	r28, 0x0b	; 11
    2786:	0f b6       	in	r0, 0x3f	; 63
    2788:	f8 94       	cli
    278a:	de bf       	out	0x3e, r29	; 62
    278c:	0f be       	out	0x3f, r0	; 63
    278e:	cd bf       	out	0x3d, r28	; 61
    2790:	8a 83       	std	Y+2, r24	; 0x02
    2792:	6b 83       	std	Y+3, r22	; 0x03
	ES_t Local_enuErrorstate=ES_NOK;
    2794:	19 82       	std	Y+1, r1	; 0x01

	if(Copy_u8ID<3)
    2796:	8a 81       	ldd	r24, Y+2	; 0x02
    2798:	83 30       	cpi	r24, 0x03	; 3
    279a:	08 f0       	brcs	.+2      	; 0x279e <EINT_enuSelectSenceLevel+0x22>
    279c:	f3 c0       	rjmp	.+486    	; 0x2984 <EINT_enuSelectSenceLevel+0x208>
	{
		switch(Copy_u8ID)
    279e:	8a 81       	ldd	r24, Y+2	; 0x02
    27a0:	28 2f       	mov	r18, r24
    27a2:	30 e0       	ldi	r19, 0x00	; 0
    27a4:	3b 87       	std	Y+11, r19	; 0x0b
    27a6:	2a 87       	std	Y+10, r18	; 0x0a
    27a8:	8a 85       	ldd	r24, Y+10	; 0x0a
    27aa:	9b 85       	ldd	r25, Y+11	; 0x0b
    27ac:	81 30       	cpi	r24, 0x01	; 1
    27ae:	91 05       	cpc	r25, r1
    27b0:	09 f4       	brne	.+2      	; 0x27b4 <EINT_enuSelectSenceLevel+0x38>
    27b2:	69 c0       	rjmp	.+210    	; 0x2886 <EINT_enuSelectSenceLevel+0x10a>
    27b4:	2a 85       	ldd	r18, Y+10	; 0x0a
    27b6:	3b 85       	ldd	r19, Y+11	; 0x0b
    27b8:	22 30       	cpi	r18, 0x02	; 2
    27ba:	31 05       	cpc	r19, r1
    27bc:	09 f4       	brne	.+2      	; 0x27c0 <EINT_enuSelectSenceLevel+0x44>
    27be:	c1 c0       	rjmp	.+386    	; 0x2942 <EINT_enuSelectSenceLevel+0x1c6>
    27c0:	8a 85       	ldd	r24, Y+10	; 0x0a
    27c2:	9b 85       	ldd	r25, Y+11	; 0x0b
    27c4:	00 97       	sbiw	r24, 0x00	; 0
    27c6:	09 f0       	breq	.+2      	; 0x27ca <EINT_enuSelectSenceLevel+0x4e>
    27c8:	df c0       	rjmp	.+446    	; 0x2988 <EINT_enuSelectSenceLevel+0x20c>
		{
		case 0:
			switch(Copy_u8SenceLevel)
    27ca:	8b 81       	ldd	r24, Y+3	; 0x03
    27cc:	28 2f       	mov	r18, r24
    27ce:	30 e0       	ldi	r19, 0x00	; 0
    27d0:	39 87       	std	Y+9, r19	; 0x09
    27d2:	28 87       	std	Y+8, r18	; 0x08
    27d4:	88 85       	ldd	r24, Y+8	; 0x08
    27d6:	99 85       	ldd	r25, Y+9	; 0x09
    27d8:	82 30       	cpi	r24, 0x02	; 2
    27da:	91 05       	cpc	r25, r1
    27dc:	29 f1       	breq	.+74     	; 0x2828 <EINT_enuSelectSenceLevel+0xac>
    27de:	28 85       	ldd	r18, Y+8	; 0x08
    27e0:	39 85       	ldd	r19, Y+9	; 0x09
    27e2:	23 30       	cpi	r18, 0x03	; 3
    27e4:	31 05       	cpc	r19, r1
    27e6:	34 f4       	brge	.+12     	; 0x27f4 <EINT_enuSelectSenceLevel+0x78>
    27e8:	88 85       	ldd	r24, Y+8	; 0x08
    27ea:	99 85       	ldd	r25, Y+9	; 0x09
    27ec:	81 30       	cpi	r24, 0x01	; 1
    27ee:	91 05       	cpc	r25, r1
    27f0:	61 f0       	breq	.+24     	; 0x280a <EINT_enuSelectSenceLevel+0x8e>
    27f2:	46 c0       	rjmp	.+140    	; 0x2880 <EINT_enuSelectSenceLevel+0x104>
    27f4:	28 85       	ldd	r18, Y+8	; 0x08
    27f6:	39 85       	ldd	r19, Y+9	; 0x09
    27f8:	23 30       	cpi	r18, 0x03	; 3
    27fa:	31 05       	cpc	r19, r1
    27fc:	99 f1       	breq	.+102    	; 0x2864 <EINT_enuSelectSenceLevel+0xe8>
    27fe:	88 85       	ldd	r24, Y+8	; 0x08
    2800:	99 85       	ldd	r25, Y+9	; 0x09
    2802:	84 30       	cpi	r24, 0x04	; 4
    2804:	91 05       	cpc	r25, r1
    2806:	f9 f0       	breq	.+62     	; 0x2846 <EINT_enuSelectSenceLevel+0xca>
    2808:	3b c0       	rjmp	.+118    	; 0x2880 <EINT_enuSelectSenceLevel+0x104>
			{
			case EINT_LOW_LEVEL:
				MCUCR&=~(1<<1);
    280a:	a5 e5       	ldi	r26, 0x55	; 85
    280c:	b0 e0       	ldi	r27, 0x00	; 0
    280e:	e5 e5       	ldi	r30, 0x55	; 85
    2810:	f0 e0       	ldi	r31, 0x00	; 0
    2812:	80 81       	ld	r24, Z
    2814:	8d 7f       	andi	r24, 0xFD	; 253
    2816:	8c 93       	st	X, r24
				MCUCR&=~(1<<0);
    2818:	a5 e5       	ldi	r26, 0x55	; 85
    281a:	b0 e0       	ldi	r27, 0x00	; 0
    281c:	e5 e5       	ldi	r30, 0x55	; 85
    281e:	f0 e0       	ldi	r31, 0x00	; 0
    2820:	80 81       	ld	r24, Z
    2822:	8e 7f       	andi	r24, 0xFE	; 254
    2824:	8c 93       	st	X, r24
    2826:	2c c0       	rjmp	.+88     	; 0x2880 <EINT_enuSelectSenceLevel+0x104>
				break;
			case EINT_ANY_LOG_CHANGE:
				MCUCR&=~(1<<1);
    2828:	a5 e5       	ldi	r26, 0x55	; 85
    282a:	b0 e0       	ldi	r27, 0x00	; 0
    282c:	e5 e5       	ldi	r30, 0x55	; 85
    282e:	f0 e0       	ldi	r31, 0x00	; 0
    2830:	80 81       	ld	r24, Z
    2832:	8d 7f       	andi	r24, 0xFD	; 253
    2834:	8c 93       	st	X, r24
				MCUCR |=(1<<0);
    2836:	a5 e5       	ldi	r26, 0x55	; 85
    2838:	b0 e0       	ldi	r27, 0x00	; 0
    283a:	e5 e5       	ldi	r30, 0x55	; 85
    283c:	f0 e0       	ldi	r31, 0x00	; 0
    283e:	80 81       	ld	r24, Z
    2840:	81 60       	ori	r24, 0x01	; 1
    2842:	8c 93       	st	X, r24
    2844:	1d c0       	rjmp	.+58     	; 0x2880 <EINT_enuSelectSenceLevel+0x104>
				break;
			case EINT_FALLING_EDGE:
				MCUCR |=(1<<1);
    2846:	a5 e5       	ldi	r26, 0x55	; 85
    2848:	b0 e0       	ldi	r27, 0x00	; 0
    284a:	e5 e5       	ldi	r30, 0x55	; 85
    284c:	f0 e0       	ldi	r31, 0x00	; 0
    284e:	80 81       	ld	r24, Z
    2850:	82 60       	ori	r24, 0x02	; 2
    2852:	8c 93       	st	X, r24
				MCUCR&=~(1<<0);
    2854:	a5 e5       	ldi	r26, 0x55	; 85
    2856:	b0 e0       	ldi	r27, 0x00	; 0
    2858:	e5 e5       	ldi	r30, 0x55	; 85
    285a:	f0 e0       	ldi	r31, 0x00	; 0
    285c:	80 81       	ld	r24, Z
    285e:	8e 7f       	andi	r24, 0xFE	; 254
    2860:	8c 93       	st	X, r24
    2862:	0e c0       	rjmp	.+28     	; 0x2880 <EINT_enuSelectSenceLevel+0x104>
				break;
			case EINT_RISING_EDGE:
				MCUCR |=(1<<1);
    2864:	a5 e5       	ldi	r26, 0x55	; 85
    2866:	b0 e0       	ldi	r27, 0x00	; 0
    2868:	e5 e5       	ldi	r30, 0x55	; 85
    286a:	f0 e0       	ldi	r31, 0x00	; 0
    286c:	80 81       	ld	r24, Z
    286e:	82 60       	ori	r24, 0x02	; 2
    2870:	8c 93       	st	X, r24
				MCUCR |=(1<<0);
    2872:	a5 e5       	ldi	r26, 0x55	; 85
    2874:	b0 e0       	ldi	r27, 0x00	; 0
    2876:	e5 e5       	ldi	r30, 0x55	; 85
    2878:	f0 e0       	ldi	r31, 0x00	; 0
    287a:	80 81       	ld	r24, Z
    287c:	81 60       	ori	r24, 0x01	; 1
    287e:	8c 93       	st	X, r24
				break;
			}
			Local_enuErrorstate=ES_OK;
    2880:	81 e0       	ldi	r24, 0x01	; 1
    2882:	89 83       	std	Y+1, r24	; 0x01
    2884:	81 c0       	rjmp	.+258    	; 0x2988 <EINT_enuSelectSenceLevel+0x20c>
			break;
		case 1:
			switch(Copy_u8SenceLevel)
    2886:	8b 81       	ldd	r24, Y+3	; 0x03
    2888:	28 2f       	mov	r18, r24
    288a:	30 e0       	ldi	r19, 0x00	; 0
    288c:	3f 83       	std	Y+7, r19	; 0x07
    288e:	2e 83       	std	Y+6, r18	; 0x06
    2890:	8e 81       	ldd	r24, Y+6	; 0x06
    2892:	9f 81       	ldd	r25, Y+7	; 0x07
    2894:	82 30       	cpi	r24, 0x02	; 2
    2896:	91 05       	cpc	r25, r1
    2898:	29 f1       	breq	.+74     	; 0x28e4 <EINT_enuSelectSenceLevel+0x168>
    289a:	2e 81       	ldd	r18, Y+6	; 0x06
    289c:	3f 81       	ldd	r19, Y+7	; 0x07
    289e:	23 30       	cpi	r18, 0x03	; 3
    28a0:	31 05       	cpc	r19, r1
    28a2:	34 f4       	brge	.+12     	; 0x28b0 <EINT_enuSelectSenceLevel+0x134>
    28a4:	8e 81       	ldd	r24, Y+6	; 0x06
    28a6:	9f 81       	ldd	r25, Y+7	; 0x07
    28a8:	81 30       	cpi	r24, 0x01	; 1
    28aa:	91 05       	cpc	r25, r1
    28ac:	61 f0       	breq	.+24     	; 0x28c6 <EINT_enuSelectSenceLevel+0x14a>
    28ae:	46 c0       	rjmp	.+140    	; 0x293c <EINT_enuSelectSenceLevel+0x1c0>
    28b0:	2e 81       	ldd	r18, Y+6	; 0x06
    28b2:	3f 81       	ldd	r19, Y+7	; 0x07
    28b4:	23 30       	cpi	r18, 0x03	; 3
    28b6:	31 05       	cpc	r19, r1
    28b8:	99 f1       	breq	.+102    	; 0x2920 <EINT_enuSelectSenceLevel+0x1a4>
    28ba:	8e 81       	ldd	r24, Y+6	; 0x06
    28bc:	9f 81       	ldd	r25, Y+7	; 0x07
    28be:	84 30       	cpi	r24, 0x04	; 4
    28c0:	91 05       	cpc	r25, r1
    28c2:	f9 f0       	breq	.+62     	; 0x2902 <EINT_enuSelectSenceLevel+0x186>
    28c4:	3b c0       	rjmp	.+118    	; 0x293c <EINT_enuSelectSenceLevel+0x1c0>
			{
			case EINT_LOW_LEVEL:
				MCUCR&=~(1<<3);
    28c6:	a5 e5       	ldi	r26, 0x55	; 85
    28c8:	b0 e0       	ldi	r27, 0x00	; 0
    28ca:	e5 e5       	ldi	r30, 0x55	; 85
    28cc:	f0 e0       	ldi	r31, 0x00	; 0
    28ce:	80 81       	ld	r24, Z
    28d0:	87 7f       	andi	r24, 0xF7	; 247
    28d2:	8c 93       	st	X, r24
				MCUCR&=~(1<<2);
    28d4:	a5 e5       	ldi	r26, 0x55	; 85
    28d6:	b0 e0       	ldi	r27, 0x00	; 0
    28d8:	e5 e5       	ldi	r30, 0x55	; 85
    28da:	f0 e0       	ldi	r31, 0x00	; 0
    28dc:	80 81       	ld	r24, Z
    28de:	8b 7f       	andi	r24, 0xFB	; 251
    28e0:	8c 93       	st	X, r24
    28e2:	2c c0       	rjmp	.+88     	; 0x293c <EINT_enuSelectSenceLevel+0x1c0>
				break;
			case EINT_ANY_LOG_CHANGE:
				MCUCR&=~(1<<3);
    28e4:	a5 e5       	ldi	r26, 0x55	; 85
    28e6:	b0 e0       	ldi	r27, 0x00	; 0
    28e8:	e5 e5       	ldi	r30, 0x55	; 85
    28ea:	f0 e0       	ldi	r31, 0x00	; 0
    28ec:	80 81       	ld	r24, Z
    28ee:	87 7f       	andi	r24, 0xF7	; 247
    28f0:	8c 93       	st	X, r24
				MCUCR |=(1<<2);
    28f2:	a5 e5       	ldi	r26, 0x55	; 85
    28f4:	b0 e0       	ldi	r27, 0x00	; 0
    28f6:	e5 e5       	ldi	r30, 0x55	; 85
    28f8:	f0 e0       	ldi	r31, 0x00	; 0
    28fa:	80 81       	ld	r24, Z
    28fc:	84 60       	ori	r24, 0x04	; 4
    28fe:	8c 93       	st	X, r24
    2900:	1d c0       	rjmp	.+58     	; 0x293c <EINT_enuSelectSenceLevel+0x1c0>
				break;
			case EINT_FALLING_EDGE:
				MCUCR |=(1<<3);
    2902:	a5 e5       	ldi	r26, 0x55	; 85
    2904:	b0 e0       	ldi	r27, 0x00	; 0
    2906:	e5 e5       	ldi	r30, 0x55	; 85
    2908:	f0 e0       	ldi	r31, 0x00	; 0
    290a:	80 81       	ld	r24, Z
    290c:	88 60       	ori	r24, 0x08	; 8
    290e:	8c 93       	st	X, r24
				MCUCR&=~(1<<2);
    2910:	a5 e5       	ldi	r26, 0x55	; 85
    2912:	b0 e0       	ldi	r27, 0x00	; 0
    2914:	e5 e5       	ldi	r30, 0x55	; 85
    2916:	f0 e0       	ldi	r31, 0x00	; 0
    2918:	80 81       	ld	r24, Z
    291a:	8b 7f       	andi	r24, 0xFB	; 251
    291c:	8c 93       	st	X, r24
    291e:	0e c0       	rjmp	.+28     	; 0x293c <EINT_enuSelectSenceLevel+0x1c0>
				break;
			case EINT_RISING_EDGE:
				MCUCR |=(1<<3);
    2920:	a5 e5       	ldi	r26, 0x55	; 85
    2922:	b0 e0       	ldi	r27, 0x00	; 0
    2924:	e5 e5       	ldi	r30, 0x55	; 85
    2926:	f0 e0       	ldi	r31, 0x00	; 0
    2928:	80 81       	ld	r24, Z
    292a:	88 60       	ori	r24, 0x08	; 8
    292c:	8c 93       	st	X, r24
				MCUCR |=(1<<2);
    292e:	a5 e5       	ldi	r26, 0x55	; 85
    2930:	b0 e0       	ldi	r27, 0x00	; 0
    2932:	e5 e5       	ldi	r30, 0x55	; 85
    2934:	f0 e0       	ldi	r31, 0x00	; 0
    2936:	80 81       	ld	r24, Z
    2938:	84 60       	ori	r24, 0x04	; 4
    293a:	8c 93       	st	X, r24
				break;
			}
			Local_enuErrorstate=ES_OK;
    293c:	81 e0       	ldi	r24, 0x01	; 1
    293e:	89 83       	std	Y+1, r24	; 0x01
    2940:	23 c0       	rjmp	.+70     	; 0x2988 <EINT_enuSelectSenceLevel+0x20c>
			break;
		case 2:
			switch(Copy_u8SenceLevel)
    2942:	8b 81       	ldd	r24, Y+3	; 0x03
    2944:	28 2f       	mov	r18, r24
    2946:	30 e0       	ldi	r19, 0x00	; 0
    2948:	3d 83       	std	Y+5, r19	; 0x05
    294a:	2c 83       	std	Y+4, r18	; 0x04
    294c:	8c 81       	ldd	r24, Y+4	; 0x04
    294e:	9d 81       	ldd	r25, Y+5	; 0x05
    2950:	83 30       	cpi	r24, 0x03	; 3
    2952:	91 05       	cpc	r25, r1
    2954:	69 f0       	breq	.+26     	; 0x2970 <EINT_enuSelectSenceLevel+0x1f4>
    2956:	2c 81       	ldd	r18, Y+4	; 0x04
    2958:	3d 81       	ldd	r19, Y+5	; 0x05
    295a:	24 30       	cpi	r18, 0x04	; 4
    295c:	31 05       	cpc	r19, r1
    295e:	79 f4       	brne	.+30     	; 0x297e <EINT_enuSelectSenceLevel+0x202>
			{
			case EINT_FALLING_EDGE:
				MCUCSR&=~(1<<6);
    2960:	a4 e5       	ldi	r26, 0x54	; 84
    2962:	b0 e0       	ldi	r27, 0x00	; 0
    2964:	e4 e5       	ldi	r30, 0x54	; 84
    2966:	f0 e0       	ldi	r31, 0x00	; 0
    2968:	80 81       	ld	r24, Z
    296a:	8f 7b       	andi	r24, 0xBF	; 191
    296c:	8c 93       	st	X, r24
    296e:	07 c0       	rjmp	.+14     	; 0x297e <EINT_enuSelectSenceLevel+0x202>
				break;
			case EINT_RISING_EDGE:
				MCUCSR |=(1<<6);
    2970:	a4 e5       	ldi	r26, 0x54	; 84
    2972:	b0 e0       	ldi	r27, 0x00	; 0
    2974:	e4 e5       	ldi	r30, 0x54	; 84
    2976:	f0 e0       	ldi	r31, 0x00	; 0
    2978:	80 81       	ld	r24, Z
    297a:	80 64       	ori	r24, 0x40	; 64
    297c:	8c 93       	st	X, r24
				break;
			}
			Local_enuErrorstate=ES_OK;
    297e:	81 e0       	ldi	r24, 0x01	; 1
    2980:	89 83       	std	Y+1, r24	; 0x01
    2982:	02 c0       	rjmp	.+4      	; 0x2988 <EINT_enuSelectSenceLevel+0x20c>
			break;
		}
	}
	else
	{
		Local_enuErrorstate=ES_OUT_OF_RANGE;
    2984:	83 e0       	ldi	r24, 0x03	; 3
    2986:	89 83       	std	Y+1, r24	; 0x01
	}

	return Local_enuErrorstate;
    2988:	89 81       	ldd	r24, Y+1	; 0x01
}
    298a:	2b 96       	adiw	r28, 0x0b	; 11
    298c:	0f b6       	in	r0, 0x3f	; 63
    298e:	f8 94       	cli
    2990:	de bf       	out	0x3e, r29	; 62
    2992:	0f be       	out	0x3f, r0	; 63
    2994:	cd bf       	out	0x3d, r28	; 61
    2996:	cf 91       	pop	r28
    2998:	df 91       	pop	r29
    299a:	08 95       	ret

0000299c <EINT_enuCallBack>:

ES_t EINT_enuCallBack(void *(Copy_pfun)(void *),void *Copy_pvoid,u8 Copy_u8ID)
{
    299c:	df 93       	push	r29
    299e:	cf 93       	push	r28
    29a0:	00 d0       	rcall	.+0      	; 0x29a2 <EINT_enuCallBack+0x6>
    29a2:	00 d0       	rcall	.+0      	; 0x29a4 <EINT_enuCallBack+0x8>
    29a4:	00 d0       	rcall	.+0      	; 0x29a6 <EINT_enuCallBack+0xa>
    29a6:	cd b7       	in	r28, 0x3d	; 61
    29a8:	de b7       	in	r29, 0x3e	; 62
    29aa:	9b 83       	std	Y+3, r25	; 0x03
    29ac:	8a 83       	std	Y+2, r24	; 0x02
    29ae:	7d 83       	std	Y+5, r23	; 0x05
    29b0:	6c 83       	std	Y+4, r22	; 0x04
    29b2:	4e 83       	std	Y+6, r20	; 0x06
	ES_t Local_enuErrorState=ES_NOK;
    29b4:	19 82       	std	Y+1, r1	; 0x01

	if(Copy_pfun!=NULL)
    29b6:	8a 81       	ldd	r24, Y+2	; 0x02
    29b8:	9b 81       	ldd	r25, Y+3	; 0x03
    29ba:	00 97       	sbiw	r24, 0x00	; 0
    29bc:	09 f1       	breq	.+66     	; 0x2a00 <EINT_enuCallBack+0x64>
	{
		if(Copy_u8ID<3)
    29be:	8e 81       	ldd	r24, Y+6	; 0x06
    29c0:	83 30       	cpi	r24, 0x03	; 3
    29c2:	d8 f4       	brcc	.+54     	; 0x29fa <EINT_enuCallBack+0x5e>
		{
			EINT_pfunINT[Copy_u8ID]=Copy_pfun;
    29c4:	8e 81       	ldd	r24, Y+6	; 0x06
    29c6:	88 2f       	mov	r24, r24
    29c8:	90 e0       	ldi	r25, 0x00	; 0
    29ca:	2a 81       	ldd	r18, Y+2	; 0x02
    29cc:	3b 81       	ldd	r19, Y+3	; 0x03
    29ce:	88 0f       	add	r24, r24
    29d0:	99 1f       	adc	r25, r25
    29d2:	fc 01       	movw	r30, r24
    29d4:	e8 53       	subi	r30, 0x38	; 56
    29d6:	fe 4f       	sbci	r31, 0xFE	; 254
    29d8:	31 83       	std	Z+1, r19	; 0x01
    29da:	20 83       	st	Z, r18
			EINT_ApvoidINT[Copy_u8ID]=Copy_pvoid;
    29dc:	8e 81       	ldd	r24, Y+6	; 0x06
    29de:	88 2f       	mov	r24, r24
    29e0:	90 e0       	ldi	r25, 0x00	; 0
    29e2:	88 0f       	add	r24, r24
    29e4:	99 1f       	adc	r25, r25
    29e6:	fc 01       	movw	r30, r24
    29e8:	e2 53       	subi	r30, 0x32	; 50
    29ea:	fe 4f       	sbci	r31, 0xFE	; 254
    29ec:	8c 81       	ldd	r24, Y+4	; 0x04
    29ee:	9d 81       	ldd	r25, Y+5	; 0x05
    29f0:	91 83       	std	Z+1, r25	; 0x01
    29f2:	80 83       	st	Z, r24
			Local_enuErrorState=ES_OK;
    29f4:	81 e0       	ldi	r24, 0x01	; 1
    29f6:	89 83       	std	Y+1, r24	; 0x01
    29f8:	05 c0       	rjmp	.+10     	; 0x2a04 <EINT_enuCallBack+0x68>
		}
		else
		{
			Local_enuErrorState=ES_OUT_OF_RANGE;
    29fa:	83 e0       	ldi	r24, 0x03	; 3
    29fc:	89 83       	std	Y+1, r24	; 0x01
    29fe:	02 c0       	rjmp	.+4      	; 0x2a04 <EINT_enuCallBack+0x68>
		}
	}
	else
	{
		Local_enuErrorState=ES_NULL_POINTER;
    2a00:	82 e0       	ldi	r24, 0x02	; 2
    2a02:	89 83       	std	Y+1, r24	; 0x01
	}

	return Local_enuErrorState;
    2a04:	89 81       	ldd	r24, Y+1	; 0x01
}
    2a06:	26 96       	adiw	r28, 0x06	; 6
    2a08:	0f b6       	in	r0, 0x3f	; 63
    2a0a:	f8 94       	cli
    2a0c:	de bf       	out	0x3e, r29	; 62
    2a0e:	0f be       	out	0x3f, r0	; 63
    2a10:	cd bf       	out	0x3d, r28	; 61
    2a12:	cf 91       	pop	r28
    2a14:	df 91       	pop	r29
    2a16:	08 95       	ret

00002a18 <__vector_1>:

ISR(VECT_INT0)
{
    2a18:	1f 92       	push	r1
    2a1a:	0f 92       	push	r0
    2a1c:	0f b6       	in	r0, 0x3f	; 63
    2a1e:	0f 92       	push	r0
    2a20:	11 24       	eor	r1, r1
    2a22:	2f 93       	push	r18
    2a24:	3f 93       	push	r19
    2a26:	4f 93       	push	r20
    2a28:	5f 93       	push	r21
    2a2a:	6f 93       	push	r22
    2a2c:	7f 93       	push	r23
    2a2e:	8f 93       	push	r24
    2a30:	9f 93       	push	r25
    2a32:	af 93       	push	r26
    2a34:	bf 93       	push	r27
    2a36:	ef 93       	push	r30
    2a38:	ff 93       	push	r31
    2a3a:	df 93       	push	r29
    2a3c:	cf 93       	push	r28
    2a3e:	cd b7       	in	r28, 0x3d	; 61
    2a40:	de b7       	in	r29, 0x3e	; 62
	if(EINT_pfunINT[0]!=NULL)
    2a42:	80 91 c8 01 	lds	r24, 0x01C8
    2a46:	90 91 c9 01 	lds	r25, 0x01C9
    2a4a:	00 97       	sbiw	r24, 0x00	; 0
    2a4c:	49 f0       	breq	.+18     	; 0x2a60 <__vector_1+0x48>
	{
		EINT_pfunINT[0](EINT_ApvoidINT[0]);
    2a4e:	e0 91 c8 01 	lds	r30, 0x01C8
    2a52:	f0 91 c9 01 	lds	r31, 0x01C9
    2a56:	80 91 ce 01 	lds	r24, 0x01CE
    2a5a:	90 91 cf 01 	lds	r25, 0x01CF
    2a5e:	09 95       	icall
	}
}
    2a60:	cf 91       	pop	r28
    2a62:	df 91       	pop	r29
    2a64:	ff 91       	pop	r31
    2a66:	ef 91       	pop	r30
    2a68:	bf 91       	pop	r27
    2a6a:	af 91       	pop	r26
    2a6c:	9f 91       	pop	r25
    2a6e:	8f 91       	pop	r24
    2a70:	7f 91       	pop	r23
    2a72:	6f 91       	pop	r22
    2a74:	5f 91       	pop	r21
    2a76:	4f 91       	pop	r20
    2a78:	3f 91       	pop	r19
    2a7a:	2f 91       	pop	r18
    2a7c:	0f 90       	pop	r0
    2a7e:	0f be       	out	0x3f, r0	; 63
    2a80:	0f 90       	pop	r0
    2a82:	1f 90       	pop	r1
    2a84:	18 95       	reti

00002a86 <__vector_2>:
ISR(VECT_INT1)
{
    2a86:	1f 92       	push	r1
    2a88:	0f 92       	push	r0
    2a8a:	0f b6       	in	r0, 0x3f	; 63
    2a8c:	0f 92       	push	r0
    2a8e:	11 24       	eor	r1, r1
    2a90:	2f 93       	push	r18
    2a92:	3f 93       	push	r19
    2a94:	4f 93       	push	r20
    2a96:	5f 93       	push	r21
    2a98:	6f 93       	push	r22
    2a9a:	7f 93       	push	r23
    2a9c:	8f 93       	push	r24
    2a9e:	9f 93       	push	r25
    2aa0:	af 93       	push	r26
    2aa2:	bf 93       	push	r27
    2aa4:	ef 93       	push	r30
    2aa6:	ff 93       	push	r31
    2aa8:	df 93       	push	r29
    2aaa:	cf 93       	push	r28
    2aac:	cd b7       	in	r28, 0x3d	; 61
    2aae:	de b7       	in	r29, 0x3e	; 62
	if(EINT_pfunINT[1]!=NULL)
    2ab0:	80 91 ca 01 	lds	r24, 0x01CA
    2ab4:	90 91 cb 01 	lds	r25, 0x01CB
    2ab8:	00 97       	sbiw	r24, 0x00	; 0
    2aba:	49 f0       	breq	.+18     	; 0x2ace <__vector_2+0x48>
	{
		EINT_pfunINT[1](EINT_ApvoidINT[1]);
    2abc:	e0 91 ca 01 	lds	r30, 0x01CA
    2ac0:	f0 91 cb 01 	lds	r31, 0x01CB
    2ac4:	80 91 d0 01 	lds	r24, 0x01D0
    2ac8:	90 91 d1 01 	lds	r25, 0x01D1
    2acc:	09 95       	icall
	}
}
    2ace:	cf 91       	pop	r28
    2ad0:	df 91       	pop	r29
    2ad2:	ff 91       	pop	r31
    2ad4:	ef 91       	pop	r30
    2ad6:	bf 91       	pop	r27
    2ad8:	af 91       	pop	r26
    2ada:	9f 91       	pop	r25
    2adc:	8f 91       	pop	r24
    2ade:	7f 91       	pop	r23
    2ae0:	6f 91       	pop	r22
    2ae2:	5f 91       	pop	r21
    2ae4:	4f 91       	pop	r20
    2ae6:	3f 91       	pop	r19
    2ae8:	2f 91       	pop	r18
    2aea:	0f 90       	pop	r0
    2aec:	0f be       	out	0x3f, r0	; 63
    2aee:	0f 90       	pop	r0
    2af0:	1f 90       	pop	r1
    2af2:	18 95       	reti

00002af4 <__vector_3>:
ISR(VECT_INT2)
{
    2af4:	1f 92       	push	r1
    2af6:	0f 92       	push	r0
    2af8:	0f b6       	in	r0, 0x3f	; 63
    2afa:	0f 92       	push	r0
    2afc:	11 24       	eor	r1, r1
    2afe:	2f 93       	push	r18
    2b00:	3f 93       	push	r19
    2b02:	4f 93       	push	r20
    2b04:	5f 93       	push	r21
    2b06:	6f 93       	push	r22
    2b08:	7f 93       	push	r23
    2b0a:	8f 93       	push	r24
    2b0c:	9f 93       	push	r25
    2b0e:	af 93       	push	r26
    2b10:	bf 93       	push	r27
    2b12:	ef 93       	push	r30
    2b14:	ff 93       	push	r31
    2b16:	df 93       	push	r29
    2b18:	cf 93       	push	r28
    2b1a:	cd b7       	in	r28, 0x3d	; 61
    2b1c:	de b7       	in	r29, 0x3e	; 62
	if(EINT_pfunINT[2]!=NULL)
    2b1e:	80 91 cc 01 	lds	r24, 0x01CC
    2b22:	90 91 cd 01 	lds	r25, 0x01CD
    2b26:	00 97       	sbiw	r24, 0x00	; 0
    2b28:	49 f0       	breq	.+18     	; 0x2b3c <__vector_3+0x48>
	{
		EINT_pfunINT[2](EINT_ApvoidINT[2]);
    2b2a:	e0 91 cc 01 	lds	r30, 0x01CC
    2b2e:	f0 91 cd 01 	lds	r31, 0x01CD
    2b32:	80 91 d2 01 	lds	r24, 0x01D2
    2b36:	90 91 d3 01 	lds	r25, 0x01D3
    2b3a:	09 95       	icall
	}
}
    2b3c:	cf 91       	pop	r28
    2b3e:	df 91       	pop	r29
    2b40:	ff 91       	pop	r31
    2b42:	ef 91       	pop	r30
    2b44:	bf 91       	pop	r27
    2b46:	af 91       	pop	r26
    2b48:	9f 91       	pop	r25
    2b4a:	8f 91       	pop	r24
    2b4c:	7f 91       	pop	r23
    2b4e:	6f 91       	pop	r22
    2b50:	5f 91       	pop	r21
    2b52:	4f 91       	pop	r20
    2b54:	3f 91       	pop	r19
    2b56:	2f 91       	pop	r18
    2b58:	0f 90       	pop	r0
    2b5a:	0f be       	out	0x3f, r0	; 63
    2b5c:	0f 90       	pop	r0
    2b5e:	1f 90       	pop	r1
    2b60:	18 95       	reti

00002b62 <DIO_enuInit>:
#include "DIO_priv.h"
#include "DIO_config.h"


ES_t DIO_enuInit(void)
{
    2b62:	df 93       	push	r29
    2b64:	cf 93       	push	r28
    2b66:	0f 92       	push	r0
    2b68:	cd b7       	in	r28, 0x3d	; 61
    2b6a:	de b7       	in	r29, 0x3e	; 62
	ES_t Local_enuErrorstate=ES_NOK;
    2b6c:	19 82       	std	Y+1, r1	; 0x01

	DDRA= CONC(PA_PIN7_DIR,PA_PIN6_DIR,PA_PIN5_DIR,PA_PIN4_DIR,PA_PIN3_DIR,PA_PIN2_DIR,PA_PIN1_DIR,PA_PIN0_DIR);
    2b6e:	ea e3       	ldi	r30, 0x3A	; 58
    2b70:	f0 e0       	ldi	r31, 0x00	; 0
    2b72:	8f ef       	ldi	r24, 0xFF	; 255
    2b74:	80 83       	st	Z, r24
	DDRB= CONC(PB_PIN7_DIR,PB_PIN6_DIR,PB_PIN5_DIR,PB_PIN4_DIR,PB_PIN3_DIR,PB_PIN2_DIR,PB_PIN1_DIR,PB_PIN0_DIR);
    2b76:	e7 e3       	ldi	r30, 0x37	; 55
    2b78:	f0 e0       	ldi	r31, 0x00	; 0
    2b7a:	86 e0       	ldi	r24, 0x06	; 6
    2b7c:	80 83       	st	Z, r24
	DDRC= CONC(PC_PIN7_DIR,PC_PIN6_DIR,PC_PIN5_DIR,PC_PIN4_DIR,PC_PIN3_DIR,PC_PIN2_DIR,PC_PIN1_DIR,PC_PIN0_DIR);
    2b7e:	e4 e3       	ldi	r30, 0x34	; 52
    2b80:	f0 e0       	ldi	r31, 0x00	; 0
    2b82:	87 e9       	ldi	r24, 0x97	; 151
    2b84:	80 83       	st	Z, r24
	DDRD= CONC(PD_PIN7_DIR,PD_PIN6_DIR,PD_PIN5_DIR,PD_PIN4_DIR,PD_PIN3_DIR,PD_PIN2_DIR,PD_PIN1_DIR,PD_PIN0_DIR);
    2b86:	e1 e3       	ldi	r30, 0x31	; 49
    2b88:	f0 e0       	ldi	r31, 0x00	; 0
    2b8a:	8f e0       	ldi	r24, 0x0F	; 15
    2b8c:	80 83       	st	Z, r24

	PORTA= CONC(PA_PIN7_VAL,PA_PIN6_VAL,PA_PIN5_VAL,PA_PIN4_VAL,PA_PIN3_VAL,PA_PIN2_VAL,PA_PIN1_VAL,PA_PIN0_VAL);
    2b8e:	eb e3       	ldi	r30, 0x3B	; 59
    2b90:	f0 e0       	ldi	r31, 0x00	; 0
    2b92:	10 82       	st	Z, r1
	PORTB= CONC(PB_PIN7_VAL,PB_PIN6_VAL,PB_PIN5_VAL,PB_PIN4_VAL,PB_PIN3_VAL,PB_PIN2_VAL,PB_PIN1_VAL,PB_PIN0_VAL);
    2b94:	e8 e3       	ldi	r30, 0x38	; 56
    2b96:	f0 e0       	ldi	r31, 0x00	; 0
    2b98:	8a ef       	ldi	r24, 0xFA	; 250
    2b9a:	80 83       	st	Z, r24
	PORTC= CONC(PC_PIN7_VAL,PC_PIN6_VAL,PC_PIN5_VAL,PC_PIN4_VAL,PC_PIN3_VAL,PC_PIN2_VAL,PC_PIN1_VAL,PC_PIN0_VAL);
    2b9c:	e5 e3       	ldi	r30, 0x35	; 53
    2b9e:	f0 e0       	ldi	r31, 0x00	; 0
    2ba0:	88 e5       	ldi	r24, 0x58	; 88
    2ba2:	80 83       	st	Z, r24
	PORTD= CONC(PD_PIN7_VAL,PD_PIN6_VAL,PD_PIN5_VAL,PD_PIN4_VAL,PD_PIN3_VAL,PD_PIN2_VAL,PD_PIN1_VAL,PD_PIN0_VAL);
    2ba4:	e2 e3       	ldi	r30, 0x32	; 50
    2ba6:	f0 e0       	ldi	r31, 0x00	; 0
    2ba8:	8f ef       	ldi	r24, 0xFF	; 255
    2baa:	80 83       	st	Z, r24

	Local_enuErrorstate=ES_OK;
    2bac:	81 e0       	ldi	r24, 0x01	; 1
    2bae:	89 83       	std	Y+1, r24	; 0x01

	return Local_enuErrorstate;
    2bb0:	89 81       	ldd	r24, Y+1	; 0x01
}
    2bb2:	0f 90       	pop	r0
    2bb4:	cf 91       	pop	r28
    2bb6:	df 91       	pop	r29
    2bb8:	08 95       	ret

00002bba <DIO_enuSetPortDirection>:

ES_t DIO_enuSetPortDirection(u8 Copy_u8PortID ,u8 Copy_u8Value)
{
    2bba:	df 93       	push	r29
    2bbc:	cf 93       	push	r28
    2bbe:	00 d0       	rcall	.+0      	; 0x2bc0 <DIO_enuSetPortDirection+0x6>
    2bc0:	00 d0       	rcall	.+0      	; 0x2bc2 <DIO_enuSetPortDirection+0x8>
    2bc2:	0f 92       	push	r0
    2bc4:	cd b7       	in	r28, 0x3d	; 61
    2bc6:	de b7       	in	r29, 0x3e	; 62
    2bc8:	8a 83       	std	Y+2, r24	; 0x02
    2bca:	6b 83       	std	Y+3, r22	; 0x03
	ES_t Local_enuErrorstate=ES_NOK;
    2bcc:	19 82       	std	Y+1, r1	; 0x01

	if( Copy_u8PortID <= DIO_PORTD)
    2bce:	8a 81       	ldd	r24, Y+2	; 0x02
    2bd0:	84 30       	cpi	r24, 0x04	; 4
    2bd2:	a8 f5       	brcc	.+106    	; 0x2c3e <DIO_enuSetPortDirection+0x84>
	{
		switch(Copy_u8PortID)
    2bd4:	8a 81       	ldd	r24, Y+2	; 0x02
    2bd6:	28 2f       	mov	r18, r24
    2bd8:	30 e0       	ldi	r19, 0x00	; 0
    2bda:	3d 83       	std	Y+5, r19	; 0x05
    2bdc:	2c 83       	std	Y+4, r18	; 0x04
    2bde:	8c 81       	ldd	r24, Y+4	; 0x04
    2be0:	9d 81       	ldd	r25, Y+5	; 0x05
    2be2:	81 30       	cpi	r24, 0x01	; 1
    2be4:	91 05       	cpc	r25, r1
    2be6:	d1 f0       	breq	.+52     	; 0x2c1c <DIO_enuSetPortDirection+0x62>
    2be8:	2c 81       	ldd	r18, Y+4	; 0x04
    2bea:	3d 81       	ldd	r19, Y+5	; 0x05
    2bec:	22 30       	cpi	r18, 0x02	; 2
    2bee:	31 05       	cpc	r19, r1
    2bf0:	2c f4       	brge	.+10     	; 0x2bfc <DIO_enuSetPortDirection+0x42>
    2bf2:	8c 81       	ldd	r24, Y+4	; 0x04
    2bf4:	9d 81       	ldd	r25, Y+5	; 0x05
    2bf6:	00 97       	sbiw	r24, 0x00	; 0
    2bf8:	61 f0       	breq	.+24     	; 0x2c12 <DIO_enuSetPortDirection+0x58>
    2bfa:	1e c0       	rjmp	.+60     	; 0x2c38 <DIO_enuSetPortDirection+0x7e>
    2bfc:	2c 81       	ldd	r18, Y+4	; 0x04
    2bfe:	3d 81       	ldd	r19, Y+5	; 0x05
    2c00:	22 30       	cpi	r18, 0x02	; 2
    2c02:	31 05       	cpc	r19, r1
    2c04:	81 f0       	breq	.+32     	; 0x2c26 <DIO_enuSetPortDirection+0x6c>
    2c06:	8c 81       	ldd	r24, Y+4	; 0x04
    2c08:	9d 81       	ldd	r25, Y+5	; 0x05
    2c0a:	83 30       	cpi	r24, 0x03	; 3
    2c0c:	91 05       	cpc	r25, r1
    2c0e:	81 f0       	breq	.+32     	; 0x2c30 <DIO_enuSetPortDirection+0x76>
    2c10:	13 c0       	rjmp	.+38     	; 0x2c38 <DIO_enuSetPortDirection+0x7e>
		{
		case DIO_PORTA:
			DDRA=Copy_u8Value;
    2c12:	ea e3       	ldi	r30, 0x3A	; 58
    2c14:	f0 e0       	ldi	r31, 0x00	; 0
    2c16:	8b 81       	ldd	r24, Y+3	; 0x03
    2c18:	80 83       	st	Z, r24
    2c1a:	0e c0       	rjmp	.+28     	; 0x2c38 <DIO_enuSetPortDirection+0x7e>
			break;
		case DIO_PORTB:
			DDRB=Copy_u8Value;
    2c1c:	e7 e3       	ldi	r30, 0x37	; 55
    2c1e:	f0 e0       	ldi	r31, 0x00	; 0
    2c20:	8b 81       	ldd	r24, Y+3	; 0x03
    2c22:	80 83       	st	Z, r24
    2c24:	09 c0       	rjmp	.+18     	; 0x2c38 <DIO_enuSetPortDirection+0x7e>
			break;
		case DIO_PORTC:
			DDRC=Copy_u8Value;
    2c26:	e4 e3       	ldi	r30, 0x34	; 52
    2c28:	f0 e0       	ldi	r31, 0x00	; 0
    2c2a:	8b 81       	ldd	r24, Y+3	; 0x03
    2c2c:	80 83       	st	Z, r24
    2c2e:	04 c0       	rjmp	.+8      	; 0x2c38 <DIO_enuSetPortDirection+0x7e>
			break;
		case DIO_PORTD:
			DDRD=Copy_u8Value;
    2c30:	e1 e3       	ldi	r30, 0x31	; 49
    2c32:	f0 e0       	ldi	r31, 0x00	; 0
    2c34:	8b 81       	ldd	r24, Y+3	; 0x03
    2c36:	80 83       	st	Z, r24
			break;
		}
		 Local_enuErrorstate=ES_OK;
    2c38:	81 e0       	ldi	r24, 0x01	; 1
    2c3a:	89 83       	std	Y+1, r24	; 0x01
    2c3c:	02 c0       	rjmp	.+4      	; 0x2c42 <DIO_enuSetPortDirection+0x88>
	}
	else
	{
		Local_enuErrorstate=ES_OUT_OF_RANGE;
    2c3e:	83 e0       	ldi	r24, 0x03	; 3
    2c40:	89 83       	std	Y+1, r24	; 0x01
	}

	return Local_enuErrorstate;
    2c42:	89 81       	ldd	r24, Y+1	; 0x01
}
    2c44:	0f 90       	pop	r0
    2c46:	0f 90       	pop	r0
    2c48:	0f 90       	pop	r0
    2c4a:	0f 90       	pop	r0
    2c4c:	0f 90       	pop	r0
    2c4e:	cf 91       	pop	r28
    2c50:	df 91       	pop	r29
    2c52:	08 95       	ret

00002c54 <DIO_enuSetPortValue>:

ES_t DIO_enuSetPortValue(u8 Copy_u8PortID ,u8 Copy_u8Value)
{
    2c54:	df 93       	push	r29
    2c56:	cf 93       	push	r28
    2c58:	00 d0       	rcall	.+0      	; 0x2c5a <DIO_enuSetPortValue+0x6>
    2c5a:	00 d0       	rcall	.+0      	; 0x2c5c <DIO_enuSetPortValue+0x8>
    2c5c:	0f 92       	push	r0
    2c5e:	cd b7       	in	r28, 0x3d	; 61
    2c60:	de b7       	in	r29, 0x3e	; 62
    2c62:	8a 83       	std	Y+2, r24	; 0x02
    2c64:	6b 83       	std	Y+3, r22	; 0x03
	ES_t Local_enuErrorstate=ES_NOK;
    2c66:	19 82       	std	Y+1, r1	; 0x01
	if( Copy_u8PortID <= DIO_PORTD)
    2c68:	8a 81       	ldd	r24, Y+2	; 0x02
    2c6a:	84 30       	cpi	r24, 0x04	; 4
    2c6c:	a8 f5       	brcc	.+106    	; 0x2cd8 <DIO_enuSetPortValue+0x84>
	{
		switch(Copy_u8PortID)
    2c6e:	8a 81       	ldd	r24, Y+2	; 0x02
    2c70:	28 2f       	mov	r18, r24
    2c72:	30 e0       	ldi	r19, 0x00	; 0
    2c74:	3d 83       	std	Y+5, r19	; 0x05
    2c76:	2c 83       	std	Y+4, r18	; 0x04
    2c78:	8c 81       	ldd	r24, Y+4	; 0x04
    2c7a:	9d 81       	ldd	r25, Y+5	; 0x05
    2c7c:	81 30       	cpi	r24, 0x01	; 1
    2c7e:	91 05       	cpc	r25, r1
    2c80:	d1 f0       	breq	.+52     	; 0x2cb6 <DIO_enuSetPortValue+0x62>
    2c82:	2c 81       	ldd	r18, Y+4	; 0x04
    2c84:	3d 81       	ldd	r19, Y+5	; 0x05
    2c86:	22 30       	cpi	r18, 0x02	; 2
    2c88:	31 05       	cpc	r19, r1
    2c8a:	2c f4       	brge	.+10     	; 0x2c96 <DIO_enuSetPortValue+0x42>
    2c8c:	8c 81       	ldd	r24, Y+4	; 0x04
    2c8e:	9d 81       	ldd	r25, Y+5	; 0x05
    2c90:	00 97       	sbiw	r24, 0x00	; 0
    2c92:	61 f0       	breq	.+24     	; 0x2cac <DIO_enuSetPortValue+0x58>
    2c94:	1e c0       	rjmp	.+60     	; 0x2cd2 <DIO_enuSetPortValue+0x7e>
    2c96:	2c 81       	ldd	r18, Y+4	; 0x04
    2c98:	3d 81       	ldd	r19, Y+5	; 0x05
    2c9a:	22 30       	cpi	r18, 0x02	; 2
    2c9c:	31 05       	cpc	r19, r1
    2c9e:	81 f0       	breq	.+32     	; 0x2cc0 <DIO_enuSetPortValue+0x6c>
    2ca0:	8c 81       	ldd	r24, Y+4	; 0x04
    2ca2:	9d 81       	ldd	r25, Y+5	; 0x05
    2ca4:	83 30       	cpi	r24, 0x03	; 3
    2ca6:	91 05       	cpc	r25, r1
    2ca8:	81 f0       	breq	.+32     	; 0x2cca <DIO_enuSetPortValue+0x76>
    2caa:	13 c0       	rjmp	.+38     	; 0x2cd2 <DIO_enuSetPortValue+0x7e>
		{
		case DIO_PORTA:
			PORTA=Copy_u8Value;
    2cac:	eb e3       	ldi	r30, 0x3B	; 59
    2cae:	f0 e0       	ldi	r31, 0x00	; 0
    2cb0:	8b 81       	ldd	r24, Y+3	; 0x03
    2cb2:	80 83       	st	Z, r24
    2cb4:	0e c0       	rjmp	.+28     	; 0x2cd2 <DIO_enuSetPortValue+0x7e>
			break;
		case DIO_PORTB:
			PORTB=Copy_u8Value;
    2cb6:	e8 e3       	ldi	r30, 0x38	; 56
    2cb8:	f0 e0       	ldi	r31, 0x00	; 0
    2cba:	8b 81       	ldd	r24, Y+3	; 0x03
    2cbc:	80 83       	st	Z, r24
    2cbe:	09 c0       	rjmp	.+18     	; 0x2cd2 <DIO_enuSetPortValue+0x7e>
			break;
		case DIO_PORTC:
			PORTC=Copy_u8Value;
    2cc0:	e5 e3       	ldi	r30, 0x35	; 53
    2cc2:	f0 e0       	ldi	r31, 0x00	; 0
    2cc4:	8b 81       	ldd	r24, Y+3	; 0x03
    2cc6:	80 83       	st	Z, r24
    2cc8:	04 c0       	rjmp	.+8      	; 0x2cd2 <DIO_enuSetPortValue+0x7e>
			break;
		case DIO_PORTD:
			PORTD=Copy_u8Value;
    2cca:	e2 e3       	ldi	r30, 0x32	; 50
    2ccc:	f0 e0       	ldi	r31, 0x00	; 0
    2cce:	8b 81       	ldd	r24, Y+3	; 0x03
    2cd0:	80 83       	st	Z, r24
			break;
		}
		 Local_enuErrorstate=ES_OK;
    2cd2:	81 e0       	ldi	r24, 0x01	; 1
    2cd4:	89 83       	std	Y+1, r24	; 0x01
    2cd6:	02 c0       	rjmp	.+4      	; 0x2cdc <DIO_enuSetPortValue+0x88>
	}
	else
	{
		Local_enuErrorstate=ES_OUT_OF_RANGE;
    2cd8:	83 e0       	ldi	r24, 0x03	; 3
    2cda:	89 83       	std	Y+1, r24	; 0x01
	}


	return Local_enuErrorstate;
    2cdc:	89 81       	ldd	r24, Y+1	; 0x01
}
    2cde:	0f 90       	pop	r0
    2ce0:	0f 90       	pop	r0
    2ce2:	0f 90       	pop	r0
    2ce4:	0f 90       	pop	r0
    2ce6:	0f 90       	pop	r0
    2ce8:	cf 91       	pop	r28
    2cea:	df 91       	pop	r29
    2cec:	08 95       	ret

00002cee <DIO_enuTogPortValue>:

ES_t DIO_enuTogPortValue(u8 Copy_u8PortID )
{
    2cee:	df 93       	push	r29
    2cf0:	cf 93       	push	r28
    2cf2:	00 d0       	rcall	.+0      	; 0x2cf4 <DIO_enuTogPortValue+0x6>
    2cf4:	00 d0       	rcall	.+0      	; 0x2cf6 <DIO_enuTogPortValue+0x8>
    2cf6:	cd b7       	in	r28, 0x3d	; 61
    2cf8:	de b7       	in	r29, 0x3e	; 62
    2cfa:	8a 83       	std	Y+2, r24	; 0x02
	ES_t Local_enuErrorstate=ES_NOK;
    2cfc:	19 82       	std	Y+1, r1	; 0x01
	if( Copy_u8PortID <= DIO_PORTD)
    2cfe:	8a 81       	ldd	r24, Y+2	; 0x02
    2d00:	84 30       	cpi	r24, 0x04	; 4
    2d02:	08 f0       	brcs	.+2      	; 0x2d06 <DIO_enuTogPortValue+0x18>
    2d04:	41 c0       	rjmp	.+130    	; 0x2d88 <DIO_enuTogPortValue+0x9a>
	{
		switch(Copy_u8PortID)
    2d06:	8a 81       	ldd	r24, Y+2	; 0x02
    2d08:	28 2f       	mov	r18, r24
    2d0a:	30 e0       	ldi	r19, 0x00	; 0
    2d0c:	3c 83       	std	Y+4, r19	; 0x04
    2d0e:	2b 83       	std	Y+3, r18	; 0x03
    2d10:	8b 81       	ldd	r24, Y+3	; 0x03
    2d12:	9c 81       	ldd	r25, Y+4	; 0x04
    2d14:	81 30       	cpi	r24, 0x01	; 1
    2d16:	91 05       	cpc	r25, r1
    2d18:	e9 f0       	breq	.+58     	; 0x2d54 <DIO_enuTogPortValue+0x66>
    2d1a:	2b 81       	ldd	r18, Y+3	; 0x03
    2d1c:	3c 81       	ldd	r19, Y+4	; 0x04
    2d1e:	22 30       	cpi	r18, 0x02	; 2
    2d20:	31 05       	cpc	r19, r1
    2d22:	2c f4       	brge	.+10     	; 0x2d2e <DIO_enuTogPortValue+0x40>
    2d24:	8b 81       	ldd	r24, Y+3	; 0x03
    2d26:	9c 81       	ldd	r25, Y+4	; 0x04
    2d28:	00 97       	sbiw	r24, 0x00	; 0
    2d2a:	61 f0       	breq	.+24     	; 0x2d44 <DIO_enuTogPortValue+0x56>
    2d2c:	2a c0       	rjmp	.+84     	; 0x2d82 <DIO_enuTogPortValue+0x94>
    2d2e:	2b 81       	ldd	r18, Y+3	; 0x03
    2d30:	3c 81       	ldd	r19, Y+4	; 0x04
    2d32:	22 30       	cpi	r18, 0x02	; 2
    2d34:	31 05       	cpc	r19, r1
    2d36:	b1 f0       	breq	.+44     	; 0x2d64 <DIO_enuTogPortValue+0x76>
    2d38:	8b 81       	ldd	r24, Y+3	; 0x03
    2d3a:	9c 81       	ldd	r25, Y+4	; 0x04
    2d3c:	83 30       	cpi	r24, 0x03	; 3
    2d3e:	91 05       	cpc	r25, r1
    2d40:	c9 f0       	breq	.+50     	; 0x2d74 <DIO_enuTogPortValue+0x86>
    2d42:	1f c0       	rjmp	.+62     	; 0x2d82 <DIO_enuTogPortValue+0x94>
		{
		case DIO_PORTA:
			PORTA=~PORTA;
    2d44:	ab e3       	ldi	r26, 0x3B	; 59
    2d46:	b0 e0       	ldi	r27, 0x00	; 0
    2d48:	eb e3       	ldi	r30, 0x3B	; 59
    2d4a:	f0 e0       	ldi	r31, 0x00	; 0
    2d4c:	80 81       	ld	r24, Z
    2d4e:	80 95       	com	r24
    2d50:	8c 93       	st	X, r24
    2d52:	17 c0       	rjmp	.+46     	; 0x2d82 <DIO_enuTogPortValue+0x94>
			break;
		case DIO_PORTB:
			PORTB=~PORTB;
    2d54:	a8 e3       	ldi	r26, 0x38	; 56
    2d56:	b0 e0       	ldi	r27, 0x00	; 0
    2d58:	e8 e3       	ldi	r30, 0x38	; 56
    2d5a:	f0 e0       	ldi	r31, 0x00	; 0
    2d5c:	80 81       	ld	r24, Z
    2d5e:	80 95       	com	r24
    2d60:	8c 93       	st	X, r24
    2d62:	0f c0       	rjmp	.+30     	; 0x2d82 <DIO_enuTogPortValue+0x94>
			break;
		case DIO_PORTC:
			PORTC=~PORTC;
    2d64:	a5 e3       	ldi	r26, 0x35	; 53
    2d66:	b0 e0       	ldi	r27, 0x00	; 0
    2d68:	e5 e3       	ldi	r30, 0x35	; 53
    2d6a:	f0 e0       	ldi	r31, 0x00	; 0
    2d6c:	80 81       	ld	r24, Z
    2d6e:	80 95       	com	r24
    2d70:	8c 93       	st	X, r24
    2d72:	07 c0       	rjmp	.+14     	; 0x2d82 <DIO_enuTogPortValue+0x94>
			break;
		case DIO_PORTD:
			PORTD=~PORTD;
    2d74:	a2 e3       	ldi	r26, 0x32	; 50
    2d76:	b0 e0       	ldi	r27, 0x00	; 0
    2d78:	e2 e3       	ldi	r30, 0x32	; 50
    2d7a:	f0 e0       	ldi	r31, 0x00	; 0
    2d7c:	80 81       	ld	r24, Z
    2d7e:	80 95       	com	r24
    2d80:	8c 93       	st	X, r24
			break;
		}
		 Local_enuErrorstate=ES_OK;
    2d82:	81 e0       	ldi	r24, 0x01	; 1
    2d84:	89 83       	std	Y+1, r24	; 0x01
    2d86:	02 c0       	rjmp	.+4      	; 0x2d8c <DIO_enuTogPortValue+0x9e>
	}
	else
	{
		Local_enuErrorstate=ES_OUT_OF_RANGE;
    2d88:	83 e0       	ldi	r24, 0x03	; 3
    2d8a:	89 83       	std	Y+1, r24	; 0x01
	}


	return Local_enuErrorstate;
    2d8c:	89 81       	ldd	r24, Y+1	; 0x01
}
    2d8e:	0f 90       	pop	r0
    2d90:	0f 90       	pop	r0
    2d92:	0f 90       	pop	r0
    2d94:	0f 90       	pop	r0
    2d96:	cf 91       	pop	r28
    2d98:	df 91       	pop	r29
    2d9a:	08 95       	ret

00002d9c <DIO_enuGetPortValue>:

ES_t DIO_enuGetPortValue(u8 Copy_u8PortID ,u8* Copy_pu8Value)
{
    2d9c:	df 93       	push	r29
    2d9e:	cf 93       	push	r28
    2da0:	00 d0       	rcall	.+0      	; 0x2da2 <DIO_enuGetPortValue+0x6>
    2da2:	00 d0       	rcall	.+0      	; 0x2da4 <DIO_enuGetPortValue+0x8>
    2da4:	00 d0       	rcall	.+0      	; 0x2da6 <DIO_enuGetPortValue+0xa>
    2da6:	cd b7       	in	r28, 0x3d	; 61
    2da8:	de b7       	in	r29, 0x3e	; 62
    2daa:	8a 83       	std	Y+2, r24	; 0x02
    2dac:	7c 83       	std	Y+4, r23	; 0x04
    2dae:	6b 83       	std	Y+3, r22	; 0x03
	ES_t Local_enuErrorstate=ES_NOK;
    2db0:	19 82       	std	Y+1, r1	; 0x01

	if(Copy_pu8Value !=NULL)
    2db2:	8b 81       	ldd	r24, Y+3	; 0x03
    2db4:	9c 81       	ldd	r25, Y+4	; 0x04
    2db6:	00 97       	sbiw	r24, 0x00	; 0
    2db8:	09 f4       	brne	.+2      	; 0x2dbc <DIO_enuGetPortValue+0x20>
    2dba:	41 c0       	rjmp	.+130    	; 0x2e3e <DIO_enuGetPortValue+0xa2>
	{
		if( Copy_u8PortID <= DIO_PORTD)
    2dbc:	8a 81       	ldd	r24, Y+2	; 0x02
    2dbe:	84 30       	cpi	r24, 0x04	; 4
    2dc0:	d8 f5       	brcc	.+118    	; 0x2e38 <DIO_enuGetPortValue+0x9c>
		{
			switch(Copy_u8PortID)
    2dc2:	8a 81       	ldd	r24, Y+2	; 0x02
    2dc4:	28 2f       	mov	r18, r24
    2dc6:	30 e0       	ldi	r19, 0x00	; 0
    2dc8:	3e 83       	std	Y+6, r19	; 0x06
    2dca:	2d 83       	std	Y+5, r18	; 0x05
    2dcc:	8d 81       	ldd	r24, Y+5	; 0x05
    2dce:	9e 81       	ldd	r25, Y+6	; 0x06
    2dd0:	81 30       	cpi	r24, 0x01	; 1
    2dd2:	91 05       	cpc	r25, r1
    2dd4:	e1 f0       	breq	.+56     	; 0x2e0e <DIO_enuGetPortValue+0x72>
    2dd6:	2d 81       	ldd	r18, Y+5	; 0x05
    2dd8:	3e 81       	ldd	r19, Y+6	; 0x06
    2dda:	22 30       	cpi	r18, 0x02	; 2
    2ddc:	31 05       	cpc	r19, r1
    2dde:	2c f4       	brge	.+10     	; 0x2dea <DIO_enuGetPortValue+0x4e>
    2de0:	8d 81       	ldd	r24, Y+5	; 0x05
    2de2:	9e 81       	ldd	r25, Y+6	; 0x06
    2de4:	00 97       	sbiw	r24, 0x00	; 0
    2de6:	61 f0       	breq	.+24     	; 0x2e00 <DIO_enuGetPortValue+0x64>
    2de8:	2c c0       	rjmp	.+88     	; 0x2e42 <DIO_enuGetPortValue+0xa6>
    2dea:	2d 81       	ldd	r18, Y+5	; 0x05
    2dec:	3e 81       	ldd	r19, Y+6	; 0x06
    2dee:	22 30       	cpi	r18, 0x02	; 2
    2df0:	31 05       	cpc	r19, r1
    2df2:	a1 f0       	breq	.+40     	; 0x2e1c <DIO_enuGetPortValue+0x80>
    2df4:	8d 81       	ldd	r24, Y+5	; 0x05
    2df6:	9e 81       	ldd	r25, Y+6	; 0x06
    2df8:	83 30       	cpi	r24, 0x03	; 3
    2dfa:	91 05       	cpc	r25, r1
    2dfc:	b1 f0       	breq	.+44     	; 0x2e2a <DIO_enuGetPortValue+0x8e>
    2dfe:	21 c0       	rjmp	.+66     	; 0x2e42 <DIO_enuGetPortValue+0xa6>
			{
			case DIO_PORTA:
				*Copy_pu8Value=PINA;
    2e00:	e9 e3       	ldi	r30, 0x39	; 57
    2e02:	f0 e0       	ldi	r31, 0x00	; 0
    2e04:	80 81       	ld	r24, Z
    2e06:	eb 81       	ldd	r30, Y+3	; 0x03
    2e08:	fc 81       	ldd	r31, Y+4	; 0x04
    2e0a:	80 83       	st	Z, r24
    2e0c:	1a c0       	rjmp	.+52     	; 0x2e42 <DIO_enuGetPortValue+0xa6>
				break;
			case DIO_PORTB:
				*Copy_pu8Value=PINB;
    2e0e:	e6 e3       	ldi	r30, 0x36	; 54
    2e10:	f0 e0       	ldi	r31, 0x00	; 0
    2e12:	80 81       	ld	r24, Z
    2e14:	eb 81       	ldd	r30, Y+3	; 0x03
    2e16:	fc 81       	ldd	r31, Y+4	; 0x04
    2e18:	80 83       	st	Z, r24
    2e1a:	13 c0       	rjmp	.+38     	; 0x2e42 <DIO_enuGetPortValue+0xa6>
				break;
			case DIO_PORTC:
				*Copy_pu8Value=PINC;
    2e1c:	e3 e3       	ldi	r30, 0x33	; 51
    2e1e:	f0 e0       	ldi	r31, 0x00	; 0
    2e20:	80 81       	ld	r24, Z
    2e22:	eb 81       	ldd	r30, Y+3	; 0x03
    2e24:	fc 81       	ldd	r31, Y+4	; 0x04
    2e26:	80 83       	st	Z, r24
    2e28:	0c c0       	rjmp	.+24     	; 0x2e42 <DIO_enuGetPortValue+0xa6>
				break;
			case DIO_PORTD:
				*Copy_pu8Value=PIND;
    2e2a:	e0 e3       	ldi	r30, 0x30	; 48
    2e2c:	f0 e0       	ldi	r31, 0x00	; 0
    2e2e:	80 81       	ld	r24, Z
    2e30:	eb 81       	ldd	r30, Y+3	; 0x03
    2e32:	fc 81       	ldd	r31, Y+4	; 0x04
    2e34:	80 83       	st	Z, r24
    2e36:	05 c0       	rjmp	.+10     	; 0x2e42 <DIO_enuGetPortValue+0xa6>
				break;
			}
		}
		else
		{
			Local_enuErrorstate=ES_OUT_OF_RANGE;
    2e38:	83 e0       	ldi	r24, 0x03	; 3
    2e3a:	89 83       	std	Y+1, r24	; 0x01
    2e3c:	02 c0       	rjmp	.+4      	; 0x2e42 <DIO_enuGetPortValue+0xa6>
		}
	}
	else
	{
		Local_enuErrorstate=ES_NULL_POINTER;
    2e3e:	82 e0       	ldi	r24, 0x02	; 2
    2e40:	89 83       	std	Y+1, r24	; 0x01
	}


	return Local_enuErrorstate;
    2e42:	89 81       	ldd	r24, Y+1	; 0x01
}
    2e44:	26 96       	adiw	r28, 0x06	; 6
    2e46:	0f b6       	in	r0, 0x3f	; 63
    2e48:	f8 94       	cli
    2e4a:	de bf       	out	0x3e, r29	; 62
    2e4c:	0f be       	out	0x3f, r0	; 63
    2e4e:	cd bf       	out	0x3d, r28	; 61
    2e50:	cf 91       	pop	r28
    2e52:	df 91       	pop	r29
    2e54:	08 95       	ret

00002e56 <DIO_enuSetPinDirection>:

ES_t DIO_enuSetPinDirection(u8 Copy_u8PortID ,u8 Copy_u8PinID ,u8 Copy_u8Value)
{
    2e56:	df 93       	push	r29
    2e58:	cf 93       	push	r28
    2e5a:	00 d0       	rcall	.+0      	; 0x2e5c <DIO_enuSetPinDirection+0x6>
    2e5c:	00 d0       	rcall	.+0      	; 0x2e5e <DIO_enuSetPinDirection+0x8>
    2e5e:	00 d0       	rcall	.+0      	; 0x2e60 <DIO_enuSetPinDirection+0xa>
    2e60:	cd b7       	in	r28, 0x3d	; 61
    2e62:	de b7       	in	r29, 0x3e	; 62
    2e64:	8a 83       	std	Y+2, r24	; 0x02
    2e66:	6b 83       	std	Y+3, r22	; 0x03
    2e68:	4c 83       	std	Y+4, r20	; 0x04
	ES_t Local_enuErrorstate=ES_NOK;
    2e6a:	19 82       	std	Y+1, r1	; 0x01

	if( Copy_u8PortID <= DIO_PORTD && Copy_u8PinID<=DIO_PIN7 && Copy_u8Value <=OUTPUT )
    2e6c:	8a 81       	ldd	r24, Y+2	; 0x02
    2e6e:	84 30       	cpi	r24, 0x04	; 4
    2e70:	08 f0       	brcs	.+2      	; 0x2e74 <DIO_enuSetPinDirection+0x1e>
    2e72:	d1 c0       	rjmp	.+418    	; 0x3016 <DIO_enuSetPinDirection+0x1c0>
    2e74:	8b 81       	ldd	r24, Y+3	; 0x03
    2e76:	88 30       	cpi	r24, 0x08	; 8
    2e78:	08 f0       	brcs	.+2      	; 0x2e7c <DIO_enuSetPinDirection+0x26>
    2e7a:	cd c0       	rjmp	.+410    	; 0x3016 <DIO_enuSetPinDirection+0x1c0>
    2e7c:	8c 81       	ldd	r24, Y+4	; 0x04
    2e7e:	82 30       	cpi	r24, 0x02	; 2
    2e80:	08 f0       	brcs	.+2      	; 0x2e84 <DIO_enuSetPinDirection+0x2e>
    2e82:	c9 c0       	rjmp	.+402    	; 0x3016 <DIO_enuSetPinDirection+0x1c0>
	{
		switch(Copy_u8PortID)
    2e84:	8a 81       	ldd	r24, Y+2	; 0x02
    2e86:	28 2f       	mov	r18, r24
    2e88:	30 e0       	ldi	r19, 0x00	; 0
    2e8a:	3e 83       	std	Y+6, r19	; 0x06
    2e8c:	2d 83       	std	Y+5, r18	; 0x05
    2e8e:	6d 81       	ldd	r22, Y+5	; 0x05
    2e90:	7e 81       	ldd	r23, Y+6	; 0x06
    2e92:	61 30       	cpi	r22, 0x01	; 1
    2e94:	71 05       	cpc	r23, r1
    2e96:	09 f4       	brne	.+2      	; 0x2e9a <DIO_enuSetPinDirection+0x44>
    2e98:	41 c0       	rjmp	.+130    	; 0x2f1c <DIO_enuSetPinDirection+0xc6>
    2e9a:	8d 81       	ldd	r24, Y+5	; 0x05
    2e9c:	9e 81       	ldd	r25, Y+6	; 0x06
    2e9e:	82 30       	cpi	r24, 0x02	; 2
    2ea0:	91 05       	cpc	r25, r1
    2ea2:	34 f4       	brge	.+12     	; 0x2eb0 <DIO_enuSetPinDirection+0x5a>
    2ea4:	2d 81       	ldd	r18, Y+5	; 0x05
    2ea6:	3e 81       	ldd	r19, Y+6	; 0x06
    2ea8:	21 15       	cp	r18, r1
    2eaa:	31 05       	cpc	r19, r1
    2eac:	71 f0       	breq	.+28     	; 0x2eca <DIO_enuSetPinDirection+0x74>
    2eae:	b0 c0       	rjmp	.+352    	; 0x3010 <DIO_enuSetPinDirection+0x1ba>
    2eb0:	6d 81       	ldd	r22, Y+5	; 0x05
    2eb2:	7e 81       	ldd	r23, Y+6	; 0x06
    2eb4:	62 30       	cpi	r22, 0x02	; 2
    2eb6:	71 05       	cpc	r23, r1
    2eb8:	09 f4       	brne	.+2      	; 0x2ebc <DIO_enuSetPinDirection+0x66>
    2eba:	59 c0       	rjmp	.+178    	; 0x2f6e <DIO_enuSetPinDirection+0x118>
    2ebc:	8d 81       	ldd	r24, Y+5	; 0x05
    2ebe:	9e 81       	ldd	r25, Y+6	; 0x06
    2ec0:	83 30       	cpi	r24, 0x03	; 3
    2ec2:	91 05       	cpc	r25, r1
    2ec4:	09 f4       	brne	.+2      	; 0x2ec8 <DIO_enuSetPinDirection+0x72>
    2ec6:	7c c0       	rjmp	.+248    	; 0x2fc0 <DIO_enuSetPinDirection+0x16a>
    2ec8:	a3 c0       	rjmp	.+326    	; 0x3010 <DIO_enuSetPinDirection+0x1ba>
		{
		case DIO_PORTA:
			DDRA&=~(DIO_MASK_BIT<<Copy_u8PinID);
    2eca:	aa e3       	ldi	r26, 0x3A	; 58
    2ecc:	b0 e0       	ldi	r27, 0x00	; 0
    2ece:	ea e3       	ldi	r30, 0x3A	; 58
    2ed0:	f0 e0       	ldi	r31, 0x00	; 0
    2ed2:	80 81       	ld	r24, Z
    2ed4:	48 2f       	mov	r20, r24
    2ed6:	8b 81       	ldd	r24, Y+3	; 0x03
    2ed8:	28 2f       	mov	r18, r24
    2eda:	30 e0       	ldi	r19, 0x00	; 0
    2edc:	81 e0       	ldi	r24, 0x01	; 1
    2ede:	90 e0       	ldi	r25, 0x00	; 0
    2ee0:	02 c0       	rjmp	.+4      	; 0x2ee6 <DIO_enuSetPinDirection+0x90>
    2ee2:	88 0f       	add	r24, r24
    2ee4:	99 1f       	adc	r25, r25
    2ee6:	2a 95       	dec	r18
    2ee8:	e2 f7       	brpl	.-8      	; 0x2ee2 <DIO_enuSetPinDirection+0x8c>
    2eea:	80 95       	com	r24
    2eec:	84 23       	and	r24, r20
    2eee:	8c 93       	st	X, r24
			DDRA |=(Copy_u8Value<<Copy_u8PinID);
    2ef0:	aa e3       	ldi	r26, 0x3A	; 58
    2ef2:	b0 e0       	ldi	r27, 0x00	; 0
    2ef4:	ea e3       	ldi	r30, 0x3A	; 58
    2ef6:	f0 e0       	ldi	r31, 0x00	; 0
    2ef8:	80 81       	ld	r24, Z
    2efa:	48 2f       	mov	r20, r24
    2efc:	8c 81       	ldd	r24, Y+4	; 0x04
    2efe:	28 2f       	mov	r18, r24
    2f00:	30 e0       	ldi	r19, 0x00	; 0
    2f02:	8b 81       	ldd	r24, Y+3	; 0x03
    2f04:	88 2f       	mov	r24, r24
    2f06:	90 e0       	ldi	r25, 0x00	; 0
    2f08:	b9 01       	movw	r22, r18
    2f0a:	02 c0       	rjmp	.+4      	; 0x2f10 <DIO_enuSetPinDirection+0xba>
    2f0c:	66 0f       	add	r22, r22
    2f0e:	77 1f       	adc	r23, r23
    2f10:	8a 95       	dec	r24
    2f12:	e2 f7       	brpl	.-8      	; 0x2f0c <DIO_enuSetPinDirection+0xb6>
    2f14:	cb 01       	movw	r24, r22
    2f16:	84 2b       	or	r24, r20
    2f18:	8c 93       	st	X, r24
    2f1a:	7a c0       	rjmp	.+244    	; 0x3010 <DIO_enuSetPinDirection+0x1ba>
			break;
		case DIO_PORTB:
			DDRB&=~(DIO_MASK_BIT<<Copy_u8PinID);
    2f1c:	a7 e3       	ldi	r26, 0x37	; 55
    2f1e:	b0 e0       	ldi	r27, 0x00	; 0
    2f20:	e7 e3       	ldi	r30, 0x37	; 55
    2f22:	f0 e0       	ldi	r31, 0x00	; 0
    2f24:	80 81       	ld	r24, Z
    2f26:	48 2f       	mov	r20, r24
    2f28:	8b 81       	ldd	r24, Y+3	; 0x03
    2f2a:	28 2f       	mov	r18, r24
    2f2c:	30 e0       	ldi	r19, 0x00	; 0
    2f2e:	81 e0       	ldi	r24, 0x01	; 1
    2f30:	90 e0       	ldi	r25, 0x00	; 0
    2f32:	02 c0       	rjmp	.+4      	; 0x2f38 <DIO_enuSetPinDirection+0xe2>
    2f34:	88 0f       	add	r24, r24
    2f36:	99 1f       	adc	r25, r25
    2f38:	2a 95       	dec	r18
    2f3a:	e2 f7       	brpl	.-8      	; 0x2f34 <DIO_enuSetPinDirection+0xde>
    2f3c:	80 95       	com	r24
    2f3e:	84 23       	and	r24, r20
    2f40:	8c 93       	st	X, r24
			DDRB |=(Copy_u8Value<<Copy_u8PinID);
    2f42:	a7 e3       	ldi	r26, 0x37	; 55
    2f44:	b0 e0       	ldi	r27, 0x00	; 0
    2f46:	e7 e3       	ldi	r30, 0x37	; 55
    2f48:	f0 e0       	ldi	r31, 0x00	; 0
    2f4a:	80 81       	ld	r24, Z
    2f4c:	48 2f       	mov	r20, r24
    2f4e:	8c 81       	ldd	r24, Y+4	; 0x04
    2f50:	28 2f       	mov	r18, r24
    2f52:	30 e0       	ldi	r19, 0x00	; 0
    2f54:	8b 81       	ldd	r24, Y+3	; 0x03
    2f56:	88 2f       	mov	r24, r24
    2f58:	90 e0       	ldi	r25, 0x00	; 0
    2f5a:	b9 01       	movw	r22, r18
    2f5c:	02 c0       	rjmp	.+4      	; 0x2f62 <DIO_enuSetPinDirection+0x10c>
    2f5e:	66 0f       	add	r22, r22
    2f60:	77 1f       	adc	r23, r23
    2f62:	8a 95       	dec	r24
    2f64:	e2 f7       	brpl	.-8      	; 0x2f5e <DIO_enuSetPinDirection+0x108>
    2f66:	cb 01       	movw	r24, r22
    2f68:	84 2b       	or	r24, r20
    2f6a:	8c 93       	st	X, r24
    2f6c:	51 c0       	rjmp	.+162    	; 0x3010 <DIO_enuSetPinDirection+0x1ba>
			break;
		case DIO_PORTC:
			DDRC&=~(DIO_MASK_BIT<<Copy_u8PinID);
    2f6e:	a4 e3       	ldi	r26, 0x34	; 52
    2f70:	b0 e0       	ldi	r27, 0x00	; 0
    2f72:	e4 e3       	ldi	r30, 0x34	; 52
    2f74:	f0 e0       	ldi	r31, 0x00	; 0
    2f76:	80 81       	ld	r24, Z
    2f78:	48 2f       	mov	r20, r24
    2f7a:	8b 81       	ldd	r24, Y+3	; 0x03
    2f7c:	28 2f       	mov	r18, r24
    2f7e:	30 e0       	ldi	r19, 0x00	; 0
    2f80:	81 e0       	ldi	r24, 0x01	; 1
    2f82:	90 e0       	ldi	r25, 0x00	; 0
    2f84:	02 c0       	rjmp	.+4      	; 0x2f8a <DIO_enuSetPinDirection+0x134>
    2f86:	88 0f       	add	r24, r24
    2f88:	99 1f       	adc	r25, r25
    2f8a:	2a 95       	dec	r18
    2f8c:	e2 f7       	brpl	.-8      	; 0x2f86 <DIO_enuSetPinDirection+0x130>
    2f8e:	80 95       	com	r24
    2f90:	84 23       	and	r24, r20
    2f92:	8c 93       	st	X, r24
			DDRC |=(Copy_u8Value<<Copy_u8PinID);
    2f94:	a4 e3       	ldi	r26, 0x34	; 52
    2f96:	b0 e0       	ldi	r27, 0x00	; 0
    2f98:	e4 e3       	ldi	r30, 0x34	; 52
    2f9a:	f0 e0       	ldi	r31, 0x00	; 0
    2f9c:	80 81       	ld	r24, Z
    2f9e:	48 2f       	mov	r20, r24
    2fa0:	8c 81       	ldd	r24, Y+4	; 0x04
    2fa2:	28 2f       	mov	r18, r24
    2fa4:	30 e0       	ldi	r19, 0x00	; 0
    2fa6:	8b 81       	ldd	r24, Y+3	; 0x03
    2fa8:	88 2f       	mov	r24, r24
    2faa:	90 e0       	ldi	r25, 0x00	; 0
    2fac:	b9 01       	movw	r22, r18
    2fae:	02 c0       	rjmp	.+4      	; 0x2fb4 <DIO_enuSetPinDirection+0x15e>
    2fb0:	66 0f       	add	r22, r22
    2fb2:	77 1f       	adc	r23, r23
    2fb4:	8a 95       	dec	r24
    2fb6:	e2 f7       	brpl	.-8      	; 0x2fb0 <DIO_enuSetPinDirection+0x15a>
    2fb8:	cb 01       	movw	r24, r22
    2fba:	84 2b       	or	r24, r20
    2fbc:	8c 93       	st	X, r24
    2fbe:	28 c0       	rjmp	.+80     	; 0x3010 <DIO_enuSetPinDirection+0x1ba>
			break;
		case DIO_PORTD:
			DDRD&=~(DIO_MASK_BIT<<Copy_u8PinID);
    2fc0:	a1 e3       	ldi	r26, 0x31	; 49
    2fc2:	b0 e0       	ldi	r27, 0x00	; 0
    2fc4:	e1 e3       	ldi	r30, 0x31	; 49
    2fc6:	f0 e0       	ldi	r31, 0x00	; 0
    2fc8:	80 81       	ld	r24, Z
    2fca:	48 2f       	mov	r20, r24
    2fcc:	8b 81       	ldd	r24, Y+3	; 0x03
    2fce:	28 2f       	mov	r18, r24
    2fd0:	30 e0       	ldi	r19, 0x00	; 0
    2fd2:	81 e0       	ldi	r24, 0x01	; 1
    2fd4:	90 e0       	ldi	r25, 0x00	; 0
    2fd6:	02 c0       	rjmp	.+4      	; 0x2fdc <DIO_enuSetPinDirection+0x186>
    2fd8:	88 0f       	add	r24, r24
    2fda:	99 1f       	adc	r25, r25
    2fdc:	2a 95       	dec	r18
    2fde:	e2 f7       	brpl	.-8      	; 0x2fd8 <DIO_enuSetPinDirection+0x182>
    2fe0:	80 95       	com	r24
    2fe2:	84 23       	and	r24, r20
    2fe4:	8c 93       	st	X, r24
			DDRD |=(Copy_u8Value<<Copy_u8PinID);
    2fe6:	a1 e3       	ldi	r26, 0x31	; 49
    2fe8:	b0 e0       	ldi	r27, 0x00	; 0
    2fea:	e1 e3       	ldi	r30, 0x31	; 49
    2fec:	f0 e0       	ldi	r31, 0x00	; 0
    2fee:	80 81       	ld	r24, Z
    2ff0:	48 2f       	mov	r20, r24
    2ff2:	8c 81       	ldd	r24, Y+4	; 0x04
    2ff4:	28 2f       	mov	r18, r24
    2ff6:	30 e0       	ldi	r19, 0x00	; 0
    2ff8:	8b 81       	ldd	r24, Y+3	; 0x03
    2ffa:	88 2f       	mov	r24, r24
    2ffc:	90 e0       	ldi	r25, 0x00	; 0
    2ffe:	b9 01       	movw	r22, r18
    3000:	02 c0       	rjmp	.+4      	; 0x3006 <DIO_enuSetPinDirection+0x1b0>
    3002:	66 0f       	add	r22, r22
    3004:	77 1f       	adc	r23, r23
    3006:	8a 95       	dec	r24
    3008:	e2 f7       	brpl	.-8      	; 0x3002 <DIO_enuSetPinDirection+0x1ac>
    300a:	cb 01       	movw	r24, r22
    300c:	84 2b       	or	r24, r20
    300e:	8c 93       	st	X, r24
			break;
		}
		 Local_enuErrorstate=ES_OK;
    3010:	81 e0       	ldi	r24, 0x01	; 1
    3012:	89 83       	std	Y+1, r24	; 0x01
    3014:	02 c0       	rjmp	.+4      	; 0x301a <DIO_enuSetPinDirection+0x1c4>
	}
	else
	{
		Local_enuErrorstate=ES_OUT_OF_RANGE;
    3016:	83 e0       	ldi	r24, 0x03	; 3
    3018:	89 83       	std	Y+1, r24	; 0x01
	}

	return Local_enuErrorstate;
    301a:	89 81       	ldd	r24, Y+1	; 0x01
}
    301c:	26 96       	adiw	r28, 0x06	; 6
    301e:	0f b6       	in	r0, 0x3f	; 63
    3020:	f8 94       	cli
    3022:	de bf       	out	0x3e, r29	; 62
    3024:	0f be       	out	0x3f, r0	; 63
    3026:	cd bf       	out	0x3d, r28	; 61
    3028:	cf 91       	pop	r28
    302a:	df 91       	pop	r29
    302c:	08 95       	ret

0000302e <DIO_enuSetPinValue>:

ES_t DIO_enuSetPinValue(u8 Copy_u8PortID ,u8 Copy_u8PinID ,u8 Copy_u8Value)
{
    302e:	df 93       	push	r29
    3030:	cf 93       	push	r28
    3032:	00 d0       	rcall	.+0      	; 0x3034 <DIO_enuSetPinValue+0x6>
    3034:	00 d0       	rcall	.+0      	; 0x3036 <DIO_enuSetPinValue+0x8>
    3036:	00 d0       	rcall	.+0      	; 0x3038 <DIO_enuSetPinValue+0xa>
    3038:	cd b7       	in	r28, 0x3d	; 61
    303a:	de b7       	in	r29, 0x3e	; 62
    303c:	8a 83       	std	Y+2, r24	; 0x02
    303e:	6b 83       	std	Y+3, r22	; 0x03
    3040:	4c 83       	std	Y+4, r20	; 0x04
	ES_t Local_enuErrorstate=ES_NOK;
    3042:	19 82       	std	Y+1, r1	; 0x01
	if( Copy_u8PortID <= DIO_PORTD && Copy_u8PinID<=DIO_PIN7 && Copy_u8Value <=OUTPUT )
    3044:	8a 81       	ldd	r24, Y+2	; 0x02
    3046:	84 30       	cpi	r24, 0x04	; 4
    3048:	08 f0       	brcs	.+2      	; 0x304c <DIO_enuSetPinValue+0x1e>
    304a:	d1 c0       	rjmp	.+418    	; 0x31ee <DIO_enuSetPinValue+0x1c0>
    304c:	8b 81       	ldd	r24, Y+3	; 0x03
    304e:	88 30       	cpi	r24, 0x08	; 8
    3050:	08 f0       	brcs	.+2      	; 0x3054 <DIO_enuSetPinValue+0x26>
    3052:	cd c0       	rjmp	.+410    	; 0x31ee <DIO_enuSetPinValue+0x1c0>
    3054:	8c 81       	ldd	r24, Y+4	; 0x04
    3056:	82 30       	cpi	r24, 0x02	; 2
    3058:	08 f0       	brcs	.+2      	; 0x305c <DIO_enuSetPinValue+0x2e>
    305a:	c9 c0       	rjmp	.+402    	; 0x31ee <DIO_enuSetPinValue+0x1c0>
	{
		switch(Copy_u8PortID)
    305c:	8a 81       	ldd	r24, Y+2	; 0x02
    305e:	28 2f       	mov	r18, r24
    3060:	30 e0       	ldi	r19, 0x00	; 0
    3062:	3e 83       	std	Y+6, r19	; 0x06
    3064:	2d 83       	std	Y+5, r18	; 0x05
    3066:	6d 81       	ldd	r22, Y+5	; 0x05
    3068:	7e 81       	ldd	r23, Y+6	; 0x06
    306a:	61 30       	cpi	r22, 0x01	; 1
    306c:	71 05       	cpc	r23, r1
    306e:	09 f4       	brne	.+2      	; 0x3072 <DIO_enuSetPinValue+0x44>
    3070:	41 c0       	rjmp	.+130    	; 0x30f4 <DIO_enuSetPinValue+0xc6>
    3072:	8d 81       	ldd	r24, Y+5	; 0x05
    3074:	9e 81       	ldd	r25, Y+6	; 0x06
    3076:	82 30       	cpi	r24, 0x02	; 2
    3078:	91 05       	cpc	r25, r1
    307a:	34 f4       	brge	.+12     	; 0x3088 <DIO_enuSetPinValue+0x5a>
    307c:	2d 81       	ldd	r18, Y+5	; 0x05
    307e:	3e 81       	ldd	r19, Y+6	; 0x06
    3080:	21 15       	cp	r18, r1
    3082:	31 05       	cpc	r19, r1
    3084:	71 f0       	breq	.+28     	; 0x30a2 <DIO_enuSetPinValue+0x74>
    3086:	b0 c0       	rjmp	.+352    	; 0x31e8 <DIO_enuSetPinValue+0x1ba>
    3088:	6d 81       	ldd	r22, Y+5	; 0x05
    308a:	7e 81       	ldd	r23, Y+6	; 0x06
    308c:	62 30       	cpi	r22, 0x02	; 2
    308e:	71 05       	cpc	r23, r1
    3090:	09 f4       	brne	.+2      	; 0x3094 <DIO_enuSetPinValue+0x66>
    3092:	59 c0       	rjmp	.+178    	; 0x3146 <DIO_enuSetPinValue+0x118>
    3094:	8d 81       	ldd	r24, Y+5	; 0x05
    3096:	9e 81       	ldd	r25, Y+6	; 0x06
    3098:	83 30       	cpi	r24, 0x03	; 3
    309a:	91 05       	cpc	r25, r1
    309c:	09 f4       	brne	.+2      	; 0x30a0 <DIO_enuSetPinValue+0x72>
    309e:	7c c0       	rjmp	.+248    	; 0x3198 <DIO_enuSetPinValue+0x16a>
    30a0:	a3 c0       	rjmp	.+326    	; 0x31e8 <DIO_enuSetPinValue+0x1ba>
		{
		case DIO_PORTA:
			PORTA&=~(DIO_MASK_BIT<<Copy_u8PinID);
    30a2:	ab e3       	ldi	r26, 0x3B	; 59
    30a4:	b0 e0       	ldi	r27, 0x00	; 0
    30a6:	eb e3       	ldi	r30, 0x3B	; 59
    30a8:	f0 e0       	ldi	r31, 0x00	; 0
    30aa:	80 81       	ld	r24, Z
    30ac:	48 2f       	mov	r20, r24
    30ae:	8b 81       	ldd	r24, Y+3	; 0x03
    30b0:	28 2f       	mov	r18, r24
    30b2:	30 e0       	ldi	r19, 0x00	; 0
    30b4:	81 e0       	ldi	r24, 0x01	; 1
    30b6:	90 e0       	ldi	r25, 0x00	; 0
    30b8:	02 c0       	rjmp	.+4      	; 0x30be <DIO_enuSetPinValue+0x90>
    30ba:	88 0f       	add	r24, r24
    30bc:	99 1f       	adc	r25, r25
    30be:	2a 95       	dec	r18
    30c0:	e2 f7       	brpl	.-8      	; 0x30ba <DIO_enuSetPinValue+0x8c>
    30c2:	80 95       	com	r24
    30c4:	84 23       	and	r24, r20
    30c6:	8c 93       	st	X, r24
			PORTA |=(Copy_u8Value<<Copy_u8PinID);
    30c8:	ab e3       	ldi	r26, 0x3B	; 59
    30ca:	b0 e0       	ldi	r27, 0x00	; 0
    30cc:	eb e3       	ldi	r30, 0x3B	; 59
    30ce:	f0 e0       	ldi	r31, 0x00	; 0
    30d0:	80 81       	ld	r24, Z
    30d2:	48 2f       	mov	r20, r24
    30d4:	8c 81       	ldd	r24, Y+4	; 0x04
    30d6:	28 2f       	mov	r18, r24
    30d8:	30 e0       	ldi	r19, 0x00	; 0
    30da:	8b 81       	ldd	r24, Y+3	; 0x03
    30dc:	88 2f       	mov	r24, r24
    30de:	90 e0       	ldi	r25, 0x00	; 0
    30e0:	b9 01       	movw	r22, r18
    30e2:	02 c0       	rjmp	.+4      	; 0x30e8 <DIO_enuSetPinValue+0xba>
    30e4:	66 0f       	add	r22, r22
    30e6:	77 1f       	adc	r23, r23
    30e8:	8a 95       	dec	r24
    30ea:	e2 f7       	brpl	.-8      	; 0x30e4 <DIO_enuSetPinValue+0xb6>
    30ec:	cb 01       	movw	r24, r22
    30ee:	84 2b       	or	r24, r20
    30f0:	8c 93       	st	X, r24
    30f2:	7a c0       	rjmp	.+244    	; 0x31e8 <DIO_enuSetPinValue+0x1ba>
			break;
		case DIO_PORTB:
			PORTB&=~(DIO_MASK_BIT<<Copy_u8PinID);
    30f4:	a8 e3       	ldi	r26, 0x38	; 56
    30f6:	b0 e0       	ldi	r27, 0x00	; 0
    30f8:	e8 e3       	ldi	r30, 0x38	; 56
    30fa:	f0 e0       	ldi	r31, 0x00	; 0
    30fc:	80 81       	ld	r24, Z
    30fe:	48 2f       	mov	r20, r24
    3100:	8b 81       	ldd	r24, Y+3	; 0x03
    3102:	28 2f       	mov	r18, r24
    3104:	30 e0       	ldi	r19, 0x00	; 0
    3106:	81 e0       	ldi	r24, 0x01	; 1
    3108:	90 e0       	ldi	r25, 0x00	; 0
    310a:	02 c0       	rjmp	.+4      	; 0x3110 <DIO_enuSetPinValue+0xe2>
    310c:	88 0f       	add	r24, r24
    310e:	99 1f       	adc	r25, r25
    3110:	2a 95       	dec	r18
    3112:	e2 f7       	brpl	.-8      	; 0x310c <DIO_enuSetPinValue+0xde>
    3114:	80 95       	com	r24
    3116:	84 23       	and	r24, r20
    3118:	8c 93       	st	X, r24
			PORTB |=(Copy_u8Value<<Copy_u8PinID);
    311a:	a8 e3       	ldi	r26, 0x38	; 56
    311c:	b0 e0       	ldi	r27, 0x00	; 0
    311e:	e8 e3       	ldi	r30, 0x38	; 56
    3120:	f0 e0       	ldi	r31, 0x00	; 0
    3122:	80 81       	ld	r24, Z
    3124:	48 2f       	mov	r20, r24
    3126:	8c 81       	ldd	r24, Y+4	; 0x04
    3128:	28 2f       	mov	r18, r24
    312a:	30 e0       	ldi	r19, 0x00	; 0
    312c:	8b 81       	ldd	r24, Y+3	; 0x03
    312e:	88 2f       	mov	r24, r24
    3130:	90 e0       	ldi	r25, 0x00	; 0
    3132:	b9 01       	movw	r22, r18
    3134:	02 c0       	rjmp	.+4      	; 0x313a <DIO_enuSetPinValue+0x10c>
    3136:	66 0f       	add	r22, r22
    3138:	77 1f       	adc	r23, r23
    313a:	8a 95       	dec	r24
    313c:	e2 f7       	brpl	.-8      	; 0x3136 <DIO_enuSetPinValue+0x108>
    313e:	cb 01       	movw	r24, r22
    3140:	84 2b       	or	r24, r20
    3142:	8c 93       	st	X, r24
    3144:	51 c0       	rjmp	.+162    	; 0x31e8 <DIO_enuSetPinValue+0x1ba>
			break;
		case DIO_PORTC:
			PORTC&=~(DIO_MASK_BIT<<Copy_u8PinID);
    3146:	a5 e3       	ldi	r26, 0x35	; 53
    3148:	b0 e0       	ldi	r27, 0x00	; 0
    314a:	e5 e3       	ldi	r30, 0x35	; 53
    314c:	f0 e0       	ldi	r31, 0x00	; 0
    314e:	80 81       	ld	r24, Z
    3150:	48 2f       	mov	r20, r24
    3152:	8b 81       	ldd	r24, Y+3	; 0x03
    3154:	28 2f       	mov	r18, r24
    3156:	30 e0       	ldi	r19, 0x00	; 0
    3158:	81 e0       	ldi	r24, 0x01	; 1
    315a:	90 e0       	ldi	r25, 0x00	; 0
    315c:	02 c0       	rjmp	.+4      	; 0x3162 <DIO_enuSetPinValue+0x134>
    315e:	88 0f       	add	r24, r24
    3160:	99 1f       	adc	r25, r25
    3162:	2a 95       	dec	r18
    3164:	e2 f7       	brpl	.-8      	; 0x315e <DIO_enuSetPinValue+0x130>
    3166:	80 95       	com	r24
    3168:	84 23       	and	r24, r20
    316a:	8c 93       	st	X, r24
			PORTC |=(Copy_u8Value<<Copy_u8PinID);
    316c:	a5 e3       	ldi	r26, 0x35	; 53
    316e:	b0 e0       	ldi	r27, 0x00	; 0
    3170:	e5 e3       	ldi	r30, 0x35	; 53
    3172:	f0 e0       	ldi	r31, 0x00	; 0
    3174:	80 81       	ld	r24, Z
    3176:	48 2f       	mov	r20, r24
    3178:	8c 81       	ldd	r24, Y+4	; 0x04
    317a:	28 2f       	mov	r18, r24
    317c:	30 e0       	ldi	r19, 0x00	; 0
    317e:	8b 81       	ldd	r24, Y+3	; 0x03
    3180:	88 2f       	mov	r24, r24
    3182:	90 e0       	ldi	r25, 0x00	; 0
    3184:	b9 01       	movw	r22, r18
    3186:	02 c0       	rjmp	.+4      	; 0x318c <DIO_enuSetPinValue+0x15e>
    3188:	66 0f       	add	r22, r22
    318a:	77 1f       	adc	r23, r23
    318c:	8a 95       	dec	r24
    318e:	e2 f7       	brpl	.-8      	; 0x3188 <DIO_enuSetPinValue+0x15a>
    3190:	cb 01       	movw	r24, r22
    3192:	84 2b       	or	r24, r20
    3194:	8c 93       	st	X, r24
    3196:	28 c0       	rjmp	.+80     	; 0x31e8 <DIO_enuSetPinValue+0x1ba>
			break;
		case DIO_PORTD:
			PORTD&=~(DIO_MASK_BIT<<Copy_u8PinID);
    3198:	a2 e3       	ldi	r26, 0x32	; 50
    319a:	b0 e0       	ldi	r27, 0x00	; 0
    319c:	e2 e3       	ldi	r30, 0x32	; 50
    319e:	f0 e0       	ldi	r31, 0x00	; 0
    31a0:	80 81       	ld	r24, Z
    31a2:	48 2f       	mov	r20, r24
    31a4:	8b 81       	ldd	r24, Y+3	; 0x03
    31a6:	28 2f       	mov	r18, r24
    31a8:	30 e0       	ldi	r19, 0x00	; 0
    31aa:	81 e0       	ldi	r24, 0x01	; 1
    31ac:	90 e0       	ldi	r25, 0x00	; 0
    31ae:	02 c0       	rjmp	.+4      	; 0x31b4 <DIO_enuSetPinValue+0x186>
    31b0:	88 0f       	add	r24, r24
    31b2:	99 1f       	adc	r25, r25
    31b4:	2a 95       	dec	r18
    31b6:	e2 f7       	brpl	.-8      	; 0x31b0 <DIO_enuSetPinValue+0x182>
    31b8:	80 95       	com	r24
    31ba:	84 23       	and	r24, r20
    31bc:	8c 93       	st	X, r24
			PORTD |=(Copy_u8Value<<Copy_u8PinID);
    31be:	a2 e3       	ldi	r26, 0x32	; 50
    31c0:	b0 e0       	ldi	r27, 0x00	; 0
    31c2:	e2 e3       	ldi	r30, 0x32	; 50
    31c4:	f0 e0       	ldi	r31, 0x00	; 0
    31c6:	80 81       	ld	r24, Z
    31c8:	48 2f       	mov	r20, r24
    31ca:	8c 81       	ldd	r24, Y+4	; 0x04
    31cc:	28 2f       	mov	r18, r24
    31ce:	30 e0       	ldi	r19, 0x00	; 0
    31d0:	8b 81       	ldd	r24, Y+3	; 0x03
    31d2:	88 2f       	mov	r24, r24
    31d4:	90 e0       	ldi	r25, 0x00	; 0
    31d6:	b9 01       	movw	r22, r18
    31d8:	02 c0       	rjmp	.+4      	; 0x31de <DIO_enuSetPinValue+0x1b0>
    31da:	66 0f       	add	r22, r22
    31dc:	77 1f       	adc	r23, r23
    31de:	8a 95       	dec	r24
    31e0:	e2 f7       	brpl	.-8      	; 0x31da <DIO_enuSetPinValue+0x1ac>
    31e2:	cb 01       	movw	r24, r22
    31e4:	84 2b       	or	r24, r20
    31e6:	8c 93       	st	X, r24
			break;
		}
		 Local_enuErrorstate=ES_OK;
    31e8:	81 e0       	ldi	r24, 0x01	; 1
    31ea:	89 83       	std	Y+1, r24	; 0x01
    31ec:	02 c0       	rjmp	.+4      	; 0x31f2 <DIO_enuSetPinValue+0x1c4>
	}
	else
	{
		Local_enuErrorstate=ES_OUT_OF_RANGE;
    31ee:	83 e0       	ldi	r24, 0x03	; 3
    31f0:	89 83       	std	Y+1, r24	; 0x01
	}



	return Local_enuErrorstate;
    31f2:	89 81       	ldd	r24, Y+1	; 0x01
}
    31f4:	26 96       	adiw	r28, 0x06	; 6
    31f6:	0f b6       	in	r0, 0x3f	; 63
    31f8:	f8 94       	cli
    31fa:	de bf       	out	0x3e, r29	; 62
    31fc:	0f be       	out	0x3f, r0	; 63
    31fe:	cd bf       	out	0x3d, r28	; 61
    3200:	cf 91       	pop	r28
    3202:	df 91       	pop	r29
    3204:	08 95       	ret

00003206 <DIO_enuTogPinValue>:

ES_t DIO_enuTogPinValue(u8 Copy_u8PortID ,u8 Copy_u8PinID )
{
    3206:	df 93       	push	r29
    3208:	cf 93       	push	r28
    320a:	00 d0       	rcall	.+0      	; 0x320c <DIO_enuTogPinValue+0x6>
    320c:	00 d0       	rcall	.+0      	; 0x320e <DIO_enuTogPinValue+0x8>
    320e:	0f 92       	push	r0
    3210:	cd b7       	in	r28, 0x3d	; 61
    3212:	de b7       	in	r29, 0x3e	; 62
    3214:	8a 83       	std	Y+2, r24	; 0x02
    3216:	6b 83       	std	Y+3, r22	; 0x03
	ES_t Local_enuErrorstate=ES_NOK;
    3218:	19 82       	std	Y+1, r1	; 0x01
	if( Copy_u8PortID <= DIO_PORTD && Copy_u8PinID<=DIO_PIN7  )
    321a:	8a 81       	ldd	r24, Y+2	; 0x02
    321c:	84 30       	cpi	r24, 0x04	; 4
    321e:	08 f0       	brcs	.+2      	; 0x3222 <DIO_enuTogPinValue+0x1c>
    3220:	75 c0       	rjmp	.+234    	; 0x330c <DIO_enuTogPinValue+0x106>
    3222:	8b 81       	ldd	r24, Y+3	; 0x03
    3224:	88 30       	cpi	r24, 0x08	; 8
    3226:	08 f0       	brcs	.+2      	; 0x322a <DIO_enuTogPinValue+0x24>
    3228:	71 c0       	rjmp	.+226    	; 0x330c <DIO_enuTogPinValue+0x106>
	{
		switch(Copy_u8PortID)
    322a:	8a 81       	ldd	r24, Y+2	; 0x02
    322c:	28 2f       	mov	r18, r24
    322e:	30 e0       	ldi	r19, 0x00	; 0
    3230:	3d 83       	std	Y+5, r19	; 0x05
    3232:	2c 83       	std	Y+4, r18	; 0x04
    3234:	8c 81       	ldd	r24, Y+4	; 0x04
    3236:	9d 81       	ldd	r25, Y+5	; 0x05
    3238:	81 30       	cpi	r24, 0x01	; 1
    323a:	91 05       	cpc	r25, r1
    323c:	49 f1       	breq	.+82     	; 0x3290 <DIO_enuTogPinValue+0x8a>
    323e:	2c 81       	ldd	r18, Y+4	; 0x04
    3240:	3d 81       	ldd	r19, Y+5	; 0x05
    3242:	22 30       	cpi	r18, 0x02	; 2
    3244:	31 05       	cpc	r19, r1
    3246:	2c f4       	brge	.+10     	; 0x3252 <DIO_enuTogPinValue+0x4c>
    3248:	8c 81       	ldd	r24, Y+4	; 0x04
    324a:	9d 81       	ldd	r25, Y+5	; 0x05
    324c:	00 97       	sbiw	r24, 0x00	; 0
    324e:	61 f0       	breq	.+24     	; 0x3268 <DIO_enuTogPinValue+0x62>
    3250:	5a c0       	rjmp	.+180    	; 0x3306 <DIO_enuTogPinValue+0x100>
    3252:	2c 81       	ldd	r18, Y+4	; 0x04
    3254:	3d 81       	ldd	r19, Y+5	; 0x05
    3256:	22 30       	cpi	r18, 0x02	; 2
    3258:	31 05       	cpc	r19, r1
    325a:	71 f1       	breq	.+92     	; 0x32b8 <DIO_enuTogPinValue+0xb2>
    325c:	8c 81       	ldd	r24, Y+4	; 0x04
    325e:	9d 81       	ldd	r25, Y+5	; 0x05
    3260:	83 30       	cpi	r24, 0x03	; 3
    3262:	91 05       	cpc	r25, r1
    3264:	e9 f1       	breq	.+122    	; 0x32e0 <DIO_enuTogPinValue+0xda>
    3266:	4f c0       	rjmp	.+158    	; 0x3306 <DIO_enuTogPinValue+0x100>
		{
		case DIO_PORTA:
			PORTA ^=(DIO_MASK_BIT<<Copy_u8PinID);
    3268:	ab e3       	ldi	r26, 0x3B	; 59
    326a:	b0 e0       	ldi	r27, 0x00	; 0
    326c:	eb e3       	ldi	r30, 0x3B	; 59
    326e:	f0 e0       	ldi	r31, 0x00	; 0
    3270:	80 81       	ld	r24, Z
    3272:	48 2f       	mov	r20, r24
    3274:	8b 81       	ldd	r24, Y+3	; 0x03
    3276:	28 2f       	mov	r18, r24
    3278:	30 e0       	ldi	r19, 0x00	; 0
    327a:	81 e0       	ldi	r24, 0x01	; 1
    327c:	90 e0       	ldi	r25, 0x00	; 0
    327e:	02 2e       	mov	r0, r18
    3280:	02 c0       	rjmp	.+4      	; 0x3286 <DIO_enuTogPinValue+0x80>
    3282:	88 0f       	add	r24, r24
    3284:	99 1f       	adc	r25, r25
    3286:	0a 94       	dec	r0
    3288:	e2 f7       	brpl	.-8      	; 0x3282 <DIO_enuTogPinValue+0x7c>
    328a:	84 27       	eor	r24, r20
    328c:	8c 93       	st	X, r24
    328e:	3b c0       	rjmp	.+118    	; 0x3306 <DIO_enuTogPinValue+0x100>
			break;
		case DIO_PORTB:
			PORTB ^=(DIO_MASK_BIT<<Copy_u8PinID);
    3290:	a8 e3       	ldi	r26, 0x38	; 56
    3292:	b0 e0       	ldi	r27, 0x00	; 0
    3294:	e8 e3       	ldi	r30, 0x38	; 56
    3296:	f0 e0       	ldi	r31, 0x00	; 0
    3298:	80 81       	ld	r24, Z
    329a:	48 2f       	mov	r20, r24
    329c:	8b 81       	ldd	r24, Y+3	; 0x03
    329e:	28 2f       	mov	r18, r24
    32a0:	30 e0       	ldi	r19, 0x00	; 0
    32a2:	81 e0       	ldi	r24, 0x01	; 1
    32a4:	90 e0       	ldi	r25, 0x00	; 0
    32a6:	02 2e       	mov	r0, r18
    32a8:	02 c0       	rjmp	.+4      	; 0x32ae <DIO_enuTogPinValue+0xa8>
    32aa:	88 0f       	add	r24, r24
    32ac:	99 1f       	adc	r25, r25
    32ae:	0a 94       	dec	r0
    32b0:	e2 f7       	brpl	.-8      	; 0x32aa <DIO_enuTogPinValue+0xa4>
    32b2:	84 27       	eor	r24, r20
    32b4:	8c 93       	st	X, r24
    32b6:	27 c0       	rjmp	.+78     	; 0x3306 <DIO_enuTogPinValue+0x100>
			break;
		case DIO_PORTC:
			PORTC ^=(DIO_MASK_BIT<<Copy_u8PinID);
    32b8:	a5 e3       	ldi	r26, 0x35	; 53
    32ba:	b0 e0       	ldi	r27, 0x00	; 0
    32bc:	e5 e3       	ldi	r30, 0x35	; 53
    32be:	f0 e0       	ldi	r31, 0x00	; 0
    32c0:	80 81       	ld	r24, Z
    32c2:	48 2f       	mov	r20, r24
    32c4:	8b 81       	ldd	r24, Y+3	; 0x03
    32c6:	28 2f       	mov	r18, r24
    32c8:	30 e0       	ldi	r19, 0x00	; 0
    32ca:	81 e0       	ldi	r24, 0x01	; 1
    32cc:	90 e0       	ldi	r25, 0x00	; 0
    32ce:	02 2e       	mov	r0, r18
    32d0:	02 c0       	rjmp	.+4      	; 0x32d6 <DIO_enuTogPinValue+0xd0>
    32d2:	88 0f       	add	r24, r24
    32d4:	99 1f       	adc	r25, r25
    32d6:	0a 94       	dec	r0
    32d8:	e2 f7       	brpl	.-8      	; 0x32d2 <DIO_enuTogPinValue+0xcc>
    32da:	84 27       	eor	r24, r20
    32dc:	8c 93       	st	X, r24
    32de:	13 c0       	rjmp	.+38     	; 0x3306 <DIO_enuTogPinValue+0x100>
			break;
		case DIO_PORTD:
			PORTD ^=(DIO_MASK_BIT<<Copy_u8PinID);
    32e0:	a2 e3       	ldi	r26, 0x32	; 50
    32e2:	b0 e0       	ldi	r27, 0x00	; 0
    32e4:	e2 e3       	ldi	r30, 0x32	; 50
    32e6:	f0 e0       	ldi	r31, 0x00	; 0
    32e8:	80 81       	ld	r24, Z
    32ea:	48 2f       	mov	r20, r24
    32ec:	8b 81       	ldd	r24, Y+3	; 0x03
    32ee:	28 2f       	mov	r18, r24
    32f0:	30 e0       	ldi	r19, 0x00	; 0
    32f2:	81 e0       	ldi	r24, 0x01	; 1
    32f4:	90 e0       	ldi	r25, 0x00	; 0
    32f6:	02 2e       	mov	r0, r18
    32f8:	02 c0       	rjmp	.+4      	; 0x32fe <DIO_enuTogPinValue+0xf8>
    32fa:	88 0f       	add	r24, r24
    32fc:	99 1f       	adc	r25, r25
    32fe:	0a 94       	dec	r0
    3300:	e2 f7       	brpl	.-8      	; 0x32fa <DIO_enuTogPinValue+0xf4>
    3302:	84 27       	eor	r24, r20
    3304:	8c 93       	st	X, r24
			break;
		}
		 Local_enuErrorstate=ES_OK;
    3306:	81 e0       	ldi	r24, 0x01	; 1
    3308:	89 83       	std	Y+1, r24	; 0x01
    330a:	02 c0       	rjmp	.+4      	; 0x3310 <DIO_enuTogPinValue+0x10a>
	}
	else
	{
		Local_enuErrorstate=ES_OUT_OF_RANGE;
    330c:	83 e0       	ldi	r24, 0x03	; 3
    330e:	89 83       	std	Y+1, r24	; 0x01
	}


	return Local_enuErrorstate;
    3310:	89 81       	ldd	r24, Y+1	; 0x01
}
    3312:	0f 90       	pop	r0
    3314:	0f 90       	pop	r0
    3316:	0f 90       	pop	r0
    3318:	0f 90       	pop	r0
    331a:	0f 90       	pop	r0
    331c:	cf 91       	pop	r28
    331e:	df 91       	pop	r29
    3320:	08 95       	ret

00003322 <DIO_enuGetPinValue>:

ES_t DIO_enuGetPinValue(u8 Copy_u8PortID ,u8 Copy_u8PinID ,u8* Copy_pu8Value)
{
    3322:	df 93       	push	r29
    3324:	cf 93       	push	r28
    3326:	cd b7       	in	r28, 0x3d	; 61
    3328:	de b7       	in	r29, 0x3e	; 62
    332a:	27 97       	sbiw	r28, 0x07	; 7
    332c:	0f b6       	in	r0, 0x3f	; 63
    332e:	f8 94       	cli
    3330:	de bf       	out	0x3e, r29	; 62
    3332:	0f be       	out	0x3f, r0	; 63
    3334:	cd bf       	out	0x3d, r28	; 61
    3336:	8a 83       	std	Y+2, r24	; 0x02
    3338:	6b 83       	std	Y+3, r22	; 0x03
    333a:	5d 83       	std	Y+5, r21	; 0x05
    333c:	4c 83       	std	Y+4, r20	; 0x04
	ES_t Local_enuErrorstate=ES_NOK;
    333e:	19 82       	std	Y+1, r1	; 0x01
	if(Copy_pu8Value !=NULL)
    3340:	8c 81       	ldd	r24, Y+4	; 0x04
    3342:	9d 81       	ldd	r25, Y+5	; 0x05
    3344:	00 97       	sbiw	r24, 0x00	; 0
    3346:	09 f4       	brne	.+2      	; 0x334a <DIO_enuGetPinValue+0x28>
    3348:	7c c0       	rjmp	.+248    	; 0x3442 <DIO_enuGetPinValue+0x120>
	{
		if( Copy_u8PortID <= DIO_PORTD && Copy_u8PinID<=DIO_PIN7 )
    334a:	8a 81       	ldd	r24, Y+2	; 0x02
    334c:	84 30       	cpi	r24, 0x04	; 4
    334e:	08 f0       	brcs	.+2      	; 0x3352 <DIO_enuGetPinValue+0x30>
    3350:	75 c0       	rjmp	.+234    	; 0x343c <DIO_enuGetPinValue+0x11a>
    3352:	8b 81       	ldd	r24, Y+3	; 0x03
    3354:	88 30       	cpi	r24, 0x08	; 8
    3356:	08 f0       	brcs	.+2      	; 0x335a <DIO_enuGetPinValue+0x38>
    3358:	71 c0       	rjmp	.+226    	; 0x343c <DIO_enuGetPinValue+0x11a>
		{
			switch(Copy_u8PortID)
    335a:	8a 81       	ldd	r24, Y+2	; 0x02
    335c:	28 2f       	mov	r18, r24
    335e:	30 e0       	ldi	r19, 0x00	; 0
    3360:	3f 83       	std	Y+7, r19	; 0x07
    3362:	2e 83       	std	Y+6, r18	; 0x06
    3364:	4e 81       	ldd	r20, Y+6	; 0x06
    3366:	5f 81       	ldd	r21, Y+7	; 0x07
    3368:	41 30       	cpi	r20, 0x01	; 1
    336a:	51 05       	cpc	r21, r1
    336c:	59 f1       	breq	.+86     	; 0x33c4 <DIO_enuGetPinValue+0xa2>
    336e:	8e 81       	ldd	r24, Y+6	; 0x06
    3370:	9f 81       	ldd	r25, Y+7	; 0x07
    3372:	82 30       	cpi	r24, 0x02	; 2
    3374:	91 05       	cpc	r25, r1
    3376:	34 f4       	brge	.+12     	; 0x3384 <DIO_enuGetPinValue+0x62>
    3378:	2e 81       	ldd	r18, Y+6	; 0x06
    337a:	3f 81       	ldd	r19, Y+7	; 0x07
    337c:	21 15       	cp	r18, r1
    337e:	31 05       	cpc	r19, r1
    3380:	69 f0       	breq	.+26     	; 0x339c <DIO_enuGetPinValue+0x7a>
    3382:	61 c0       	rjmp	.+194    	; 0x3446 <DIO_enuGetPinValue+0x124>
    3384:	4e 81       	ldd	r20, Y+6	; 0x06
    3386:	5f 81       	ldd	r21, Y+7	; 0x07
    3388:	42 30       	cpi	r20, 0x02	; 2
    338a:	51 05       	cpc	r21, r1
    338c:	79 f1       	breq	.+94     	; 0x33ec <DIO_enuGetPinValue+0xca>
    338e:	8e 81       	ldd	r24, Y+6	; 0x06
    3390:	9f 81       	ldd	r25, Y+7	; 0x07
    3392:	83 30       	cpi	r24, 0x03	; 3
    3394:	91 05       	cpc	r25, r1
    3396:	09 f4       	brne	.+2      	; 0x339a <DIO_enuGetPinValue+0x78>
    3398:	3d c0       	rjmp	.+122    	; 0x3414 <DIO_enuGetPinValue+0xf2>
    339a:	55 c0       	rjmp	.+170    	; 0x3446 <DIO_enuGetPinValue+0x124>
			{
			case DIO_PORTA:
				*Copy_pu8Value=!((PINA & (DIO_MASK_BIT << Copy_u8PinID)) == 0);
    339c:	e9 e3       	ldi	r30, 0x39	; 57
    339e:	f0 e0       	ldi	r31, 0x00	; 0
    33a0:	80 81       	ld	r24, Z
    33a2:	28 2f       	mov	r18, r24
    33a4:	30 e0       	ldi	r19, 0x00	; 0
    33a6:	8b 81       	ldd	r24, Y+3	; 0x03
    33a8:	88 2f       	mov	r24, r24
    33aa:	90 e0       	ldi	r25, 0x00	; 0
    33ac:	a9 01       	movw	r20, r18
    33ae:	02 c0       	rjmp	.+4      	; 0x33b4 <DIO_enuGetPinValue+0x92>
    33b0:	55 95       	asr	r21
    33b2:	47 95       	ror	r20
    33b4:	8a 95       	dec	r24
    33b6:	e2 f7       	brpl	.-8      	; 0x33b0 <DIO_enuGetPinValue+0x8e>
    33b8:	ca 01       	movw	r24, r20
    33ba:	81 70       	andi	r24, 0x01	; 1
    33bc:	ec 81       	ldd	r30, Y+4	; 0x04
    33be:	fd 81       	ldd	r31, Y+5	; 0x05
    33c0:	80 83       	st	Z, r24
    33c2:	41 c0       	rjmp	.+130    	; 0x3446 <DIO_enuGetPinValue+0x124>
				break;
			case DIO_PORTB:
				*Copy_pu8Value=!((PINB & (DIO_MASK_BIT << Copy_u8PinID)) == 0);
    33c4:	e6 e3       	ldi	r30, 0x36	; 54
    33c6:	f0 e0       	ldi	r31, 0x00	; 0
    33c8:	80 81       	ld	r24, Z
    33ca:	28 2f       	mov	r18, r24
    33cc:	30 e0       	ldi	r19, 0x00	; 0
    33ce:	8b 81       	ldd	r24, Y+3	; 0x03
    33d0:	88 2f       	mov	r24, r24
    33d2:	90 e0       	ldi	r25, 0x00	; 0
    33d4:	a9 01       	movw	r20, r18
    33d6:	02 c0       	rjmp	.+4      	; 0x33dc <DIO_enuGetPinValue+0xba>
    33d8:	55 95       	asr	r21
    33da:	47 95       	ror	r20
    33dc:	8a 95       	dec	r24
    33de:	e2 f7       	brpl	.-8      	; 0x33d8 <DIO_enuGetPinValue+0xb6>
    33e0:	ca 01       	movw	r24, r20
    33e2:	81 70       	andi	r24, 0x01	; 1
    33e4:	ec 81       	ldd	r30, Y+4	; 0x04
    33e6:	fd 81       	ldd	r31, Y+5	; 0x05
    33e8:	80 83       	st	Z, r24
    33ea:	2d c0       	rjmp	.+90     	; 0x3446 <DIO_enuGetPinValue+0x124>
				break;
			case DIO_PORTC:
				*Copy_pu8Value=!((PINC & (DIO_MASK_BIT << Copy_u8PinID)) == 0);
    33ec:	e3 e3       	ldi	r30, 0x33	; 51
    33ee:	f0 e0       	ldi	r31, 0x00	; 0
    33f0:	80 81       	ld	r24, Z
    33f2:	28 2f       	mov	r18, r24
    33f4:	30 e0       	ldi	r19, 0x00	; 0
    33f6:	8b 81       	ldd	r24, Y+3	; 0x03
    33f8:	88 2f       	mov	r24, r24
    33fa:	90 e0       	ldi	r25, 0x00	; 0
    33fc:	a9 01       	movw	r20, r18
    33fe:	02 c0       	rjmp	.+4      	; 0x3404 <DIO_enuGetPinValue+0xe2>
    3400:	55 95       	asr	r21
    3402:	47 95       	ror	r20
    3404:	8a 95       	dec	r24
    3406:	e2 f7       	brpl	.-8      	; 0x3400 <DIO_enuGetPinValue+0xde>
    3408:	ca 01       	movw	r24, r20
    340a:	81 70       	andi	r24, 0x01	; 1
    340c:	ec 81       	ldd	r30, Y+4	; 0x04
    340e:	fd 81       	ldd	r31, Y+5	; 0x05
    3410:	80 83       	st	Z, r24
    3412:	19 c0       	rjmp	.+50     	; 0x3446 <DIO_enuGetPinValue+0x124>
				break;
			case DIO_PORTD:
				*Copy_pu8Value=!((PIND & (DIO_MASK_BIT << Copy_u8PinID)) == 0);
    3414:	e0 e3       	ldi	r30, 0x30	; 48
    3416:	f0 e0       	ldi	r31, 0x00	; 0
    3418:	80 81       	ld	r24, Z
    341a:	28 2f       	mov	r18, r24
    341c:	30 e0       	ldi	r19, 0x00	; 0
    341e:	8b 81       	ldd	r24, Y+3	; 0x03
    3420:	88 2f       	mov	r24, r24
    3422:	90 e0       	ldi	r25, 0x00	; 0
    3424:	a9 01       	movw	r20, r18
    3426:	02 c0       	rjmp	.+4      	; 0x342c <DIO_enuGetPinValue+0x10a>
    3428:	55 95       	asr	r21
    342a:	47 95       	ror	r20
    342c:	8a 95       	dec	r24
    342e:	e2 f7       	brpl	.-8      	; 0x3428 <DIO_enuGetPinValue+0x106>
    3430:	ca 01       	movw	r24, r20
    3432:	81 70       	andi	r24, 0x01	; 1
    3434:	ec 81       	ldd	r30, Y+4	; 0x04
    3436:	fd 81       	ldd	r31, Y+5	; 0x05
    3438:	80 83       	st	Z, r24
    343a:	05 c0       	rjmp	.+10     	; 0x3446 <DIO_enuGetPinValue+0x124>
				break;
			}
		}
		else
		{
			Local_enuErrorstate=ES_OUT_OF_RANGE;
    343c:	83 e0       	ldi	r24, 0x03	; 3
    343e:	89 83       	std	Y+1, r24	; 0x01
    3440:	02 c0       	rjmp	.+4      	; 0x3446 <DIO_enuGetPinValue+0x124>
		}
	}
	else
	{
		Local_enuErrorstate=ES_NULL_POINTER;
    3442:	82 e0       	ldi	r24, 0x02	; 2
    3444:	89 83       	std	Y+1, r24	; 0x01
	}


	return Local_enuErrorstate;
    3446:	89 81       	ldd	r24, Y+1	; 0x01
}
    3448:	27 96       	adiw	r28, 0x07	; 7
    344a:	0f b6       	in	r0, 0x3f	; 63
    344c:	f8 94       	cli
    344e:	de bf       	out	0x3e, r29	; 62
    3450:	0f be       	out	0x3f, r0	; 63
    3452:	cd bf       	out	0x3d, r28	; 61
    3454:	cf 91       	pop	r28
    3456:	df 91       	pop	r29
    3458:	08 95       	ret

0000345a <ADC_enuInit>:

static void (*ADC_pfunISRFun)(void *)=NULL;
static void *ADC_pvidISRParameter =NULL;

ES_t ADC_enuInit(void)
{
    345a:	df 93       	push	r29
    345c:	cf 93       	push	r28
    345e:	0f 92       	push	r0
    3460:	cd b7       	in	r28, 0x3d	; 61
    3462:	de b7       	in	r29, 0x3e	; 62
	 ES_t Local_enuErrorState=ES_NOK;
    3464:	19 82       	std	Y+1, r1	; 0x01
	 ADCSRA |=(1<<2);
	 ADCSRA |=(1<<1);
	 ADCSRA &=~(1<<0);
	 Local_enuErrorState=ES_OK;
#elif ADC_PRES==PRES_128
	 ADCSRA |=(1<<2);
    3466:	a6 e2       	ldi	r26, 0x26	; 38
    3468:	b0 e0       	ldi	r27, 0x00	; 0
    346a:	e6 e2       	ldi	r30, 0x26	; 38
    346c:	f0 e0       	ldi	r31, 0x00	; 0
    346e:	80 81       	ld	r24, Z
    3470:	84 60       	ori	r24, 0x04	; 4
    3472:	8c 93       	st	X, r24
	 ADCSRA |=(1<<1);
    3474:	a6 e2       	ldi	r26, 0x26	; 38
    3476:	b0 e0       	ldi	r27, 0x00	; 0
    3478:	e6 e2       	ldi	r30, 0x26	; 38
    347a:	f0 e0       	ldi	r31, 0x00	; 0
    347c:	80 81       	ld	r24, Z
    347e:	82 60       	ori	r24, 0x02	; 2
    3480:	8c 93       	st	X, r24
	 ADCSRA |=(1<<0);
    3482:	a6 e2       	ldi	r26, 0x26	; 38
    3484:	b0 e0       	ldi	r27, 0x00	; 0
    3486:	e6 e2       	ldi	r30, 0x26	; 38
    3488:	f0 e0       	ldi	r31, 0x00	; 0
    348a:	80 81       	ld	r24, Z
    348c:	81 60       	ori	r24, 0x01	; 1
    348e:	8c 93       	st	X, r24
	 Local_enuErrorState=ES_OK;
    3490:	81 e0       	ldi	r24, 0x01	; 1
    3492:	89 83       	std	Y+1, r24	; 0x01
#if ADC_REF_VOLT==AREF_REF
	 ADMUX &=~(1<<7);
	 ADMUX &=~(1<<6);
	 Local_enuErrorState=ES_OK;
#elif ADC_REF_VOLT==AVCC_REF
	 ADMUX &=~(1<<7);
    3494:	a7 e2       	ldi	r26, 0x27	; 39
    3496:	b0 e0       	ldi	r27, 0x00	; 0
    3498:	e7 e2       	ldi	r30, 0x27	; 39
    349a:	f0 e0       	ldi	r31, 0x00	; 0
    349c:	80 81       	ld	r24, Z
    349e:	8f 77       	andi	r24, 0x7F	; 127
    34a0:	8c 93       	st	X, r24
	 ADMUX |=(1<<6);
    34a2:	a7 e2       	ldi	r26, 0x27	; 39
    34a4:	b0 e0       	ldi	r27, 0x00	; 0
    34a6:	e7 e2       	ldi	r30, 0x27	; 39
    34a8:	f0 e0       	ldi	r31, 0x00	; 0
    34aa:	80 81       	ld	r24, Z
    34ac:	80 64       	ori	r24, 0x40	; 64
    34ae:	8c 93       	st	X, r24
	 Local_enuErrorState=ES_OK;
    34b0:	81 e0       	ldi	r24, 0x01	; 1
    34b2:	89 83       	std	Y+1, r24	; 0x01
	 //ADJUSTEMENT
#if ADC_ADJ==RIGHT_ADJ
	 ADMUX &=~(1<<5);
	 Local_enuErrorState=ES_OK;
#elif ADC_ADJ==LEFT_ADJ
	 ADMUX |=(1<<5);
    34b4:	a7 e2       	ldi	r26, 0x27	; 39
    34b6:	b0 e0       	ldi	r27, 0x00	; 0
    34b8:	e7 e2       	ldi	r30, 0x27	; 39
    34ba:	f0 e0       	ldi	r31, 0x00	; 0
    34bc:	80 81       	ld	r24, Z
    34be:	80 62       	ori	r24, 0x20	; 32
    34c0:	8c 93       	st	X, r24
	 Local_enuErrorState=ES_OK;
    34c2:	81 e0       	ldi	r24, 0x01	; 1
    34c4:	89 83       	std	Y+1, r24	; 0x01
	 Local_enuErrorState=ES_OUT_OF_RANGE;
#error"your ADC_ADJ has a wrong selection"
#endif


	 return Local_enuErrorState;
    34c6:	89 81       	ldd	r24, Y+1	; 0x01
}
    34c8:	0f 90       	pop	r0
    34ca:	cf 91       	pop	r28
    34cc:	df 91       	pop	r29
    34ce:	08 95       	ret

000034d0 <ADC_enuStartConversion>:

ES_t ADC_enuStartConversion(void)
{
    34d0:	df 93       	push	r29
    34d2:	cf 93       	push	r28
    34d4:	0f 92       	push	r0
    34d6:	cd b7       	in	r28, 0x3d	; 61
    34d8:	de b7       	in	r29, 0x3e	; 62
	 ES_t Local_enuErrorState=ES_NOK;
    34da:	19 82       	std	Y+1, r1	; 0x01

	 ADCSRA |=(1<<6);
    34dc:	a6 e2       	ldi	r26, 0x26	; 38
    34de:	b0 e0       	ldi	r27, 0x00	; 0
    34e0:	e6 e2       	ldi	r30, 0x26	; 38
    34e2:	f0 e0       	ldi	r31, 0x00	; 0
    34e4:	80 81       	ld	r24, Z
    34e6:	80 64       	ori	r24, 0x40	; 64
    34e8:	8c 93       	st	X, r24
	 Local_enuErrorState=ES_OK;
    34ea:	81 e0       	ldi	r24, 0x01	; 1
    34ec:	89 83       	std	Y+1, r24	; 0x01

	 return Local_enuErrorState;
    34ee:	89 81       	ldd	r24, Y+1	; 0x01
}
    34f0:	0f 90       	pop	r0
    34f2:	cf 91       	pop	r28
    34f4:	df 91       	pop	r29
    34f6:	08 95       	ret

000034f8 <ADC_enuPollingSystem>:

ES_t ADC_enuPollingSystem(void)
{
    34f8:	df 93       	push	r29
    34fa:	cf 93       	push	r28
    34fc:	0f 92       	push	r0
    34fe:	cd b7       	in	r28, 0x3d	; 61
    3500:	de b7       	in	r29, 0x3e	; 62
	 ES_t Local_enuErrorState=ES_NOK;
    3502:	19 82       	std	Y+1, r1	; 0x01

	 while(((ADCSRA >>4)&1)==0); //WAIT FOR FLAG (ADIF)
    3504:	e6 e2       	ldi	r30, 0x26	; 38
    3506:	f0 e0       	ldi	r31, 0x00	; 0
    3508:	80 81       	ld	r24, Z
    350a:	82 95       	swap	r24
    350c:	8f 70       	andi	r24, 0x0F	; 15
    350e:	88 2f       	mov	r24, r24
    3510:	90 e0       	ldi	r25, 0x00	; 0
    3512:	81 70       	andi	r24, 0x01	; 1
    3514:	90 70       	andi	r25, 0x00	; 0
    3516:	00 97       	sbiw	r24, 0x00	; 0
    3518:	a9 f3       	breq	.-22     	; 0x3504 <ADC_enuPollingSystem+0xc>
	 ADCSRA |=(1<<4);   //CLEAR FLAG
    351a:	a6 e2       	ldi	r26, 0x26	; 38
    351c:	b0 e0       	ldi	r27, 0x00	; 0
    351e:	e6 e2       	ldi	r30, 0x26	; 38
    3520:	f0 e0       	ldi	r31, 0x00	; 0
    3522:	80 81       	ld	r24, Z
    3524:	80 61       	ori	r24, 0x10	; 16
    3526:	8c 93       	st	X, r24
	 Local_enuErrorState=ES_OK;
    3528:	81 e0       	ldi	r24, 0x01	; 1
    352a:	89 83       	std	Y+1, r24	; 0x01

	 return Local_enuErrorState;
    352c:	89 81       	ldd	r24, Y+1	; 0x01
}
    352e:	0f 90       	pop	r0
    3530:	cf 91       	pop	r28
    3532:	df 91       	pop	r29
    3534:	08 95       	ret

00003536 <ADC_enuReadHighValue>:

ES_t ADC_enuReadHighValue(u8 *Copy_pu8Value)
{
    3536:	df 93       	push	r29
    3538:	cf 93       	push	r28
    353a:	00 d0       	rcall	.+0      	; 0x353c <ADC_enuReadHighValue+0x6>
    353c:	0f 92       	push	r0
    353e:	cd b7       	in	r28, 0x3d	; 61
    3540:	de b7       	in	r29, 0x3e	; 62
    3542:	9b 83       	std	Y+3, r25	; 0x03
    3544:	8a 83       	std	Y+2, r24	; 0x02
	 ES_t Local_enuErrorState=ES_NOK;
    3546:	19 82       	std	Y+1, r1	; 0x01
#if ADC_ADJ==RIGHT_ADJ
	 *Copy_pu8Value =(ADCL >>2);
	 *Copy_pu8Value |=(ADCH <<6);
	 Local_enuErrorState=ES_OK;
#elif ADC_ADJ==LEFT_ADJ
	 *Copy_pu8Value =ADCH;
    3548:	e5 e2       	ldi	r30, 0x25	; 37
    354a:	f0 e0       	ldi	r31, 0x00	; 0
    354c:	80 81       	ld	r24, Z
    354e:	ea 81       	ldd	r30, Y+2	; 0x02
    3550:	fb 81       	ldd	r31, Y+3	; 0x03
    3552:	80 83       	st	Z, r24
	 Local_enuErrorState=ES_OK;
    3554:	81 e0       	ldi	r24, 0x01	; 1
    3556:	89 83       	std	Y+1, r24	; 0x01
#else
	 Local_enuErrorState=ES_OUT_OF_RANGE;
#error"your ADC_ADJ has a wrong selection"
#endif

	 return Local_enuErrorState;
    3558:	89 81       	ldd	r24, Y+1	; 0x01
}
    355a:	0f 90       	pop	r0
    355c:	0f 90       	pop	r0
    355e:	0f 90       	pop	r0
    3560:	cf 91       	pop	r28
    3562:	df 91       	pop	r29
    3564:	08 95       	ret

00003566 <ADC_enuRead>:

ES_t ADC_enuRead(u16 *Copy_pu16Value)
{
    3566:	df 93       	push	r29
    3568:	cf 93       	push	r28
    356a:	00 d0       	rcall	.+0      	; 0x356c <ADC_enuRead+0x6>
    356c:	0f 92       	push	r0
    356e:	cd b7       	in	r28, 0x3d	; 61
    3570:	de b7       	in	r29, 0x3e	; 62
    3572:	9b 83       	std	Y+3, r25	; 0x03
    3574:	8a 83       	std	Y+2, r24	; 0x02
	 ES_t Local_enuErrorState=ES_NOK;
    3576:	19 82       	std	Y+1, r1	; 0x01
#if ADC_ADJ==RIGHT_ADJ
	 *Copy_pu16Value =ADCL;
	 *Copy_pu16Value |=((u16)ADCH <<8);
	 Local_enuErrorState=ES_OK;
#elif ADC_ADJ==LEFT_ADJ
	 *Copy_pu16Value =(ADCL>>6);
    3578:	e4 e2       	ldi	r30, 0x24	; 36
    357a:	f0 e0       	ldi	r31, 0x00	; 0
    357c:	80 81       	ld	r24, Z
    357e:	82 95       	swap	r24
    3580:	86 95       	lsr	r24
    3582:	86 95       	lsr	r24
    3584:	83 70       	andi	r24, 0x03	; 3
    3586:	88 2f       	mov	r24, r24
    3588:	90 e0       	ldi	r25, 0x00	; 0
    358a:	ea 81       	ldd	r30, Y+2	; 0x02
    358c:	fb 81       	ldd	r31, Y+3	; 0x03
    358e:	91 83       	std	Z+1, r25	; 0x01
    3590:	80 83       	st	Z, r24
	 *Copy_pu16Value |=(ADCH<<2); ///
    3592:	ea 81       	ldd	r30, Y+2	; 0x02
    3594:	fb 81       	ldd	r31, Y+3	; 0x03
    3596:	20 81       	ld	r18, Z
    3598:	31 81       	ldd	r19, Z+1	; 0x01
    359a:	e5 e2       	ldi	r30, 0x25	; 37
    359c:	f0 e0       	ldi	r31, 0x00	; 0
    359e:	80 81       	ld	r24, Z
    35a0:	88 2f       	mov	r24, r24
    35a2:	90 e0       	ldi	r25, 0x00	; 0
    35a4:	88 0f       	add	r24, r24
    35a6:	99 1f       	adc	r25, r25
    35a8:	88 0f       	add	r24, r24
    35aa:	99 1f       	adc	r25, r25
    35ac:	82 2b       	or	r24, r18
    35ae:	93 2b       	or	r25, r19
    35b0:	ea 81       	ldd	r30, Y+2	; 0x02
    35b2:	fb 81       	ldd	r31, Y+3	; 0x03
    35b4:	91 83       	std	Z+1, r25	; 0x01
    35b6:	80 83       	st	Z, r24
	 Local_enuErrorState=ES_OK;
    35b8:	81 e0       	ldi	r24, 0x01	; 1
    35ba:	89 83       	std	Y+1, r24	; 0x01
#else
	 Local_enuErrorState=ES_OUT_OF_RANGE;
#error"your ADC_ADJ has a wrong selection"
#endif

	 return Local_enuErrorState;
    35bc:	89 81       	ldd	r24, Y+1	; 0x01
}
    35be:	0f 90       	pop	r0
    35c0:	0f 90       	pop	r0
    35c2:	0f 90       	pop	r0
    35c4:	cf 91       	pop	r28
    35c6:	df 91       	pop	r29
    35c8:	08 95       	ret

000035ca <ADC_enuCallBack>:

ES_t ADC_enuCallBack(void(Copy_pfunAppFun)(void*),void *Copy_pvidAppParameter)
{
    35ca:	df 93       	push	r29
    35cc:	cf 93       	push	r28
    35ce:	00 d0       	rcall	.+0      	; 0x35d0 <ADC_enuCallBack+0x6>
    35d0:	00 d0       	rcall	.+0      	; 0x35d2 <ADC_enuCallBack+0x8>
    35d2:	0f 92       	push	r0
    35d4:	cd b7       	in	r28, 0x3d	; 61
    35d6:	de b7       	in	r29, 0x3e	; 62
    35d8:	9b 83       	std	Y+3, r25	; 0x03
    35da:	8a 83       	std	Y+2, r24	; 0x02
    35dc:	7d 83       	std	Y+5, r23	; 0x05
    35de:	6c 83       	std	Y+4, r22	; 0x04
	 ES_t Local_enuErrorState=ES_NOK;
    35e0:	19 82       	std	Y+1, r1	; 0x01

	 if(Copy_pfunAppFun!=NULL)
    35e2:	8a 81       	ldd	r24, Y+2	; 0x02
    35e4:	9b 81       	ldd	r25, Y+3	; 0x03
    35e6:	00 97       	sbiw	r24, 0x00	; 0
    35e8:	79 f0       	breq	.+30     	; 0x3608 <ADC_enuCallBack+0x3e>
	 {
		 ADC_pfunISRFun=Copy_pfunAppFun;
    35ea:	8a 81       	ldd	r24, Y+2	; 0x02
    35ec:	9b 81       	ldd	r25, Y+3	; 0x03
    35ee:	90 93 d5 01 	sts	0x01D5, r25
    35f2:	80 93 d4 01 	sts	0x01D4, r24
		 ADC_pvidISRParameter=Copy_pvidAppParameter;
    35f6:	8c 81       	ldd	r24, Y+4	; 0x04
    35f8:	9d 81       	ldd	r25, Y+5	; 0x05
    35fa:	90 93 d7 01 	sts	0x01D7, r25
    35fe:	80 93 d6 01 	sts	0x01D6, r24
		 Local_enuErrorState=ES_OK;
    3602:	81 e0       	ldi	r24, 0x01	; 1
    3604:	89 83       	std	Y+1, r24	; 0x01
    3606:	02 c0       	rjmp	.+4      	; 0x360c <ADC_enuCallBack+0x42>
	 }
	 else
	 {
		 Local_enuErrorState=ES_NULL_POINTER;
    3608:	82 e0       	ldi	r24, 0x02	; 2
    360a:	89 83       	std	Y+1, r24	; 0x01
	 }

	 return Local_enuErrorState;
    360c:	89 81       	ldd	r24, Y+1	; 0x01
}
    360e:	0f 90       	pop	r0
    3610:	0f 90       	pop	r0
    3612:	0f 90       	pop	r0
    3614:	0f 90       	pop	r0
    3616:	0f 90       	pop	r0
    3618:	cf 91       	pop	r28
    361a:	df 91       	pop	r29
    361c:	08 95       	ret

0000361e <ADC_enuSelectChannel>:

ES_t ADC_enuSelectChannel(u8 Copy_u8ChannelID)
{
    361e:	df 93       	push	r29
    3620:	cf 93       	push	r28
    3622:	00 d0       	rcall	.+0      	; 0x3624 <ADC_enuSelectChannel+0x6>
    3624:	cd b7       	in	r28, 0x3d	; 61
    3626:	de b7       	in	r29, 0x3e	; 62
    3628:	8a 83       	std	Y+2, r24	; 0x02
	 ES_t Local_enuErrorState=ES_NOK;
    362a:	19 82       	std	Y+1, r1	; 0x01

	 if(Copy_u8ChannelID<32)
    362c:	8a 81       	ldd	r24, Y+2	; 0x02
    362e:	80 32       	cpi	r24, 0x20	; 32
    3630:	90 f4       	brcc	.+36     	; 0x3656 <ADC_enuSelectChannel+0x38>
	 {
		 ADMUX &=~ 0x1F;  //clear bits 4 3 2 1 0 >> 0b00011111 ~ 0b11100000
    3632:	a7 e2       	ldi	r26, 0x27	; 39
    3634:	b0 e0       	ldi	r27, 0x00	; 0
    3636:	e7 e2       	ldi	r30, 0x27	; 39
    3638:	f0 e0       	ldi	r31, 0x00	; 0
    363a:	80 81       	ld	r24, Z
    363c:	80 7e       	andi	r24, 0xE0	; 224
    363e:	8c 93       	st	X, r24
		 ADMUX |=Copy_u8ChannelID;
    3640:	a7 e2       	ldi	r26, 0x27	; 39
    3642:	b0 e0       	ldi	r27, 0x00	; 0
    3644:	e7 e2       	ldi	r30, 0x27	; 39
    3646:	f0 e0       	ldi	r31, 0x00	; 0
    3648:	90 81       	ld	r25, Z
    364a:	8a 81       	ldd	r24, Y+2	; 0x02
    364c:	89 2b       	or	r24, r25
    364e:	8c 93       	st	X, r24
		 Local_enuErrorState=ES_OK;
    3650:	81 e0       	ldi	r24, 0x01	; 1
    3652:	89 83       	std	Y+1, r24	; 0x01
    3654:	02 c0       	rjmp	.+4      	; 0x365a <ADC_enuSelectChannel+0x3c>
	 }
	 else
	 {
		 Local_enuErrorState=ES_OUT_OF_RANGE;
    3656:	83 e0       	ldi	r24, 0x03	; 3
    3658:	89 83       	std	Y+1, r24	; 0x01
	 }

	 return Local_enuErrorState;
    365a:	89 81       	ldd	r24, Y+1	; 0x01
}
    365c:	0f 90       	pop	r0
    365e:	0f 90       	pop	r0
    3660:	cf 91       	pop	r28
    3662:	df 91       	pop	r29
    3664:	08 95       	ret

00003666 <ADC_enuEnableTriggeringMode>:

ES_t ADC_enuEnableTriggeringMode(u8 Copy_u8TriggeringSource)
{
    3666:	df 93       	push	r29
    3668:	cf 93       	push	r28
    366a:	00 d0       	rcall	.+0      	; 0x366c <ADC_enuEnableTriggeringMode+0x6>
    366c:	00 d0       	rcall	.+0      	; 0x366e <ADC_enuEnableTriggeringMode+0x8>
    366e:	cd b7       	in	r28, 0x3d	; 61
    3670:	de b7       	in	r29, 0x3e	; 62
    3672:	8a 83       	std	Y+2, r24	; 0x02
	 ES_t Local_enuErrorState=ES_NOK;
    3674:	19 82       	std	Y+1, r1	; 0x01

	 ADCSRA &=~(1<<5); //CLOSE AUTO_TRIGEERING TO SELECT TRIGGER SOURCE
    3676:	a6 e2       	ldi	r26, 0x26	; 38
    3678:	b0 e0       	ldi	r27, 0x00	; 0
    367a:	e6 e2       	ldi	r30, 0x26	; 38
    367c:	f0 e0       	ldi	r31, 0x00	; 0
    367e:	80 81       	ld	r24, Z
    3680:	8f 7d       	andi	r24, 0xDF	; 223
    3682:	8c 93       	st	X, r24

	 switch(Copy_u8TriggeringSource)
    3684:	8a 81       	ldd	r24, Y+2	; 0x02
    3686:	28 2f       	mov	r18, r24
    3688:	30 e0       	ldi	r19, 0x00	; 0
    368a:	3c 83       	std	Y+4, r19	; 0x04
    368c:	2b 83       	std	Y+3, r18	; 0x03
    368e:	8b 81       	ldd	r24, Y+3	; 0x03
    3690:	9c 81       	ldd	r25, Y+4	; 0x04
    3692:	84 30       	cpi	r24, 0x04	; 4
    3694:	91 05       	cpc	r25, r1
    3696:	09 f4       	brne	.+2      	; 0x369a <ADC_enuEnableTriggeringMode+0x34>
    3698:	77 c0       	rjmp	.+238    	; 0x3788 <ADC_enuEnableTriggeringMode+0x122>
    369a:	2b 81       	ldd	r18, Y+3	; 0x03
    369c:	3c 81       	ldd	r19, Y+4	; 0x04
    369e:	25 30       	cpi	r18, 0x05	; 5
    36a0:	31 05       	cpc	r19, r1
    36a2:	8c f4       	brge	.+34     	; 0x36c6 <ADC_enuEnableTriggeringMode+0x60>
    36a4:	8b 81       	ldd	r24, Y+3	; 0x03
    36a6:	9c 81       	ldd	r25, Y+4	; 0x04
    36a8:	82 30       	cpi	r24, 0x02	; 2
    36aa:	91 05       	cpc	r25, r1
    36ac:	e9 f1       	breq	.+122    	; 0x3728 <ADC_enuEnableTriggeringMode+0xc2>
    36ae:	2b 81       	ldd	r18, Y+3	; 0x03
    36b0:	3c 81       	ldd	r19, Y+4	; 0x04
    36b2:	23 30       	cpi	r18, 0x03	; 3
    36b4:	31 05       	cpc	r19, r1
    36b6:	0c f0       	brlt	.+2      	; 0x36ba <ADC_enuEnableTriggeringMode+0x54>
    36b8:	4f c0       	rjmp	.+158    	; 0x3758 <ADC_enuEnableTriggeringMode+0xf2>
    36ba:	8b 81       	ldd	r24, Y+3	; 0x03
    36bc:	9c 81       	ldd	r25, Y+4	; 0x04
    36be:	81 30       	cpi	r24, 0x01	; 1
    36c0:	91 05       	cpc	r25, r1
    36c2:	d1 f0       	breq	.+52     	; 0x36f8 <ADC_enuEnableTriggeringMode+0x92>
    36c4:	d9 c0       	rjmp	.+434    	; 0x3878 <ADC_enuEnableTriggeringMode+0x212>
    36c6:	2b 81       	ldd	r18, Y+3	; 0x03
    36c8:	3c 81       	ldd	r19, Y+4	; 0x04
    36ca:	26 30       	cpi	r18, 0x06	; 6
    36cc:	31 05       	cpc	r19, r1
    36ce:	09 f4       	brne	.+2      	; 0x36d2 <ADC_enuEnableTriggeringMode+0x6c>
    36d0:	8b c0       	rjmp	.+278    	; 0x37e8 <ADC_enuEnableTriggeringMode+0x182>
    36d2:	8b 81       	ldd	r24, Y+3	; 0x03
    36d4:	9c 81       	ldd	r25, Y+4	; 0x04
    36d6:	86 30       	cpi	r24, 0x06	; 6
    36d8:	91 05       	cpc	r25, r1
    36da:	0c f4       	brge	.+2      	; 0x36de <ADC_enuEnableTriggeringMode+0x78>
    36dc:	6d c0       	rjmp	.+218    	; 0x37b8 <ADC_enuEnableTriggeringMode+0x152>
    36de:	2b 81       	ldd	r18, Y+3	; 0x03
    36e0:	3c 81       	ldd	r19, Y+4	; 0x04
    36e2:	27 30       	cpi	r18, 0x07	; 7
    36e4:	31 05       	cpc	r19, r1
    36e6:	09 f4       	brne	.+2      	; 0x36ea <ADC_enuEnableTriggeringMode+0x84>
    36e8:	97 c0       	rjmp	.+302    	; 0x3818 <ADC_enuEnableTriggeringMode+0x1b2>
    36ea:	8b 81       	ldd	r24, Y+3	; 0x03
    36ec:	9c 81       	ldd	r25, Y+4	; 0x04
    36ee:	88 30       	cpi	r24, 0x08	; 8
    36f0:	91 05       	cpc	r25, r1
    36f2:	09 f4       	brne	.+2      	; 0x36f6 <ADC_enuEnableTriggeringMode+0x90>
    36f4:	a9 c0       	rjmp	.+338    	; 0x3848 <ADC_enuEnableTriggeringMode+0x1e2>
    36f6:	c0 c0       	rjmp	.+384    	; 0x3878 <ADC_enuEnableTriggeringMode+0x212>
	 {
	 case FREE_RUNNING:
		 SFIOR &=~(1<<7);
    36f8:	a0 e5       	ldi	r26, 0x50	; 80
    36fa:	b0 e0       	ldi	r27, 0x00	; 0
    36fc:	e0 e5       	ldi	r30, 0x50	; 80
    36fe:	f0 e0       	ldi	r31, 0x00	; 0
    3700:	80 81       	ld	r24, Z
    3702:	8f 77       	andi	r24, 0x7F	; 127
    3704:	8c 93       	st	X, r24
		 SFIOR &=~(1<<6);
    3706:	a0 e5       	ldi	r26, 0x50	; 80
    3708:	b0 e0       	ldi	r27, 0x00	; 0
    370a:	e0 e5       	ldi	r30, 0x50	; 80
    370c:	f0 e0       	ldi	r31, 0x00	; 0
    370e:	80 81       	ld	r24, Z
    3710:	8f 7b       	andi	r24, 0xBF	; 191
    3712:	8c 93       	st	X, r24
		 SFIOR &=~(1<<5);
    3714:	a0 e5       	ldi	r26, 0x50	; 80
    3716:	b0 e0       	ldi	r27, 0x00	; 0
    3718:	e0 e5       	ldi	r30, 0x50	; 80
    371a:	f0 e0       	ldi	r31, 0x00	; 0
    371c:	80 81       	ld	r24, Z
    371e:	8f 7d       	andi	r24, 0xDF	; 223
    3720:	8c 93       	st	X, r24
		 Local_enuErrorState=ES_OK;
    3722:	81 e0       	ldi	r24, 0x01	; 1
    3724:	89 83       	std	Y+1, r24	; 0x01
    3726:	aa c0       	rjmp	.+340    	; 0x387c <ADC_enuEnableTriggeringMode+0x216>
		 break;
	 case ANALOG_COMPARATOR:
		 SFIOR &=~(1<<7);
    3728:	a0 e5       	ldi	r26, 0x50	; 80
    372a:	b0 e0       	ldi	r27, 0x00	; 0
    372c:	e0 e5       	ldi	r30, 0x50	; 80
    372e:	f0 e0       	ldi	r31, 0x00	; 0
    3730:	80 81       	ld	r24, Z
    3732:	8f 77       	andi	r24, 0x7F	; 127
    3734:	8c 93       	st	X, r24
		 SFIOR &=~(1<<6);
    3736:	a0 e5       	ldi	r26, 0x50	; 80
    3738:	b0 e0       	ldi	r27, 0x00	; 0
    373a:	e0 e5       	ldi	r30, 0x50	; 80
    373c:	f0 e0       	ldi	r31, 0x00	; 0
    373e:	80 81       	ld	r24, Z
    3740:	8f 7b       	andi	r24, 0xBF	; 191
    3742:	8c 93       	st	X, r24
		 SFIOR |=(1<<5);
    3744:	a0 e5       	ldi	r26, 0x50	; 80
    3746:	b0 e0       	ldi	r27, 0x00	; 0
    3748:	e0 e5       	ldi	r30, 0x50	; 80
    374a:	f0 e0       	ldi	r31, 0x00	; 0
    374c:	80 81       	ld	r24, Z
    374e:	80 62       	ori	r24, 0x20	; 32
    3750:	8c 93       	st	X, r24
		 Local_enuErrorState=ES_OK;
    3752:	81 e0       	ldi	r24, 0x01	; 1
    3754:	89 83       	std	Y+1, r24	; 0x01
    3756:	92 c0       	rjmp	.+292    	; 0x387c <ADC_enuEnableTriggeringMode+0x216>
		 break;
	 case EXT_INT0_REQ:
		 SFIOR &=~(1<<7);
    3758:	a0 e5       	ldi	r26, 0x50	; 80
    375a:	b0 e0       	ldi	r27, 0x00	; 0
    375c:	e0 e5       	ldi	r30, 0x50	; 80
    375e:	f0 e0       	ldi	r31, 0x00	; 0
    3760:	80 81       	ld	r24, Z
    3762:	8f 77       	andi	r24, 0x7F	; 127
    3764:	8c 93       	st	X, r24
		 SFIOR |=(1<<6);
    3766:	a0 e5       	ldi	r26, 0x50	; 80
    3768:	b0 e0       	ldi	r27, 0x00	; 0
    376a:	e0 e5       	ldi	r30, 0x50	; 80
    376c:	f0 e0       	ldi	r31, 0x00	; 0
    376e:	80 81       	ld	r24, Z
    3770:	80 64       	ori	r24, 0x40	; 64
    3772:	8c 93       	st	X, r24
		 SFIOR &=~(1<<5);
    3774:	a0 e5       	ldi	r26, 0x50	; 80
    3776:	b0 e0       	ldi	r27, 0x00	; 0
    3778:	e0 e5       	ldi	r30, 0x50	; 80
    377a:	f0 e0       	ldi	r31, 0x00	; 0
    377c:	80 81       	ld	r24, Z
    377e:	8f 7d       	andi	r24, 0xDF	; 223
    3780:	8c 93       	st	X, r24
		 Local_enuErrorState=ES_OK;
    3782:	81 e0       	ldi	r24, 0x01	; 1
    3784:	89 83       	std	Y+1, r24	; 0x01
    3786:	7a c0       	rjmp	.+244    	; 0x387c <ADC_enuEnableTriggeringMode+0x216>
		 break;
	 case TIM_COUNT_0_COMPARE_MATCH:
		 SFIOR &=~(1<<7);
    3788:	a0 e5       	ldi	r26, 0x50	; 80
    378a:	b0 e0       	ldi	r27, 0x00	; 0
    378c:	e0 e5       	ldi	r30, 0x50	; 80
    378e:	f0 e0       	ldi	r31, 0x00	; 0
    3790:	80 81       	ld	r24, Z
    3792:	8f 77       	andi	r24, 0x7F	; 127
    3794:	8c 93       	st	X, r24
		 SFIOR |=(1<<6);
    3796:	a0 e5       	ldi	r26, 0x50	; 80
    3798:	b0 e0       	ldi	r27, 0x00	; 0
    379a:	e0 e5       	ldi	r30, 0x50	; 80
    379c:	f0 e0       	ldi	r31, 0x00	; 0
    379e:	80 81       	ld	r24, Z
    37a0:	80 64       	ori	r24, 0x40	; 64
    37a2:	8c 93       	st	X, r24
		 SFIOR |=(1<<5);
    37a4:	a0 e5       	ldi	r26, 0x50	; 80
    37a6:	b0 e0       	ldi	r27, 0x00	; 0
    37a8:	e0 e5       	ldi	r30, 0x50	; 80
    37aa:	f0 e0       	ldi	r31, 0x00	; 0
    37ac:	80 81       	ld	r24, Z
    37ae:	80 62       	ori	r24, 0x20	; 32
    37b0:	8c 93       	st	X, r24
		 Local_enuErrorState=ES_OK;
    37b2:	81 e0       	ldi	r24, 0x01	; 1
    37b4:	89 83       	std	Y+1, r24	; 0x01
    37b6:	62 c0       	rjmp	.+196    	; 0x387c <ADC_enuEnableTriggeringMode+0x216>
		 break;
	 case TIM_COUNT_0_OVERFLOW:
		 SFIOR |=(1<<7);
    37b8:	a0 e5       	ldi	r26, 0x50	; 80
    37ba:	b0 e0       	ldi	r27, 0x00	; 0
    37bc:	e0 e5       	ldi	r30, 0x50	; 80
    37be:	f0 e0       	ldi	r31, 0x00	; 0
    37c0:	80 81       	ld	r24, Z
    37c2:	80 68       	ori	r24, 0x80	; 128
    37c4:	8c 93       	st	X, r24
		 SFIOR &=~(1<<6);
    37c6:	a0 e5       	ldi	r26, 0x50	; 80
    37c8:	b0 e0       	ldi	r27, 0x00	; 0
    37ca:	e0 e5       	ldi	r30, 0x50	; 80
    37cc:	f0 e0       	ldi	r31, 0x00	; 0
    37ce:	80 81       	ld	r24, Z
    37d0:	8f 7b       	andi	r24, 0xBF	; 191
    37d2:	8c 93       	st	X, r24
		 SFIOR &=~(1<<5);
    37d4:	a0 e5       	ldi	r26, 0x50	; 80
    37d6:	b0 e0       	ldi	r27, 0x00	; 0
    37d8:	e0 e5       	ldi	r30, 0x50	; 80
    37da:	f0 e0       	ldi	r31, 0x00	; 0
    37dc:	80 81       	ld	r24, Z
    37de:	8f 7d       	andi	r24, 0xDF	; 223
    37e0:	8c 93       	st	X, r24
		 Local_enuErrorState=ES_OK;
    37e2:	81 e0       	ldi	r24, 0x01	; 1
    37e4:	89 83       	std	Y+1, r24	; 0x01
    37e6:	4a c0       	rjmp	.+148    	; 0x387c <ADC_enuEnableTriggeringMode+0x216>
		 break;
	 case TIM_COUNT_1_COMPARE_MATCH:
		 SFIOR |=(1<<7);
    37e8:	a0 e5       	ldi	r26, 0x50	; 80
    37ea:	b0 e0       	ldi	r27, 0x00	; 0
    37ec:	e0 e5       	ldi	r30, 0x50	; 80
    37ee:	f0 e0       	ldi	r31, 0x00	; 0
    37f0:	80 81       	ld	r24, Z
    37f2:	80 68       	ori	r24, 0x80	; 128
    37f4:	8c 93       	st	X, r24
		 SFIOR &=~(1<<6);
    37f6:	a0 e5       	ldi	r26, 0x50	; 80
    37f8:	b0 e0       	ldi	r27, 0x00	; 0
    37fa:	e0 e5       	ldi	r30, 0x50	; 80
    37fc:	f0 e0       	ldi	r31, 0x00	; 0
    37fe:	80 81       	ld	r24, Z
    3800:	8f 7b       	andi	r24, 0xBF	; 191
    3802:	8c 93       	st	X, r24
		 SFIOR |=(1<<5);
    3804:	a0 e5       	ldi	r26, 0x50	; 80
    3806:	b0 e0       	ldi	r27, 0x00	; 0
    3808:	e0 e5       	ldi	r30, 0x50	; 80
    380a:	f0 e0       	ldi	r31, 0x00	; 0
    380c:	80 81       	ld	r24, Z
    380e:	80 62       	ori	r24, 0x20	; 32
    3810:	8c 93       	st	X, r24
		 Local_enuErrorState=ES_OK;
    3812:	81 e0       	ldi	r24, 0x01	; 1
    3814:	89 83       	std	Y+1, r24	; 0x01
    3816:	32 c0       	rjmp	.+100    	; 0x387c <ADC_enuEnableTriggeringMode+0x216>
		 break;
	 case TIM_COUNT_1_OVERFLOW:
		 SFIOR |=(1<<7);
    3818:	a0 e5       	ldi	r26, 0x50	; 80
    381a:	b0 e0       	ldi	r27, 0x00	; 0
    381c:	e0 e5       	ldi	r30, 0x50	; 80
    381e:	f0 e0       	ldi	r31, 0x00	; 0
    3820:	80 81       	ld	r24, Z
    3822:	80 68       	ori	r24, 0x80	; 128
    3824:	8c 93       	st	X, r24
		 SFIOR |=(1<<6);
    3826:	a0 e5       	ldi	r26, 0x50	; 80
    3828:	b0 e0       	ldi	r27, 0x00	; 0
    382a:	e0 e5       	ldi	r30, 0x50	; 80
    382c:	f0 e0       	ldi	r31, 0x00	; 0
    382e:	80 81       	ld	r24, Z
    3830:	80 64       	ori	r24, 0x40	; 64
    3832:	8c 93       	st	X, r24
		 SFIOR &=~(1<<5);
    3834:	a0 e5       	ldi	r26, 0x50	; 80
    3836:	b0 e0       	ldi	r27, 0x00	; 0
    3838:	e0 e5       	ldi	r30, 0x50	; 80
    383a:	f0 e0       	ldi	r31, 0x00	; 0
    383c:	80 81       	ld	r24, Z
    383e:	8f 7d       	andi	r24, 0xDF	; 223
    3840:	8c 93       	st	X, r24
		 Local_enuErrorState=ES_OK;
    3842:	81 e0       	ldi	r24, 0x01	; 1
    3844:	89 83       	std	Y+1, r24	; 0x01
    3846:	1a c0       	rjmp	.+52     	; 0x387c <ADC_enuEnableTriggeringMode+0x216>
		 break;
	 case TIM_COUNT_1_CAP_EVENT:
		 SFIOR |=(1<<7);
    3848:	a0 e5       	ldi	r26, 0x50	; 80
    384a:	b0 e0       	ldi	r27, 0x00	; 0
    384c:	e0 e5       	ldi	r30, 0x50	; 80
    384e:	f0 e0       	ldi	r31, 0x00	; 0
    3850:	80 81       	ld	r24, Z
    3852:	80 68       	ori	r24, 0x80	; 128
    3854:	8c 93       	st	X, r24
		 SFIOR |=(1<<6);
    3856:	a0 e5       	ldi	r26, 0x50	; 80
    3858:	b0 e0       	ldi	r27, 0x00	; 0
    385a:	e0 e5       	ldi	r30, 0x50	; 80
    385c:	f0 e0       	ldi	r31, 0x00	; 0
    385e:	80 81       	ld	r24, Z
    3860:	80 64       	ori	r24, 0x40	; 64
    3862:	8c 93       	st	X, r24
		 SFIOR |=(1<<5);
    3864:	a0 e5       	ldi	r26, 0x50	; 80
    3866:	b0 e0       	ldi	r27, 0x00	; 0
    3868:	e0 e5       	ldi	r30, 0x50	; 80
    386a:	f0 e0       	ldi	r31, 0x00	; 0
    386c:	80 81       	ld	r24, Z
    386e:	80 62       	ori	r24, 0x20	; 32
    3870:	8c 93       	st	X, r24
		 Local_enuErrorState=ES_OK;
    3872:	81 e0       	ldi	r24, 0x01	; 1
    3874:	89 83       	std	Y+1, r24	; 0x01
    3876:	02 c0       	rjmp	.+4      	; 0x387c <ADC_enuEnableTriggeringMode+0x216>
		 break;
	 default:
		 Local_enuErrorState=ES_OUT_OF_RANGE;
    3878:	83 e0       	ldi	r24, 0x03	; 3
    387a:	89 83       	std	Y+1, r24	; 0x01
		 break;
	 }
	 ADCSRA |=(1<<5);
    387c:	a6 e2       	ldi	r26, 0x26	; 38
    387e:	b0 e0       	ldi	r27, 0x00	; 0
    3880:	e6 e2       	ldi	r30, 0x26	; 38
    3882:	f0 e0       	ldi	r31, 0x00	; 0
    3884:	80 81       	ld	r24, Z
    3886:	80 62       	ori	r24, 0x20	; 32
    3888:	8c 93       	st	X, r24

	 return Local_enuErrorState;
    388a:	89 81       	ldd	r24, Y+1	; 0x01
}
    388c:	0f 90       	pop	r0
    388e:	0f 90       	pop	r0
    3890:	0f 90       	pop	r0
    3892:	0f 90       	pop	r0
    3894:	cf 91       	pop	r28
    3896:	df 91       	pop	r29
    3898:	08 95       	ret

0000389a <ADC_enuDisableTriggeringMode>:

ES_t ADC_enuDisableTriggeringMode(void)
{
    389a:	df 93       	push	r29
    389c:	cf 93       	push	r28
    389e:	0f 92       	push	r0
    38a0:	cd b7       	in	r28, 0x3d	; 61
    38a2:	de b7       	in	r29, 0x3e	; 62
	 ES_t Local_enuErrorState=ES_NOK;
    38a4:	19 82       	std	Y+1, r1	; 0x01

	 ADCSRA &=~(1<<5);
    38a6:	a6 e2       	ldi	r26, 0x26	; 38
    38a8:	b0 e0       	ldi	r27, 0x00	; 0
    38aa:	e6 e2       	ldi	r30, 0x26	; 38
    38ac:	f0 e0       	ldi	r31, 0x00	; 0
    38ae:	80 81       	ld	r24, Z
    38b0:	8f 7d       	andi	r24, 0xDF	; 223
    38b2:	8c 93       	st	X, r24
	 Local_enuErrorState=ES_OK;
    38b4:	81 e0       	ldi	r24, 0x01	; 1
    38b6:	89 83       	std	Y+1, r24	; 0x01

	 return Local_enuErrorState;
    38b8:	89 81       	ldd	r24, Y+1	; 0x01
}
    38ba:	0f 90       	pop	r0
    38bc:	cf 91       	pop	r28
    38be:	df 91       	pop	r29
    38c0:	08 95       	ret

000038c2 <ADC_enuEnableInterruptMode>:

ES_t ADC_enuEnableInterruptMode(void)
{
    38c2:	df 93       	push	r29
    38c4:	cf 93       	push	r28
    38c6:	0f 92       	push	r0
    38c8:	cd b7       	in	r28, 0x3d	; 61
    38ca:	de b7       	in	r29, 0x3e	; 62
	 ES_t Local_enuErrorState=ES_NOK;
    38cc:	19 82       	std	Y+1, r1	; 0x01

	 ADCSRA |=(1<<3);
    38ce:	a6 e2       	ldi	r26, 0x26	; 38
    38d0:	b0 e0       	ldi	r27, 0x00	; 0
    38d2:	e6 e2       	ldi	r30, 0x26	; 38
    38d4:	f0 e0       	ldi	r31, 0x00	; 0
    38d6:	80 81       	ld	r24, Z
    38d8:	88 60       	ori	r24, 0x08	; 8
    38da:	8c 93       	st	X, r24
	 Local_enuErrorState=ES_OK;
    38dc:	81 e0       	ldi	r24, 0x01	; 1
    38de:	89 83       	std	Y+1, r24	; 0x01

	 return Local_enuErrorState;
    38e0:	89 81       	ldd	r24, Y+1	; 0x01
}
    38e2:	0f 90       	pop	r0
    38e4:	cf 91       	pop	r28
    38e6:	df 91       	pop	r29
    38e8:	08 95       	ret

000038ea <ADC_enuDisableInterruptMode>:

ES_t ADC_enuDisableInterruptMode(void)
{
    38ea:	df 93       	push	r29
    38ec:	cf 93       	push	r28
    38ee:	0f 92       	push	r0
    38f0:	cd b7       	in	r28, 0x3d	; 61
    38f2:	de b7       	in	r29, 0x3e	; 62
	 ES_t Local_enuErrorState=ES_NOK;
    38f4:	19 82       	std	Y+1, r1	; 0x01

	 ADCSRA &=~(1<<3);
    38f6:	a6 e2       	ldi	r26, 0x26	; 38
    38f8:	b0 e0       	ldi	r27, 0x00	; 0
    38fa:	e6 e2       	ldi	r30, 0x26	; 38
    38fc:	f0 e0       	ldi	r31, 0x00	; 0
    38fe:	80 81       	ld	r24, Z
    3900:	87 7f       	andi	r24, 0xF7	; 247
    3902:	8c 93       	st	X, r24
	 Local_enuErrorState=ES_OK;
    3904:	81 e0       	ldi	r24, 0x01	; 1
    3906:	89 83       	std	Y+1, r24	; 0x01

	 return Local_enuErrorState;
    3908:	89 81       	ldd	r24, Y+1	; 0x01
}
    390a:	0f 90       	pop	r0
    390c:	cf 91       	pop	r28
    390e:	df 91       	pop	r29
    3910:	08 95       	ret

00003912 <ADC_enuEnable>:

ES_t ADC_enuEnable(void)
{
    3912:	df 93       	push	r29
    3914:	cf 93       	push	r28
    3916:	0f 92       	push	r0
    3918:	cd b7       	in	r28, 0x3d	; 61
    391a:	de b7       	in	r29, 0x3e	; 62
	 ES_t Local_enuErrorState=ES_NOK;
    391c:	19 82       	std	Y+1, r1	; 0x01

	 ADCSRA |=(1<<7);
    391e:	a6 e2       	ldi	r26, 0x26	; 38
    3920:	b0 e0       	ldi	r27, 0x00	; 0
    3922:	e6 e2       	ldi	r30, 0x26	; 38
    3924:	f0 e0       	ldi	r31, 0x00	; 0
    3926:	80 81       	ld	r24, Z
    3928:	80 68       	ori	r24, 0x80	; 128
    392a:	8c 93       	st	X, r24
	 Local_enuErrorState=ES_OK;
    392c:	81 e0       	ldi	r24, 0x01	; 1
    392e:	89 83       	std	Y+1, r24	; 0x01

	 return Local_enuErrorState;
    3930:	89 81       	ldd	r24, Y+1	; 0x01
}
    3932:	0f 90       	pop	r0
    3934:	cf 91       	pop	r28
    3936:	df 91       	pop	r29
    3938:	08 95       	ret

0000393a <ADC_enuDisable>:

ES_t ADC_enuDisable(void)
{
    393a:	df 93       	push	r29
    393c:	cf 93       	push	r28
    393e:	0f 92       	push	r0
    3940:	cd b7       	in	r28, 0x3d	; 61
    3942:	de b7       	in	r29, 0x3e	; 62
	 ES_t Local_enuErrorState=ES_NOK;
    3944:	19 82       	std	Y+1, r1	; 0x01

	 ADCSRA &=~(1<<7);
    3946:	a6 e2       	ldi	r26, 0x26	; 38
    3948:	b0 e0       	ldi	r27, 0x00	; 0
    394a:	e6 e2       	ldi	r30, 0x26	; 38
    394c:	f0 e0       	ldi	r31, 0x00	; 0
    394e:	80 81       	ld	r24, Z
    3950:	8f 77       	andi	r24, 0x7F	; 127
    3952:	8c 93       	st	X, r24
	 Local_enuErrorState=ES_OK;
    3954:	81 e0       	ldi	r24, 0x01	; 1
    3956:	89 83       	std	Y+1, r24	; 0x01

	 return Local_enuErrorState;
    3958:	89 81       	ldd	r24, Y+1	; 0x01
}
    395a:	0f 90       	pop	r0
    395c:	cf 91       	pop	r28
    395e:	df 91       	pop	r29
    3960:	08 95       	ret

00003962 <__vector_16>:


ISR(VECT_ADC)
{
    3962:	1f 92       	push	r1
    3964:	0f 92       	push	r0
    3966:	0f b6       	in	r0, 0x3f	; 63
    3968:	0f 92       	push	r0
    396a:	11 24       	eor	r1, r1
    396c:	2f 93       	push	r18
    396e:	3f 93       	push	r19
    3970:	4f 93       	push	r20
    3972:	5f 93       	push	r21
    3974:	6f 93       	push	r22
    3976:	7f 93       	push	r23
    3978:	8f 93       	push	r24
    397a:	9f 93       	push	r25
    397c:	af 93       	push	r26
    397e:	bf 93       	push	r27
    3980:	ef 93       	push	r30
    3982:	ff 93       	push	r31
    3984:	df 93       	push	r29
    3986:	cf 93       	push	r28
    3988:	cd b7       	in	r28, 0x3d	; 61
    398a:	de b7       	in	r29, 0x3e	; 62
	if(ADC_pfunISRFun!=NULL)
    398c:	80 91 d4 01 	lds	r24, 0x01D4
    3990:	90 91 d5 01 	lds	r25, 0x01D5
    3994:	00 97       	sbiw	r24, 0x00	; 0
    3996:	49 f0       	breq	.+18     	; 0x39aa <__vector_16+0x48>
	{
		ADC_pfunISRFun(ADC_pvidISRParameter);
    3998:	e0 91 d4 01 	lds	r30, 0x01D4
    399c:	f0 91 d5 01 	lds	r31, 0x01D5
    39a0:	80 91 d6 01 	lds	r24, 0x01D6
    39a4:	90 91 d7 01 	lds	r25, 0x01D7
    39a8:	09 95       	icall
	}

}
    39aa:	cf 91       	pop	r28
    39ac:	df 91       	pop	r29
    39ae:	ff 91       	pop	r31
    39b0:	ef 91       	pop	r30
    39b2:	bf 91       	pop	r27
    39b4:	af 91       	pop	r26
    39b6:	9f 91       	pop	r25
    39b8:	8f 91       	pop	r24
    39ba:	7f 91       	pop	r23
    39bc:	6f 91       	pop	r22
    39be:	5f 91       	pop	r21
    39c0:	4f 91       	pop	r20
    39c2:	3f 91       	pop	r19
    39c4:	2f 91       	pop	r18
    39c6:	0f 90       	pop	r0
    39c8:	0f be       	out	0x3f, r0	; 63
    39ca:	0f 90       	pop	r0
    39cc:	1f 90       	pop	r1
    39ce:	18 95       	reti

000039d0 <Switch_enuInit>:
#include "Switch_priv.h"

#include "../../MCAL/DIO/DIO_int.h"

ES_t Switch_enuInit(SW_t * copy_AstrSwitchs)
{
    39d0:	df 93       	push	r29
    39d2:	cf 93       	push	r28
    39d4:	00 d0       	rcall	.+0      	; 0x39d6 <Switch_enuInit+0x6>
    39d6:	00 d0       	rcall	.+0      	; 0x39d8 <Switch_enuInit+0x8>
    39d8:	cd b7       	in	r28, 0x3d	; 61
    39da:	de b7       	in	r29, 0x3e	; 62
    39dc:	9c 83       	std	Y+4, r25	; 0x04
    39de:	8b 83       	std	Y+3, r24	; 0x03
	ES_t Local_enuErrorState = ES_NOK ;
    39e0:	1a 82       	std	Y+2, r1	; 0x02

	if(copy_AstrSwitchs !=NULL)
    39e2:	8b 81       	ldd	r24, Y+3	; 0x03
    39e4:	9c 81       	ldd	r25, Y+4	; 0x04
    39e6:	00 97       	sbiw	r24, 0x00	; 0
    39e8:	09 f4       	brne	.+2      	; 0x39ec <Switch_enuInit+0x1c>
    39ea:	5d c0       	rjmp	.+186    	; 0x3aa6 <Switch_enuInit+0xd6>
	{
		u8 Local_u8Iterator=0;
    39ec:	19 82       	std	Y+1, r1	; 0x01
		for(Local_u8Iterator=0;Local_u8Iterator<SW_NUM;Local_u8Iterator++)
    39ee:	19 82       	std	Y+1, r1	; 0x01
    39f0:	55 c0       	rjmp	.+170    	; 0x3a9c <Switch_enuInit+0xcc>
		{
			Local_enuErrorState=DIO_enuSetPinDirection(copy_AstrSwitchs[Local_u8Iterator].SW_PortID,copy_AstrSwitchs[Local_u8Iterator].SW_PinID,DIO_u8INPUT);
    39f2:	89 81       	ldd	r24, Y+1	; 0x01
    39f4:	28 2f       	mov	r18, r24
    39f6:	30 e0       	ldi	r19, 0x00	; 0
    39f8:	c9 01       	movw	r24, r18
    39fa:	88 0f       	add	r24, r24
    39fc:	99 1f       	adc	r25, r25
    39fe:	28 0f       	add	r18, r24
    3a00:	39 1f       	adc	r19, r25
    3a02:	8b 81       	ldd	r24, Y+3	; 0x03
    3a04:	9c 81       	ldd	r25, Y+4	; 0x04
    3a06:	fc 01       	movw	r30, r24
    3a08:	e2 0f       	add	r30, r18
    3a0a:	f3 1f       	adc	r31, r19
    3a0c:	40 81       	ld	r20, Z
    3a0e:	89 81       	ldd	r24, Y+1	; 0x01
    3a10:	28 2f       	mov	r18, r24
    3a12:	30 e0       	ldi	r19, 0x00	; 0
    3a14:	c9 01       	movw	r24, r18
    3a16:	88 0f       	add	r24, r24
    3a18:	99 1f       	adc	r25, r25
    3a1a:	28 0f       	add	r18, r24
    3a1c:	39 1f       	adc	r19, r25
    3a1e:	8b 81       	ldd	r24, Y+3	; 0x03
    3a20:	9c 81       	ldd	r25, Y+4	; 0x04
    3a22:	fc 01       	movw	r30, r24
    3a24:	e2 0f       	add	r30, r18
    3a26:	f3 1f       	adc	r31, r19
    3a28:	91 81       	ldd	r25, Z+1	; 0x01
    3a2a:	84 2f       	mov	r24, r20
    3a2c:	69 2f       	mov	r22, r25
    3a2e:	40 e0       	ldi	r20, 0x00	; 0
    3a30:	0e 94 2b 17 	call	0x2e56	; 0x2e56 <DIO_enuSetPinDirection>
    3a34:	8a 83       	std	Y+2, r24	; 0x02
			Local_enuErrorState=DIO_enuSetPinValue(copy_AstrSwitchs[Local_u8Iterator].SW_PortID,copy_AstrSwitchs[Local_u8Iterator].SW_PinID,copy_AstrSwitchs[Local_u8Iterator].SW_Status);
    3a36:	89 81       	ldd	r24, Y+1	; 0x01
    3a38:	28 2f       	mov	r18, r24
    3a3a:	30 e0       	ldi	r19, 0x00	; 0
    3a3c:	c9 01       	movw	r24, r18
    3a3e:	88 0f       	add	r24, r24
    3a40:	99 1f       	adc	r25, r25
    3a42:	28 0f       	add	r18, r24
    3a44:	39 1f       	adc	r19, r25
    3a46:	8b 81       	ldd	r24, Y+3	; 0x03
    3a48:	9c 81       	ldd	r25, Y+4	; 0x04
    3a4a:	fc 01       	movw	r30, r24
    3a4c:	e2 0f       	add	r30, r18
    3a4e:	f3 1f       	adc	r31, r19
    3a50:	50 81       	ld	r21, Z
    3a52:	89 81       	ldd	r24, Y+1	; 0x01
    3a54:	28 2f       	mov	r18, r24
    3a56:	30 e0       	ldi	r19, 0x00	; 0
    3a58:	c9 01       	movw	r24, r18
    3a5a:	88 0f       	add	r24, r24
    3a5c:	99 1f       	adc	r25, r25
    3a5e:	28 0f       	add	r18, r24
    3a60:	39 1f       	adc	r19, r25
    3a62:	8b 81       	ldd	r24, Y+3	; 0x03
    3a64:	9c 81       	ldd	r25, Y+4	; 0x04
    3a66:	fc 01       	movw	r30, r24
    3a68:	e2 0f       	add	r30, r18
    3a6a:	f3 1f       	adc	r31, r19
    3a6c:	41 81       	ldd	r20, Z+1	; 0x01
    3a6e:	89 81       	ldd	r24, Y+1	; 0x01
    3a70:	28 2f       	mov	r18, r24
    3a72:	30 e0       	ldi	r19, 0x00	; 0
    3a74:	c9 01       	movw	r24, r18
    3a76:	88 0f       	add	r24, r24
    3a78:	99 1f       	adc	r25, r25
    3a7a:	28 0f       	add	r18, r24
    3a7c:	39 1f       	adc	r19, r25
    3a7e:	8b 81       	ldd	r24, Y+3	; 0x03
    3a80:	9c 81       	ldd	r25, Y+4	; 0x04
    3a82:	fc 01       	movw	r30, r24
    3a84:	e2 0f       	add	r30, r18
    3a86:	f3 1f       	adc	r31, r19
    3a88:	92 81       	ldd	r25, Z+2	; 0x02
    3a8a:	85 2f       	mov	r24, r21
    3a8c:	64 2f       	mov	r22, r20
    3a8e:	49 2f       	mov	r20, r25
    3a90:	0e 94 17 18 	call	0x302e	; 0x302e <DIO_enuSetPinValue>
    3a94:	8a 83       	std	Y+2, r24	; 0x02
	ES_t Local_enuErrorState = ES_NOK ;

	if(copy_AstrSwitchs !=NULL)
	{
		u8 Local_u8Iterator=0;
		for(Local_u8Iterator=0;Local_u8Iterator<SW_NUM;Local_u8Iterator++)
    3a96:	89 81       	ldd	r24, Y+1	; 0x01
    3a98:	8f 5f       	subi	r24, 0xFF	; 255
    3a9a:	89 83       	std	Y+1, r24	; 0x01
    3a9c:	89 81       	ldd	r24, Y+1	; 0x01
    3a9e:	83 30       	cpi	r24, 0x03	; 3
    3aa0:	08 f4       	brcc	.+2      	; 0x3aa4 <Switch_enuInit+0xd4>
    3aa2:	a7 cf       	rjmp	.-178    	; 0x39f2 <Switch_enuInit+0x22>
    3aa4:	02 c0       	rjmp	.+4      	; 0x3aaa <Switch_enuInit+0xda>
			Local_enuErrorState=DIO_enuSetPinValue(copy_AstrSwitchs[Local_u8Iterator].SW_PortID,copy_AstrSwitchs[Local_u8Iterator].SW_PinID,copy_AstrSwitchs[Local_u8Iterator].SW_Status);
		}
	}
	else
	{
		Local_enuErrorState=ES_NULL_POINTER;
    3aa6:	82 e0       	ldi	r24, 0x02	; 2
    3aa8:	8a 83       	std	Y+2, r24	; 0x02
	}

	return Local_enuErrorState;
    3aaa:	8a 81       	ldd	r24, Y+2	; 0x02
}
    3aac:	0f 90       	pop	r0
    3aae:	0f 90       	pop	r0
    3ab0:	0f 90       	pop	r0
    3ab2:	0f 90       	pop	r0
    3ab4:	cf 91       	pop	r28
    3ab6:	df 91       	pop	r29
    3ab8:	08 95       	ret

00003aba <Switch_enuGetState>:

ES_t Switch_enuGetState(SW_t * copy_AstrSwitchs,u8 * copy_pu8SwState)
{
    3aba:	df 93       	push	r29
    3abc:	cf 93       	push	r28
    3abe:	00 d0       	rcall	.+0      	; 0x3ac0 <Switch_enuGetState+0x6>
    3ac0:	00 d0       	rcall	.+0      	; 0x3ac2 <Switch_enuGetState+0x8>
    3ac2:	0f 92       	push	r0
    3ac4:	cd b7       	in	r28, 0x3d	; 61
    3ac6:	de b7       	in	r29, 0x3e	; 62
    3ac8:	9b 83       	std	Y+3, r25	; 0x03
    3aca:	8a 83       	std	Y+2, r24	; 0x02
    3acc:	7d 83       	std	Y+5, r23	; 0x05
    3ace:	6c 83       	std	Y+4, r22	; 0x04
	ES_t Local_enuErrorState = ES_NOK ;
    3ad0:	19 82       	std	Y+1, r1	; 0x01

	if(copy_AstrSwitchs !=NULL && copy_pu8SwState !=NULL)
    3ad2:	8a 81       	ldd	r24, Y+2	; 0x02
    3ad4:	9b 81       	ldd	r25, Y+3	; 0x03
    3ad6:	00 97       	sbiw	r24, 0x00	; 0
    3ad8:	89 f0       	breq	.+34     	; 0x3afc <Switch_enuGetState+0x42>
    3ada:	8c 81       	ldd	r24, Y+4	; 0x04
    3adc:	9d 81       	ldd	r25, Y+5	; 0x05
    3ade:	00 97       	sbiw	r24, 0x00	; 0
    3ae0:	69 f0       	breq	.+26     	; 0x3afc <Switch_enuGetState+0x42>
	{
		Local_enuErrorState=DIO_enuGetPinValue(copy_AstrSwitchs->SW_PortID,copy_AstrSwitchs->SW_PinID,copy_pu8SwState);
    3ae2:	ea 81       	ldd	r30, Y+2	; 0x02
    3ae4:	fb 81       	ldd	r31, Y+3	; 0x03
    3ae6:	80 81       	ld	r24, Z
    3ae8:	ea 81       	ldd	r30, Y+2	; 0x02
    3aea:	fb 81       	ldd	r31, Y+3	; 0x03
    3aec:	91 81       	ldd	r25, Z+1	; 0x01
    3aee:	2c 81       	ldd	r18, Y+4	; 0x04
    3af0:	3d 81       	ldd	r19, Y+5	; 0x05
    3af2:	69 2f       	mov	r22, r25
    3af4:	a9 01       	movw	r20, r18
    3af6:	0e 94 91 19 	call	0x3322	; 0x3322 <DIO_enuGetPinValue>
    3afa:	89 83       	std	Y+1, r24	; 0x01
	}

	return Local_enuErrorState;
    3afc:	89 81       	ldd	r24, Y+1	; 0x01
}
    3afe:	0f 90       	pop	r0
    3b00:	0f 90       	pop	r0
    3b02:	0f 90       	pop	r0
    3b04:	0f 90       	pop	r0
    3b06:	0f 90       	pop	r0
    3b08:	cf 91       	pop	r28
    3b0a:	df 91       	pop	r29
    3b0c:	08 95       	ret

00003b0e <LM35_enuInit>:




ES_t LM35_enuInit(TR_t *Copy_pstrLM)
{
    3b0e:	df 93       	push	r29
    3b10:	cf 93       	push	r28
    3b12:	00 d0       	rcall	.+0      	; 0x3b14 <LM35_enuInit+0x6>
    3b14:	0f 92       	push	r0
    3b16:	cd b7       	in	r28, 0x3d	; 61
    3b18:	de b7       	in	r29, 0x3e	; 62
    3b1a:	9b 83       	std	Y+3, r25	; 0x03
    3b1c:	8a 83       	std	Y+2, r24	; 0x02
	ES_t Local_enuErrorState=ES_NOK;
    3b1e:	19 82       	std	Y+1, r1	; 0x01


	if(Copy_pstrLM!=NULL)
    3b20:	8a 81       	ldd	r24, Y+2	; 0x02
    3b22:	9b 81       	ldd	r25, Y+3	; 0x03
    3b24:	00 97       	sbiw	r24, 0x00	; 0
    3b26:	31 f1       	breq	.+76     	; 0x3b74 <LM35_enuInit+0x66>
	{

		if(Copy_pstrLM->TR_u8PosPinID!=NOT_CONNECTED)
    3b28:	ea 81       	ldd	r30, Y+2	; 0x02
    3b2a:	fb 81       	ldd	r31, Y+3	; 0x03
    3b2c:	80 81       	ld	r24, Z
    3b2e:	88 23       	and	r24, r24
    3b30:	91 f0       	breq	.+36     	; 0x3b56 <LM35_enuInit+0x48>
		{
			Local_enuErrorState=DIO_enuSetPinDirection(DIO_u8PORTA,Copy_pstrLM->TR_u8PosPinID,DIO_u8INPUT);
    3b32:	ea 81       	ldd	r30, Y+2	; 0x02
    3b34:	fb 81       	ldd	r31, Y+3	; 0x03
    3b36:	90 81       	ld	r25, Z
    3b38:	80 e0       	ldi	r24, 0x00	; 0
    3b3a:	69 2f       	mov	r22, r25
    3b3c:	40 e0       	ldi	r20, 0x00	; 0
    3b3e:	0e 94 2b 17 	call	0x2e56	; 0x2e56 <DIO_enuSetPinDirection>
    3b42:	89 83       	std	Y+1, r24	; 0x01
			Local_enuErrorState=ADC_enuInit();
    3b44:	0e 94 2d 1a 	call	0x345a	; 0x345a <ADC_enuInit>
    3b48:	89 83       	std	Y+1, r24	; 0x01
			Local_enuErrorState=ADC_enuSelectChannel(Copy_pstrLM->TR_u8PosPinID);
    3b4a:	ea 81       	ldd	r30, Y+2	; 0x02
    3b4c:	fb 81       	ldd	r31, Y+3	; 0x03
    3b4e:	80 81       	ld	r24, Z
    3b50:	0e 94 0f 1b 	call	0x361e	; 0x361e <ADC_enuSelectChannel>
    3b54:	89 83       	std	Y+1, r24	; 0x01

		}
		if(Copy_pstrLM->TR_u8NegPinID!=NOT_CONNECTED)
    3b56:	ea 81       	ldd	r30, Y+2	; 0x02
    3b58:	fb 81       	ldd	r31, Y+3	; 0x03
    3b5a:	81 81       	ldd	r24, Z+1	; 0x01
    3b5c:	88 23       	and	r24, r24
    3b5e:	61 f0       	breq	.+24     	; 0x3b78 <LM35_enuInit+0x6a>
		{
			Local_enuErrorState=DIO_enuSetPinDirection(DIO_u8PORTA,Copy_pstrLM->TR_u8NegPinID,DIO_u8INPUT);
    3b60:	ea 81       	ldd	r30, Y+2	; 0x02
    3b62:	fb 81       	ldd	r31, Y+3	; 0x03
    3b64:	91 81       	ldd	r25, Z+1	; 0x01
    3b66:	80 e0       	ldi	r24, 0x00	; 0
    3b68:	69 2f       	mov	r22, r25
    3b6a:	40 e0       	ldi	r20, 0x00	; 0
    3b6c:	0e 94 2b 17 	call	0x2e56	; 0x2e56 <DIO_enuSetPinDirection>
    3b70:	89 83       	std	Y+1, r24	; 0x01
    3b72:	02 c0       	rjmp	.+4      	; 0x3b78 <LM35_enuInit+0x6a>
		}

	}
	else
	{
		Local_enuErrorState=ES_NULL_POINTER;
    3b74:	82 e0       	ldi	r24, 0x02	; 2
    3b76:	89 83       	std	Y+1, r24	; 0x01
	}

	return Local_enuErrorState;
    3b78:	89 81       	ldd	r24, Y+1	; 0x01
}
    3b7a:	0f 90       	pop	r0
    3b7c:	0f 90       	pop	r0
    3b7e:	0f 90       	pop	r0
    3b80:	cf 91       	pop	r28
    3b82:	df 91       	pop	r29
    3b84:	08 95       	ret

00003b86 <LM35_enuGetTemp>:

ES_t LM35_enuGetTemp(f32 * Copy_pf32Temp)
{
    3b86:	df 93       	push	r29
    3b88:	cf 93       	push	r28
    3b8a:	00 d0       	rcall	.+0      	; 0x3b8c <LM35_enuGetTemp+0x6>
    3b8c:	00 d0       	rcall	.+0      	; 0x3b8e <LM35_enuGetTemp+0x8>
    3b8e:	0f 92       	push	r0
    3b90:	cd b7       	in	r28, 0x3d	; 61
    3b92:	de b7       	in	r29, 0x3e	; 62
    3b94:	9d 83       	std	Y+5, r25	; 0x05
    3b96:	8c 83       	std	Y+4, r24	; 0x04
	ES_t Local_enuErrorState=ES_NOK;
    3b98:	19 82       	std	Y+1, r1	; 0x01

	u16 Local_u16ADCread=0;
    3b9a:	1b 82       	std	Y+3, r1	; 0x03
    3b9c:	1a 82       	std	Y+2, r1	; 0x02
	ADC_enuRead(&Local_u16ADCread);
    3b9e:	ce 01       	movw	r24, r28
    3ba0:	02 96       	adiw	r24, 0x02	; 2
    3ba2:	0e 94 b3 1a 	call	0x3566	; 0x3566 <ADC_enuRead>
	*Copy_pf32Temp=((Local_u16ADCread*4.88)/10.00);
    3ba6:	8a 81       	ldd	r24, Y+2	; 0x02
    3ba8:	9b 81       	ldd	r25, Y+3	; 0x03
    3baa:	cc 01       	movw	r24, r24
    3bac:	a0 e0       	ldi	r26, 0x00	; 0
    3bae:	b0 e0       	ldi	r27, 0x00	; 0
    3bb0:	bc 01       	movw	r22, r24
    3bb2:	cd 01       	movw	r24, r26
    3bb4:	0e 94 d9 04 	call	0x9b2	; 0x9b2 <__floatunsisf>
    3bb8:	dc 01       	movw	r26, r24
    3bba:	cb 01       	movw	r24, r22
    3bbc:	bc 01       	movw	r22, r24
    3bbe:	cd 01       	movw	r24, r26
    3bc0:	26 ef       	ldi	r18, 0xF6	; 246
    3bc2:	38 e2       	ldi	r19, 0x28	; 40
    3bc4:	4c e9       	ldi	r20, 0x9C	; 156
    3bc6:	50 e4       	ldi	r21, 0x40	; 64
    3bc8:	0e 94 1f 02 	call	0x43e	; 0x43e <__mulsf3>
    3bcc:	dc 01       	movw	r26, r24
    3bce:	cb 01       	movw	r24, r22
    3bd0:	bc 01       	movw	r22, r24
    3bd2:	cd 01       	movw	r24, r26
    3bd4:	20 e0       	ldi	r18, 0x00	; 0
    3bd6:	30 e0       	ldi	r19, 0x00	; 0
    3bd8:	40 e2       	ldi	r20, 0x20	; 32
    3bda:	51 e4       	ldi	r21, 0x41	; 65
    3bdc:	0e 94 19 03 	call	0x632	; 0x632 <__divsf3>
    3be0:	dc 01       	movw	r26, r24
    3be2:	cb 01       	movw	r24, r22
    3be4:	ec 81       	ldd	r30, Y+4	; 0x04
    3be6:	fd 81       	ldd	r31, Y+5	; 0x05
    3be8:	80 83       	st	Z, r24
    3bea:	91 83       	std	Z+1, r25	; 0x01
    3bec:	a2 83       	std	Z+2, r26	; 0x02
    3bee:	b3 83       	std	Z+3, r27	; 0x03

	return Local_enuErrorState;
    3bf0:	89 81       	ldd	r24, Y+1	; 0x01
}
    3bf2:	0f 90       	pop	r0
    3bf4:	0f 90       	pop	r0
    3bf6:	0f 90       	pop	r0
    3bf8:	0f 90       	pop	r0
    3bfa:	0f 90       	pop	r0
    3bfc:	cf 91       	pop	r28
    3bfe:	df 91       	pop	r29
    3c00:	08 95       	ret

00003c02 <LCD_enuInit>:
#include "LCD_priv.h"

#include "util/delay.h"

ES_t LCD_enuInit(void)
{
    3c02:	0f 93       	push	r16
    3c04:	1f 93       	push	r17
    3c06:	df 93       	push	r29
    3c08:	cf 93       	push	r28
    3c0a:	cd b7       	in	r28, 0x3d	; 61
    3c0c:	de b7       	in	r29, 0x3e	; 62
    3c0e:	c7 54       	subi	r28, 0x47	; 71
    3c10:	d0 40       	sbci	r29, 0x00	; 0
    3c12:	0f b6       	in	r0, 0x3f	; 63
    3c14:	f8 94       	cli
    3c16:	de bf       	out	0x3e, r29	; 62
    3c18:	0f be       	out	0x3f, r0	; 63
    3c1a:	cd bf       	out	0x3d, r28	; 61
	ES_t Local_enuErrorState=ES_NOK;
    3c1c:	fe 01       	movw	r30, r28
    3c1e:	e9 5b       	subi	r30, 0xB9	; 185
    3c20:	ff 4f       	sbci	r31, 0xFF	; 255
    3c22:	10 82       	st	Z, r1
    3c24:	fe 01       	movw	r30, r28
    3c26:	ed 5b       	subi	r30, 0xBD	; 189
    3c28:	ff 4f       	sbci	r31, 0xFF	; 255
    3c2a:	80 e0       	ldi	r24, 0x00	; 0
    3c2c:	90 e0       	ldi	r25, 0x00	; 0
    3c2e:	ac e0       	ldi	r26, 0x0C	; 12
    3c30:	b2 e4       	ldi	r27, 0x42	; 66
    3c32:	80 83       	st	Z, r24
    3c34:	91 83       	std	Z+1, r25	; 0x01
    3c36:	a2 83       	std	Z+2, r26	; 0x02
    3c38:	b3 83       	std	Z+3, r27	; 0x03
 */
void
_delay_ms(double __ms)
{
	uint16_t __ticks;
	double __tmp = ((F_CPU) / 4e3) * __ms;
    3c3a:	8e 01       	movw	r16, r28
    3c3c:	01 5c       	subi	r16, 0xC1	; 193
    3c3e:	1f 4f       	sbci	r17, 0xFF	; 255
    3c40:	fe 01       	movw	r30, r28
    3c42:	ed 5b       	subi	r30, 0xBD	; 189
    3c44:	ff 4f       	sbci	r31, 0xFF	; 255
    3c46:	60 81       	ld	r22, Z
    3c48:	71 81       	ldd	r23, Z+1	; 0x01
    3c4a:	82 81       	ldd	r24, Z+2	; 0x02
    3c4c:	93 81       	ldd	r25, Z+3	; 0x03
    3c4e:	20 e0       	ldi	r18, 0x00	; 0
    3c50:	30 e0       	ldi	r19, 0x00	; 0
    3c52:	4a e7       	ldi	r20, 0x7A	; 122
    3c54:	53 e4       	ldi	r21, 0x43	; 67
    3c56:	0e 94 1f 02 	call	0x43e	; 0x43e <__mulsf3>
    3c5a:	dc 01       	movw	r26, r24
    3c5c:	cb 01       	movw	r24, r22
    3c5e:	f8 01       	movw	r30, r16
    3c60:	80 83       	st	Z, r24
    3c62:	91 83       	std	Z+1, r25	; 0x01
    3c64:	a2 83       	std	Z+2, r26	; 0x02
    3c66:	b3 83       	std	Z+3, r27	; 0x03
	if (__tmp < 1.0)
    3c68:	fe 01       	movw	r30, r28
    3c6a:	ff 96       	adiw	r30, 0x3f	; 63
    3c6c:	60 81       	ld	r22, Z
    3c6e:	71 81       	ldd	r23, Z+1	; 0x01
    3c70:	82 81       	ldd	r24, Z+2	; 0x02
    3c72:	93 81       	ldd	r25, Z+3	; 0x03
    3c74:	20 e0       	ldi	r18, 0x00	; 0
    3c76:	30 e0       	ldi	r19, 0x00	; 0
    3c78:	40 e8       	ldi	r20, 0x80	; 128
    3c7a:	5f e3       	ldi	r21, 0x3F	; 63
    3c7c:	0e 94 55 04 	call	0x8aa	; 0x8aa <__ltsf2>
    3c80:	88 23       	and	r24, r24
    3c82:	2c f4       	brge	.+10     	; 0x3c8e <LCD_enuInit+0x8c>
		__ticks = 1;
    3c84:	81 e0       	ldi	r24, 0x01	; 1
    3c86:	90 e0       	ldi	r25, 0x00	; 0
    3c88:	9e af       	std	Y+62, r25	; 0x3e
    3c8a:	8d af       	std	Y+61, r24	; 0x3d
    3c8c:	46 c0       	rjmp	.+140    	; 0x3d1a <LCD_enuInit+0x118>
	else if (__tmp > 65535)
    3c8e:	fe 01       	movw	r30, r28
    3c90:	ff 96       	adiw	r30, 0x3f	; 63
    3c92:	60 81       	ld	r22, Z
    3c94:	71 81       	ldd	r23, Z+1	; 0x01
    3c96:	82 81       	ldd	r24, Z+2	; 0x02
    3c98:	93 81       	ldd	r25, Z+3	; 0x03
    3c9a:	20 e0       	ldi	r18, 0x00	; 0
    3c9c:	3f ef       	ldi	r19, 0xFF	; 255
    3c9e:	4f e7       	ldi	r20, 0x7F	; 127
    3ca0:	57 e4       	ldi	r21, 0x47	; 71
    3ca2:	0e 94 f5 03 	call	0x7ea	; 0x7ea <__gtsf2>
    3ca6:	18 16       	cp	r1, r24
    3ca8:	64 f5       	brge	.+88     	; 0x3d02 <LCD_enuInit+0x100>
	{
		//	__ticks = requested delay in 1/10 ms
		__ticks = (uint16_t) (__ms * 10.0);
    3caa:	fe 01       	movw	r30, r28
    3cac:	ed 5b       	subi	r30, 0xBD	; 189
    3cae:	ff 4f       	sbci	r31, 0xFF	; 255
    3cb0:	60 81       	ld	r22, Z
    3cb2:	71 81       	ldd	r23, Z+1	; 0x01
    3cb4:	82 81       	ldd	r24, Z+2	; 0x02
    3cb6:	93 81       	ldd	r25, Z+3	; 0x03
    3cb8:	20 e0       	ldi	r18, 0x00	; 0
    3cba:	30 e0       	ldi	r19, 0x00	; 0
    3cbc:	40 e2       	ldi	r20, 0x20	; 32
    3cbe:	51 e4       	ldi	r21, 0x41	; 65
    3cc0:	0e 94 1f 02 	call	0x43e	; 0x43e <__mulsf3>
    3cc4:	dc 01       	movw	r26, r24
    3cc6:	cb 01       	movw	r24, r22
    3cc8:	bc 01       	movw	r22, r24
    3cca:	cd 01       	movw	r24, r26
    3ccc:	0e 94 49 00 	call	0x92	; 0x92 <__fixunssfsi>
    3cd0:	dc 01       	movw	r26, r24
    3cd2:	cb 01       	movw	r24, r22
    3cd4:	9e af       	std	Y+62, r25	; 0x3e
    3cd6:	8d af       	std	Y+61, r24	; 0x3d
    3cd8:	0f c0       	rjmp	.+30     	; 0x3cf8 <LCD_enuInit+0xf6>
    3cda:	89 e1       	ldi	r24, 0x19	; 25
    3cdc:	90 e0       	ldi	r25, 0x00	; 0
    3cde:	9c af       	std	Y+60, r25	; 0x3c
    3ce0:	8b af       	std	Y+59, r24	; 0x3b
    milliseconds can be achieved.
 */
void
_delay_loop_2(uint16_t __count)
{
	__asm__ volatile (
    3ce2:	8b ad       	ldd	r24, Y+59	; 0x3b
    3ce4:	9c ad       	ldd	r25, Y+60	; 0x3c
    3ce6:	01 97       	sbiw	r24, 0x01	; 1
    3ce8:	f1 f7       	brne	.-4      	; 0x3ce6 <LCD_enuInit+0xe4>
    3cea:	9c af       	std	Y+60, r25	; 0x3c
    3cec:	8b af       	std	Y+59, r24	; 0x3b
		while(__ticks)
		{
			// wait 1/10 ms
			_delay_loop_2(((F_CPU) / 4e3) / 10);
			__ticks --;
    3cee:	8d ad       	ldd	r24, Y+61	; 0x3d
    3cf0:	9e ad       	ldd	r25, Y+62	; 0x3e
    3cf2:	01 97       	sbiw	r24, 0x01	; 1
    3cf4:	9e af       	std	Y+62, r25	; 0x3e
    3cf6:	8d af       	std	Y+61, r24	; 0x3d
		__ticks = 1;
	else if (__tmp > 65535)
	{
		//	__ticks = requested delay in 1/10 ms
		__ticks = (uint16_t) (__ms * 10.0);
		while(__ticks)
    3cf8:	8d ad       	ldd	r24, Y+61	; 0x3d
    3cfa:	9e ad       	ldd	r25, Y+62	; 0x3e
    3cfc:	00 97       	sbiw	r24, 0x00	; 0
    3cfe:	69 f7       	brne	.-38     	; 0x3cda <LCD_enuInit+0xd8>
    3d00:	16 c0       	rjmp	.+44     	; 0x3d2e <LCD_enuInit+0x12c>
			__ticks --;
		}
		return;
	}
	else
		__ticks = (uint16_t)__tmp;
    3d02:	fe 01       	movw	r30, r28
    3d04:	ff 96       	adiw	r30, 0x3f	; 63
    3d06:	60 81       	ld	r22, Z
    3d08:	71 81       	ldd	r23, Z+1	; 0x01
    3d0a:	82 81       	ldd	r24, Z+2	; 0x02
    3d0c:	93 81       	ldd	r25, Z+3	; 0x03
    3d0e:	0e 94 49 00 	call	0x92	; 0x92 <__fixunssfsi>
    3d12:	dc 01       	movw	r26, r24
    3d14:	cb 01       	movw	r24, r22
    3d16:	9e af       	std	Y+62, r25	; 0x3e
    3d18:	8d af       	std	Y+61, r24	; 0x3d
    3d1a:	8d ad       	ldd	r24, Y+61	; 0x3d
    3d1c:	9e ad       	ldd	r25, Y+62	; 0x3e
    3d1e:	9a af       	std	Y+58, r25	; 0x3a
    3d20:	89 af       	std	Y+57, r24	; 0x39
    3d22:	89 ad       	ldd	r24, Y+57	; 0x39
    3d24:	9a ad       	ldd	r25, Y+58	; 0x3a
    3d26:	01 97       	sbiw	r24, 0x01	; 1
    3d28:	f1 f7       	brne	.-4      	; 0x3d26 <LCD_enuInit+0x124>
    3d2a:	9a af       	std	Y+58, r25	; 0x3a
    3d2c:	89 af       	std	Y+57, r24	; 0x39
	_delay_ms(35);
	DIO_enuSetPinDirection(RS_PORT,RS_PIN,DIO_u8OUTPUT);
    3d2e:	83 e0       	ldi	r24, 0x03	; 3
    3d30:	60 e0       	ldi	r22, 0x00	; 0
    3d32:	41 e0       	ldi	r20, 0x01	; 1
    3d34:	0e 94 2b 17 	call	0x2e56	; 0x2e56 <DIO_enuSetPinDirection>
	DIO_enuSetPinDirection(RW_PORT,RW_PIN,DIO_u8OUTPUT);
    3d38:	83 e0       	ldi	r24, 0x03	; 3
    3d3a:	61 e0       	ldi	r22, 0x01	; 1
    3d3c:	41 e0       	ldi	r20, 0x01	; 1
    3d3e:	0e 94 2b 17 	call	0x2e56	; 0x2e56 <DIO_enuSetPinDirection>
	DIO_enuSetPinDirection(EN_PORT,EN_PIN,DIO_u8OUTPUT);
    3d42:	83 e0       	ldi	r24, 0x03	; 3
    3d44:	63 e0       	ldi	r22, 0x03	; 3
    3d46:	41 e0       	ldi	r20, 0x01	; 1
    3d48:	0e 94 2b 17 	call	0x2e56	; 0x2e56 <DIO_enuSetPinDirection>

	DIO_enuSetPinDirection(D7_PORT,D7_PIN,DIO_u8OUTPUT);
    3d4c:	82 e0       	ldi	r24, 0x02	; 2
    3d4e:	67 e0       	ldi	r22, 0x07	; 7
    3d50:	41 e0       	ldi	r20, 0x01	; 1
    3d52:	0e 94 2b 17 	call	0x2e56	; 0x2e56 <DIO_enuSetPinDirection>
	DIO_enuSetPinDirection(D6_PORT,D6_PIN,DIO_u8OUTPUT);
    3d56:	82 e0       	ldi	r24, 0x02	; 2
    3d58:	66 e0       	ldi	r22, 0x06	; 6
    3d5a:	41 e0       	ldi	r20, 0x01	; 1
    3d5c:	0e 94 2b 17 	call	0x2e56	; 0x2e56 <DIO_enuSetPinDirection>
	DIO_enuSetPinDirection(D5_PORT,D5_PIN,DIO_u8OUTPUT);
    3d60:	82 e0       	ldi	r24, 0x02	; 2
    3d62:	65 e0       	ldi	r22, 0x05	; 5
    3d64:	41 e0       	ldi	r20, 0x01	; 1
    3d66:	0e 94 2b 17 	call	0x2e56	; 0x2e56 <DIO_enuSetPinDirection>
	DIO_enuSetPinDirection(D4_PORT,D4_PIN,DIO_u8OUTPUT);
    3d6a:	82 e0       	ldi	r24, 0x02	; 2
    3d6c:	64 e0       	ldi	r22, 0x04	; 4
    3d6e:	41 e0       	ldi	r20, 0x01	; 1
    3d70:	0e 94 2b 17 	call	0x2e56	; 0x2e56 <DIO_enuSetPinDirection>

	//FUNCTION SET
#if LCD_MODE==EIGHT_BIT
	DIO_enuSetPinDirection(D3_PORT,D3_PIN,DIO_u8OUTPUT);
    3d74:	82 e0       	ldi	r24, 0x02	; 2
    3d76:	63 e0       	ldi	r22, 0x03	; 3
    3d78:	41 e0       	ldi	r20, 0x01	; 1
    3d7a:	0e 94 2b 17 	call	0x2e56	; 0x2e56 <DIO_enuSetPinDirection>
	DIO_enuSetPinDirection(D2_PORT,D2_PIN,DIO_u8OUTPUT);
    3d7e:	82 e0       	ldi	r24, 0x02	; 2
    3d80:	62 e0       	ldi	r22, 0x02	; 2
    3d82:	41 e0       	ldi	r20, 0x01	; 1
    3d84:	0e 94 2b 17 	call	0x2e56	; 0x2e56 <DIO_enuSetPinDirection>
	DIO_enuSetPinDirection(D1_PORT,D1_PIN,DIO_u8OUTPUT);
    3d88:	82 e0       	ldi	r24, 0x02	; 2
    3d8a:	61 e0       	ldi	r22, 0x01	; 1
    3d8c:	41 e0       	ldi	r20, 0x01	; 1
    3d8e:	0e 94 2b 17 	call	0x2e56	; 0x2e56 <DIO_enuSetPinDirection>
	DIO_enuSetPinDirection(D0_PORT,D0_PIN,DIO_u8OUTPUT);
    3d92:	82 e0       	ldi	r24, 0x02	; 2
    3d94:	60 e0       	ldi	r22, 0x00	; 0
    3d96:	41 e0       	ldi	r20, 0x01	; 1
    3d98:	0e 94 2b 17 	call	0x2e56	; 0x2e56 <DIO_enuSetPinDirection>

	//FUNCTION SET
	LCD_invidSendCommand(EIGHT_BIT_MODE);
    3d9c:	88 e3       	ldi	r24, 0x38	; 56
    3d9e:	0e 94 23 24 	call	0x4846	; 0x4846 <LCD_invidSendCommand>

	Local_enuErrorState=ES_OK;
    3da2:	fe 01       	movw	r30, r28
    3da4:	e9 5b       	subi	r30, 0xB9	; 185
    3da6:	ff 4f       	sbci	r31, 0xFF	; 255
    3da8:	81 e0       	ldi	r24, 0x01	; 1
    3daa:	80 83       	st	Z, r24
    3dac:	80 e0       	ldi	r24, 0x00	; 0
    3dae:	90 e0       	ldi	r25, 0x00	; 0
    3db0:	a0 e8       	ldi	r26, 0x80	; 128
    3db2:	bf e3       	ldi	r27, 0x3F	; 63
    3db4:	8d ab       	std	Y+53, r24	; 0x35
    3db6:	9e ab       	std	Y+54, r25	; 0x36
    3db8:	af ab       	std	Y+55, r26	; 0x37
    3dba:	b8 af       	std	Y+56, r27	; 0x38
 */
void
_delay_ms(double __ms)
{
	uint16_t __ticks;
	double __tmp = ((F_CPU) / 4e3) * __ms;
    3dbc:	6d a9       	ldd	r22, Y+53	; 0x35
    3dbe:	7e a9       	ldd	r23, Y+54	; 0x36
    3dc0:	8f a9       	ldd	r24, Y+55	; 0x37
    3dc2:	98 ad       	ldd	r25, Y+56	; 0x38
    3dc4:	20 e0       	ldi	r18, 0x00	; 0
    3dc6:	30 e0       	ldi	r19, 0x00	; 0
    3dc8:	4a e7       	ldi	r20, 0x7A	; 122
    3dca:	53 e4       	ldi	r21, 0x43	; 67
    3dcc:	0e 94 1f 02 	call	0x43e	; 0x43e <__mulsf3>
    3dd0:	dc 01       	movw	r26, r24
    3dd2:	cb 01       	movw	r24, r22
    3dd4:	89 ab       	std	Y+49, r24	; 0x31
    3dd6:	9a ab       	std	Y+50, r25	; 0x32
    3dd8:	ab ab       	std	Y+51, r26	; 0x33
    3dda:	bc ab       	std	Y+52, r27	; 0x34
	if (__tmp < 1.0)
    3ddc:	69 a9       	ldd	r22, Y+49	; 0x31
    3dde:	7a a9       	ldd	r23, Y+50	; 0x32
    3de0:	8b a9       	ldd	r24, Y+51	; 0x33
    3de2:	9c a9       	ldd	r25, Y+52	; 0x34
    3de4:	20 e0       	ldi	r18, 0x00	; 0
    3de6:	30 e0       	ldi	r19, 0x00	; 0
    3de8:	40 e8       	ldi	r20, 0x80	; 128
    3dea:	5f e3       	ldi	r21, 0x3F	; 63
    3dec:	0e 94 55 04 	call	0x8aa	; 0x8aa <__ltsf2>
    3df0:	88 23       	and	r24, r24
    3df2:	2c f4       	brge	.+10     	; 0x3dfe <LCD_enuInit+0x1fc>
		__ticks = 1;
    3df4:	81 e0       	ldi	r24, 0x01	; 1
    3df6:	90 e0       	ldi	r25, 0x00	; 0
    3df8:	98 ab       	std	Y+48, r25	; 0x30
    3dfa:	8f a7       	std	Y+47, r24	; 0x2f
    3dfc:	3f c0       	rjmp	.+126    	; 0x3e7c <LCD_enuInit+0x27a>
	else if (__tmp > 65535)
    3dfe:	69 a9       	ldd	r22, Y+49	; 0x31
    3e00:	7a a9       	ldd	r23, Y+50	; 0x32
    3e02:	8b a9       	ldd	r24, Y+51	; 0x33
    3e04:	9c a9       	ldd	r25, Y+52	; 0x34
    3e06:	20 e0       	ldi	r18, 0x00	; 0
    3e08:	3f ef       	ldi	r19, 0xFF	; 255
    3e0a:	4f e7       	ldi	r20, 0x7F	; 127
    3e0c:	57 e4       	ldi	r21, 0x47	; 71
    3e0e:	0e 94 f5 03 	call	0x7ea	; 0x7ea <__gtsf2>
    3e12:	18 16       	cp	r1, r24
    3e14:	4c f5       	brge	.+82     	; 0x3e68 <LCD_enuInit+0x266>
	{
		//	__ticks = requested delay in 1/10 ms
		__ticks = (uint16_t) (__ms * 10.0);
    3e16:	6d a9       	ldd	r22, Y+53	; 0x35
    3e18:	7e a9       	ldd	r23, Y+54	; 0x36
    3e1a:	8f a9       	ldd	r24, Y+55	; 0x37
    3e1c:	98 ad       	ldd	r25, Y+56	; 0x38
    3e1e:	20 e0       	ldi	r18, 0x00	; 0
    3e20:	30 e0       	ldi	r19, 0x00	; 0
    3e22:	40 e2       	ldi	r20, 0x20	; 32
    3e24:	51 e4       	ldi	r21, 0x41	; 65
    3e26:	0e 94 1f 02 	call	0x43e	; 0x43e <__mulsf3>
    3e2a:	dc 01       	movw	r26, r24
    3e2c:	cb 01       	movw	r24, r22
    3e2e:	bc 01       	movw	r22, r24
    3e30:	cd 01       	movw	r24, r26
    3e32:	0e 94 49 00 	call	0x92	; 0x92 <__fixunssfsi>
    3e36:	dc 01       	movw	r26, r24
    3e38:	cb 01       	movw	r24, r22
    3e3a:	98 ab       	std	Y+48, r25	; 0x30
    3e3c:	8f a7       	std	Y+47, r24	; 0x2f
    3e3e:	0f c0       	rjmp	.+30     	; 0x3e5e <LCD_enuInit+0x25c>
    3e40:	89 e1       	ldi	r24, 0x19	; 25
    3e42:	90 e0       	ldi	r25, 0x00	; 0
    3e44:	9e a7       	std	Y+46, r25	; 0x2e
    3e46:	8d a7       	std	Y+45, r24	; 0x2d
    3e48:	8d a5       	ldd	r24, Y+45	; 0x2d
    3e4a:	9e a5       	ldd	r25, Y+46	; 0x2e
    3e4c:	01 97       	sbiw	r24, 0x01	; 1
    3e4e:	f1 f7       	brne	.-4      	; 0x3e4c <LCD_enuInit+0x24a>
    3e50:	9e a7       	std	Y+46, r25	; 0x2e
    3e52:	8d a7       	std	Y+45, r24	; 0x2d
		while(__ticks)
		{
			// wait 1/10 ms
			_delay_loop_2(((F_CPU) / 4e3) / 10);
			__ticks --;
    3e54:	8f a5       	ldd	r24, Y+47	; 0x2f
    3e56:	98 a9       	ldd	r25, Y+48	; 0x30
    3e58:	01 97       	sbiw	r24, 0x01	; 1
    3e5a:	98 ab       	std	Y+48, r25	; 0x30
    3e5c:	8f a7       	std	Y+47, r24	; 0x2f
		__ticks = 1;
	else if (__tmp > 65535)
	{
		//	__ticks = requested delay in 1/10 ms
		__ticks = (uint16_t) (__ms * 10.0);
		while(__ticks)
    3e5e:	8f a5       	ldd	r24, Y+47	; 0x2f
    3e60:	98 a9       	ldd	r25, Y+48	; 0x30
    3e62:	00 97       	sbiw	r24, 0x00	; 0
    3e64:	69 f7       	brne	.-38     	; 0x3e40 <LCD_enuInit+0x23e>
    3e66:	14 c0       	rjmp	.+40     	; 0x3e90 <LCD_enuInit+0x28e>
			__ticks --;
		}
		return;
	}
	else
		__ticks = (uint16_t)__tmp;
    3e68:	69 a9       	ldd	r22, Y+49	; 0x31
    3e6a:	7a a9       	ldd	r23, Y+50	; 0x32
    3e6c:	8b a9       	ldd	r24, Y+51	; 0x33
    3e6e:	9c a9       	ldd	r25, Y+52	; 0x34
    3e70:	0e 94 49 00 	call	0x92	; 0x92 <__fixunssfsi>
    3e74:	dc 01       	movw	r26, r24
    3e76:	cb 01       	movw	r24, r22
    3e78:	98 ab       	std	Y+48, r25	; 0x30
    3e7a:	8f a7       	std	Y+47, r24	; 0x2f
    3e7c:	8f a5       	ldd	r24, Y+47	; 0x2f
    3e7e:	98 a9       	ldd	r25, Y+48	; 0x30
    3e80:	9c a7       	std	Y+44, r25	; 0x2c
    3e82:	8b a7       	std	Y+43, r24	; 0x2b
    3e84:	8b a5       	ldd	r24, Y+43	; 0x2b
    3e86:	9c a5       	ldd	r25, Y+44	; 0x2c
    3e88:	01 97       	sbiw	r24, 0x01	; 1
    3e8a:	f1 f7       	brne	.-4      	; 0x3e88 <LCD_enuInit+0x286>
    3e8c:	9c a7       	std	Y+44, r25	; 0x2c
    3e8e:	8b a7       	std	Y+43, r24	; 0x2b
#endif

	_delay_ms(1);
	//display on/off
	//LCD_invidSendCommand(0x0f);
	LCD_invidSendCommand(DISPLAY_ON_CURSOR_BLINK);
    3e90:	8e e0       	ldi	r24, 0x0E	; 14
    3e92:	0e 94 23 24 	call	0x4846	; 0x4846 <LCD_invidSendCommand>
    3e96:	80 e0       	ldi	r24, 0x00	; 0
    3e98:	90 e0       	ldi	r25, 0x00	; 0
    3e9a:	a0 e8       	ldi	r26, 0x80	; 128
    3e9c:	bf e3       	ldi	r27, 0x3F	; 63
    3e9e:	8f a3       	std	Y+39, r24	; 0x27
    3ea0:	98 a7       	std	Y+40, r25	; 0x28
    3ea2:	a9 a7       	std	Y+41, r26	; 0x29
    3ea4:	ba a7       	std	Y+42, r27	; 0x2a
 */
void
_delay_ms(double __ms)
{
	uint16_t __ticks;
	double __tmp = ((F_CPU) / 4e3) * __ms;
    3ea6:	6f a1       	ldd	r22, Y+39	; 0x27
    3ea8:	78 a5       	ldd	r23, Y+40	; 0x28
    3eaa:	89 a5       	ldd	r24, Y+41	; 0x29
    3eac:	9a a5       	ldd	r25, Y+42	; 0x2a
    3eae:	20 e0       	ldi	r18, 0x00	; 0
    3eb0:	30 e0       	ldi	r19, 0x00	; 0
    3eb2:	4a e7       	ldi	r20, 0x7A	; 122
    3eb4:	53 e4       	ldi	r21, 0x43	; 67
    3eb6:	0e 94 1f 02 	call	0x43e	; 0x43e <__mulsf3>
    3eba:	dc 01       	movw	r26, r24
    3ebc:	cb 01       	movw	r24, r22
    3ebe:	8b a3       	std	Y+35, r24	; 0x23
    3ec0:	9c a3       	std	Y+36, r25	; 0x24
    3ec2:	ad a3       	std	Y+37, r26	; 0x25
    3ec4:	be a3       	std	Y+38, r27	; 0x26
	if (__tmp < 1.0)
    3ec6:	6b a1       	ldd	r22, Y+35	; 0x23
    3ec8:	7c a1       	ldd	r23, Y+36	; 0x24
    3eca:	8d a1       	ldd	r24, Y+37	; 0x25
    3ecc:	9e a1       	ldd	r25, Y+38	; 0x26
    3ece:	20 e0       	ldi	r18, 0x00	; 0
    3ed0:	30 e0       	ldi	r19, 0x00	; 0
    3ed2:	40 e8       	ldi	r20, 0x80	; 128
    3ed4:	5f e3       	ldi	r21, 0x3F	; 63
    3ed6:	0e 94 55 04 	call	0x8aa	; 0x8aa <__ltsf2>
    3eda:	88 23       	and	r24, r24
    3edc:	2c f4       	brge	.+10     	; 0x3ee8 <LCD_enuInit+0x2e6>
		__ticks = 1;
    3ede:	81 e0       	ldi	r24, 0x01	; 1
    3ee0:	90 e0       	ldi	r25, 0x00	; 0
    3ee2:	9a a3       	std	Y+34, r25	; 0x22
    3ee4:	89 a3       	std	Y+33, r24	; 0x21
    3ee6:	3f c0       	rjmp	.+126    	; 0x3f66 <LCD_enuInit+0x364>
	else if (__tmp > 65535)
    3ee8:	6b a1       	ldd	r22, Y+35	; 0x23
    3eea:	7c a1       	ldd	r23, Y+36	; 0x24
    3eec:	8d a1       	ldd	r24, Y+37	; 0x25
    3eee:	9e a1       	ldd	r25, Y+38	; 0x26
    3ef0:	20 e0       	ldi	r18, 0x00	; 0
    3ef2:	3f ef       	ldi	r19, 0xFF	; 255
    3ef4:	4f e7       	ldi	r20, 0x7F	; 127
    3ef6:	57 e4       	ldi	r21, 0x47	; 71
    3ef8:	0e 94 f5 03 	call	0x7ea	; 0x7ea <__gtsf2>
    3efc:	18 16       	cp	r1, r24
    3efe:	4c f5       	brge	.+82     	; 0x3f52 <LCD_enuInit+0x350>
	{
		//	__ticks = requested delay in 1/10 ms
		__ticks = (uint16_t) (__ms * 10.0);
    3f00:	6f a1       	ldd	r22, Y+39	; 0x27
    3f02:	78 a5       	ldd	r23, Y+40	; 0x28
    3f04:	89 a5       	ldd	r24, Y+41	; 0x29
    3f06:	9a a5       	ldd	r25, Y+42	; 0x2a
    3f08:	20 e0       	ldi	r18, 0x00	; 0
    3f0a:	30 e0       	ldi	r19, 0x00	; 0
    3f0c:	40 e2       	ldi	r20, 0x20	; 32
    3f0e:	51 e4       	ldi	r21, 0x41	; 65
    3f10:	0e 94 1f 02 	call	0x43e	; 0x43e <__mulsf3>
    3f14:	dc 01       	movw	r26, r24
    3f16:	cb 01       	movw	r24, r22
    3f18:	bc 01       	movw	r22, r24
    3f1a:	cd 01       	movw	r24, r26
    3f1c:	0e 94 49 00 	call	0x92	; 0x92 <__fixunssfsi>
    3f20:	dc 01       	movw	r26, r24
    3f22:	cb 01       	movw	r24, r22
    3f24:	9a a3       	std	Y+34, r25	; 0x22
    3f26:	89 a3       	std	Y+33, r24	; 0x21
    3f28:	0f c0       	rjmp	.+30     	; 0x3f48 <LCD_enuInit+0x346>
    3f2a:	89 e1       	ldi	r24, 0x19	; 25
    3f2c:	90 e0       	ldi	r25, 0x00	; 0
    3f2e:	98 a3       	std	Y+32, r25	; 0x20
    3f30:	8f 8f       	std	Y+31, r24	; 0x1f
    3f32:	8f 8d       	ldd	r24, Y+31	; 0x1f
    3f34:	98 a1       	ldd	r25, Y+32	; 0x20
    3f36:	01 97       	sbiw	r24, 0x01	; 1
    3f38:	f1 f7       	brne	.-4      	; 0x3f36 <LCD_enuInit+0x334>
    3f3a:	98 a3       	std	Y+32, r25	; 0x20
    3f3c:	8f 8f       	std	Y+31, r24	; 0x1f
		while(__ticks)
		{
			// wait 1/10 ms
			_delay_loop_2(((F_CPU) / 4e3) / 10);
			__ticks --;
    3f3e:	89 a1       	ldd	r24, Y+33	; 0x21
    3f40:	9a a1       	ldd	r25, Y+34	; 0x22
    3f42:	01 97       	sbiw	r24, 0x01	; 1
    3f44:	9a a3       	std	Y+34, r25	; 0x22
    3f46:	89 a3       	std	Y+33, r24	; 0x21
		__ticks = 1;
	else if (__tmp > 65535)
	{
		//	__ticks = requested delay in 1/10 ms
		__ticks = (uint16_t) (__ms * 10.0);
		while(__ticks)
    3f48:	89 a1       	ldd	r24, Y+33	; 0x21
    3f4a:	9a a1       	ldd	r25, Y+34	; 0x22
    3f4c:	00 97       	sbiw	r24, 0x00	; 0
    3f4e:	69 f7       	brne	.-38     	; 0x3f2a <LCD_enuInit+0x328>
    3f50:	14 c0       	rjmp	.+40     	; 0x3f7a <LCD_enuInit+0x378>
			__ticks --;
		}
		return;
	}
	else
		__ticks = (uint16_t)__tmp;
    3f52:	6b a1       	ldd	r22, Y+35	; 0x23
    3f54:	7c a1       	ldd	r23, Y+36	; 0x24
    3f56:	8d a1       	ldd	r24, Y+37	; 0x25
    3f58:	9e a1       	ldd	r25, Y+38	; 0x26
    3f5a:	0e 94 49 00 	call	0x92	; 0x92 <__fixunssfsi>
    3f5e:	dc 01       	movw	r26, r24
    3f60:	cb 01       	movw	r24, r22
    3f62:	9a a3       	std	Y+34, r25	; 0x22
    3f64:	89 a3       	std	Y+33, r24	; 0x21
    3f66:	89 a1       	ldd	r24, Y+33	; 0x21
    3f68:	9a a1       	ldd	r25, Y+34	; 0x22
    3f6a:	9e 8f       	std	Y+30, r25	; 0x1e
    3f6c:	8d 8f       	std	Y+29, r24	; 0x1d
    3f6e:	8d 8d       	ldd	r24, Y+29	; 0x1d
    3f70:	9e 8d       	ldd	r25, Y+30	; 0x1e
    3f72:	01 97       	sbiw	r24, 0x01	; 1
    3f74:	f1 f7       	brne	.-4      	; 0x3f72 <LCD_enuInit+0x370>
    3f76:	9e 8f       	std	Y+30, r25	; 0x1e
    3f78:	8d 8f       	std	Y+29, r24	; 0x1d
	_delay_ms(1);
	//display clear
	LCD_invidSendCommand(CLEAR_DISPLAY);
    3f7a:	81 e0       	ldi	r24, 0x01	; 1
    3f7c:	0e 94 23 24 	call	0x4846	; 0x4846 <LCD_invidSendCommand>
    3f80:	80 e0       	ldi	r24, 0x00	; 0
    3f82:	90 e0       	ldi	r25, 0x00	; 0
    3f84:	a0 e0       	ldi	r26, 0x00	; 0
    3f86:	b0 e4       	ldi	r27, 0x40	; 64
    3f88:	89 8f       	std	Y+25, r24	; 0x19
    3f8a:	9a 8f       	std	Y+26, r25	; 0x1a
    3f8c:	ab 8f       	std	Y+27, r26	; 0x1b
    3f8e:	bc 8f       	std	Y+28, r27	; 0x1c
 */
void
_delay_ms(double __ms)
{
	uint16_t __ticks;
	double __tmp = ((F_CPU) / 4e3) * __ms;
    3f90:	69 8d       	ldd	r22, Y+25	; 0x19
    3f92:	7a 8d       	ldd	r23, Y+26	; 0x1a
    3f94:	8b 8d       	ldd	r24, Y+27	; 0x1b
    3f96:	9c 8d       	ldd	r25, Y+28	; 0x1c
    3f98:	20 e0       	ldi	r18, 0x00	; 0
    3f9a:	30 e0       	ldi	r19, 0x00	; 0
    3f9c:	4a e7       	ldi	r20, 0x7A	; 122
    3f9e:	53 e4       	ldi	r21, 0x43	; 67
    3fa0:	0e 94 1f 02 	call	0x43e	; 0x43e <__mulsf3>
    3fa4:	dc 01       	movw	r26, r24
    3fa6:	cb 01       	movw	r24, r22
    3fa8:	8d 8b       	std	Y+21, r24	; 0x15
    3faa:	9e 8b       	std	Y+22, r25	; 0x16
    3fac:	af 8b       	std	Y+23, r26	; 0x17
    3fae:	b8 8f       	std	Y+24, r27	; 0x18
	if (__tmp < 1.0)
    3fb0:	6d 89       	ldd	r22, Y+21	; 0x15
    3fb2:	7e 89       	ldd	r23, Y+22	; 0x16
    3fb4:	8f 89       	ldd	r24, Y+23	; 0x17
    3fb6:	98 8d       	ldd	r25, Y+24	; 0x18
    3fb8:	20 e0       	ldi	r18, 0x00	; 0
    3fba:	30 e0       	ldi	r19, 0x00	; 0
    3fbc:	40 e8       	ldi	r20, 0x80	; 128
    3fbe:	5f e3       	ldi	r21, 0x3F	; 63
    3fc0:	0e 94 55 04 	call	0x8aa	; 0x8aa <__ltsf2>
    3fc4:	88 23       	and	r24, r24
    3fc6:	2c f4       	brge	.+10     	; 0x3fd2 <LCD_enuInit+0x3d0>
		__ticks = 1;
    3fc8:	81 e0       	ldi	r24, 0x01	; 1
    3fca:	90 e0       	ldi	r25, 0x00	; 0
    3fcc:	9c 8b       	std	Y+20, r25	; 0x14
    3fce:	8b 8b       	std	Y+19, r24	; 0x13
    3fd0:	3f c0       	rjmp	.+126    	; 0x4050 <LCD_enuInit+0x44e>
	else if (__tmp > 65535)
    3fd2:	6d 89       	ldd	r22, Y+21	; 0x15
    3fd4:	7e 89       	ldd	r23, Y+22	; 0x16
    3fd6:	8f 89       	ldd	r24, Y+23	; 0x17
    3fd8:	98 8d       	ldd	r25, Y+24	; 0x18
    3fda:	20 e0       	ldi	r18, 0x00	; 0
    3fdc:	3f ef       	ldi	r19, 0xFF	; 255
    3fde:	4f e7       	ldi	r20, 0x7F	; 127
    3fe0:	57 e4       	ldi	r21, 0x47	; 71
    3fe2:	0e 94 f5 03 	call	0x7ea	; 0x7ea <__gtsf2>
    3fe6:	18 16       	cp	r1, r24
    3fe8:	4c f5       	brge	.+82     	; 0x403c <LCD_enuInit+0x43a>
	{
		//	__ticks = requested delay in 1/10 ms
		__ticks = (uint16_t) (__ms * 10.0);
    3fea:	69 8d       	ldd	r22, Y+25	; 0x19
    3fec:	7a 8d       	ldd	r23, Y+26	; 0x1a
    3fee:	8b 8d       	ldd	r24, Y+27	; 0x1b
    3ff0:	9c 8d       	ldd	r25, Y+28	; 0x1c
    3ff2:	20 e0       	ldi	r18, 0x00	; 0
    3ff4:	30 e0       	ldi	r19, 0x00	; 0
    3ff6:	40 e2       	ldi	r20, 0x20	; 32
    3ff8:	51 e4       	ldi	r21, 0x41	; 65
    3ffa:	0e 94 1f 02 	call	0x43e	; 0x43e <__mulsf3>
    3ffe:	dc 01       	movw	r26, r24
    4000:	cb 01       	movw	r24, r22
    4002:	bc 01       	movw	r22, r24
    4004:	cd 01       	movw	r24, r26
    4006:	0e 94 49 00 	call	0x92	; 0x92 <__fixunssfsi>
    400a:	dc 01       	movw	r26, r24
    400c:	cb 01       	movw	r24, r22
    400e:	9c 8b       	std	Y+20, r25	; 0x14
    4010:	8b 8b       	std	Y+19, r24	; 0x13
    4012:	0f c0       	rjmp	.+30     	; 0x4032 <LCD_enuInit+0x430>
    4014:	89 e1       	ldi	r24, 0x19	; 25
    4016:	90 e0       	ldi	r25, 0x00	; 0
    4018:	9a 8b       	std	Y+18, r25	; 0x12
    401a:	89 8b       	std	Y+17, r24	; 0x11
    401c:	89 89       	ldd	r24, Y+17	; 0x11
    401e:	9a 89       	ldd	r25, Y+18	; 0x12
    4020:	01 97       	sbiw	r24, 0x01	; 1
    4022:	f1 f7       	brne	.-4      	; 0x4020 <LCD_enuInit+0x41e>
    4024:	9a 8b       	std	Y+18, r25	; 0x12
    4026:	89 8b       	std	Y+17, r24	; 0x11
		while(__ticks)
		{
			// wait 1/10 ms
			_delay_loop_2(((F_CPU) / 4e3) / 10);
			__ticks --;
    4028:	8b 89       	ldd	r24, Y+19	; 0x13
    402a:	9c 89       	ldd	r25, Y+20	; 0x14
    402c:	01 97       	sbiw	r24, 0x01	; 1
    402e:	9c 8b       	std	Y+20, r25	; 0x14
    4030:	8b 8b       	std	Y+19, r24	; 0x13
		__ticks = 1;
	else if (__tmp > 65535)
	{
		//	__ticks = requested delay in 1/10 ms
		__ticks = (uint16_t) (__ms * 10.0);
		while(__ticks)
    4032:	8b 89       	ldd	r24, Y+19	; 0x13
    4034:	9c 89       	ldd	r25, Y+20	; 0x14
    4036:	00 97       	sbiw	r24, 0x00	; 0
    4038:	69 f7       	brne	.-38     	; 0x4014 <LCD_enuInit+0x412>
    403a:	14 c0       	rjmp	.+40     	; 0x4064 <LCD_enuInit+0x462>
			__ticks --;
		}
		return;
	}
	else
		__ticks = (uint16_t)__tmp;
    403c:	6d 89       	ldd	r22, Y+21	; 0x15
    403e:	7e 89       	ldd	r23, Y+22	; 0x16
    4040:	8f 89       	ldd	r24, Y+23	; 0x17
    4042:	98 8d       	ldd	r25, Y+24	; 0x18
    4044:	0e 94 49 00 	call	0x92	; 0x92 <__fixunssfsi>
    4048:	dc 01       	movw	r26, r24
    404a:	cb 01       	movw	r24, r22
    404c:	9c 8b       	std	Y+20, r25	; 0x14
    404e:	8b 8b       	std	Y+19, r24	; 0x13
    4050:	8b 89       	ldd	r24, Y+19	; 0x13
    4052:	9c 89       	ldd	r25, Y+20	; 0x14
    4054:	98 8b       	std	Y+16, r25	; 0x10
    4056:	8f 87       	std	Y+15, r24	; 0x0f
    4058:	8f 85       	ldd	r24, Y+15	; 0x0f
    405a:	98 89       	ldd	r25, Y+16	; 0x10
    405c:	01 97       	sbiw	r24, 0x01	; 1
    405e:	f1 f7       	brne	.-4      	; 0x405c <LCD_enuInit+0x45a>
    4060:	98 8b       	std	Y+16, r25	; 0x10
    4062:	8f 87       	std	Y+15, r24	; 0x0f
	_delay_ms(2);
	//Entry mode set
	LCD_invidSendCommand(INCREMENT_CURSOR_TO_RIGHT);
    4064:	86 e0       	ldi	r24, 0x06	; 6
    4066:	0e 94 23 24 	call	0x4846	; 0x4846 <LCD_invidSendCommand>
    406a:	80 e0       	ldi	r24, 0x00	; 0
    406c:	90 e0       	ldi	r25, 0x00	; 0
    406e:	a0 e8       	ldi	r26, 0x80	; 128
    4070:	bf e3       	ldi	r27, 0x3F	; 63
    4072:	8b 87       	std	Y+11, r24	; 0x0b
    4074:	9c 87       	std	Y+12, r25	; 0x0c
    4076:	ad 87       	std	Y+13, r26	; 0x0d
    4078:	be 87       	std	Y+14, r27	; 0x0e
 */
void
_delay_ms(double __ms)
{
	uint16_t __ticks;
	double __tmp = ((F_CPU) / 4e3) * __ms;
    407a:	6b 85       	ldd	r22, Y+11	; 0x0b
    407c:	7c 85       	ldd	r23, Y+12	; 0x0c
    407e:	8d 85       	ldd	r24, Y+13	; 0x0d
    4080:	9e 85       	ldd	r25, Y+14	; 0x0e
    4082:	20 e0       	ldi	r18, 0x00	; 0
    4084:	30 e0       	ldi	r19, 0x00	; 0
    4086:	4a e7       	ldi	r20, 0x7A	; 122
    4088:	53 e4       	ldi	r21, 0x43	; 67
    408a:	0e 94 1f 02 	call	0x43e	; 0x43e <__mulsf3>
    408e:	dc 01       	movw	r26, r24
    4090:	cb 01       	movw	r24, r22
    4092:	8f 83       	std	Y+7, r24	; 0x07
    4094:	98 87       	std	Y+8, r25	; 0x08
    4096:	a9 87       	std	Y+9, r26	; 0x09
    4098:	ba 87       	std	Y+10, r27	; 0x0a
	if (__tmp < 1.0)
    409a:	6f 81       	ldd	r22, Y+7	; 0x07
    409c:	78 85       	ldd	r23, Y+8	; 0x08
    409e:	89 85       	ldd	r24, Y+9	; 0x09
    40a0:	9a 85       	ldd	r25, Y+10	; 0x0a
    40a2:	20 e0       	ldi	r18, 0x00	; 0
    40a4:	30 e0       	ldi	r19, 0x00	; 0
    40a6:	40 e8       	ldi	r20, 0x80	; 128
    40a8:	5f e3       	ldi	r21, 0x3F	; 63
    40aa:	0e 94 55 04 	call	0x8aa	; 0x8aa <__ltsf2>
    40ae:	88 23       	and	r24, r24
    40b0:	2c f4       	brge	.+10     	; 0x40bc <LCD_enuInit+0x4ba>
		__ticks = 1;
    40b2:	81 e0       	ldi	r24, 0x01	; 1
    40b4:	90 e0       	ldi	r25, 0x00	; 0
    40b6:	9e 83       	std	Y+6, r25	; 0x06
    40b8:	8d 83       	std	Y+5, r24	; 0x05
    40ba:	3f c0       	rjmp	.+126    	; 0x413a <LCD_enuInit+0x538>
	else if (__tmp > 65535)
    40bc:	6f 81       	ldd	r22, Y+7	; 0x07
    40be:	78 85       	ldd	r23, Y+8	; 0x08
    40c0:	89 85       	ldd	r24, Y+9	; 0x09
    40c2:	9a 85       	ldd	r25, Y+10	; 0x0a
    40c4:	20 e0       	ldi	r18, 0x00	; 0
    40c6:	3f ef       	ldi	r19, 0xFF	; 255
    40c8:	4f e7       	ldi	r20, 0x7F	; 127
    40ca:	57 e4       	ldi	r21, 0x47	; 71
    40cc:	0e 94 f5 03 	call	0x7ea	; 0x7ea <__gtsf2>
    40d0:	18 16       	cp	r1, r24
    40d2:	4c f5       	brge	.+82     	; 0x4126 <LCD_enuInit+0x524>
	{
		//	__ticks = requested delay in 1/10 ms
		__ticks = (uint16_t) (__ms * 10.0);
    40d4:	6b 85       	ldd	r22, Y+11	; 0x0b
    40d6:	7c 85       	ldd	r23, Y+12	; 0x0c
    40d8:	8d 85       	ldd	r24, Y+13	; 0x0d
    40da:	9e 85       	ldd	r25, Y+14	; 0x0e
    40dc:	20 e0       	ldi	r18, 0x00	; 0
    40de:	30 e0       	ldi	r19, 0x00	; 0
    40e0:	40 e2       	ldi	r20, 0x20	; 32
    40e2:	51 e4       	ldi	r21, 0x41	; 65
    40e4:	0e 94 1f 02 	call	0x43e	; 0x43e <__mulsf3>
    40e8:	dc 01       	movw	r26, r24
    40ea:	cb 01       	movw	r24, r22
    40ec:	bc 01       	movw	r22, r24
    40ee:	cd 01       	movw	r24, r26
    40f0:	0e 94 49 00 	call	0x92	; 0x92 <__fixunssfsi>
    40f4:	dc 01       	movw	r26, r24
    40f6:	cb 01       	movw	r24, r22
    40f8:	9e 83       	std	Y+6, r25	; 0x06
    40fa:	8d 83       	std	Y+5, r24	; 0x05
    40fc:	0f c0       	rjmp	.+30     	; 0x411c <LCD_enuInit+0x51a>
    40fe:	89 e1       	ldi	r24, 0x19	; 25
    4100:	90 e0       	ldi	r25, 0x00	; 0
    4102:	9c 83       	std	Y+4, r25	; 0x04
    4104:	8b 83       	std	Y+3, r24	; 0x03
    4106:	8b 81       	ldd	r24, Y+3	; 0x03
    4108:	9c 81       	ldd	r25, Y+4	; 0x04
    410a:	01 97       	sbiw	r24, 0x01	; 1
    410c:	f1 f7       	brne	.-4      	; 0x410a <LCD_enuInit+0x508>
    410e:	9c 83       	std	Y+4, r25	; 0x04
    4110:	8b 83       	std	Y+3, r24	; 0x03
		while(__ticks)
		{
			// wait 1/10 ms
			_delay_loop_2(((F_CPU) / 4e3) / 10);
			__ticks --;
    4112:	8d 81       	ldd	r24, Y+5	; 0x05
    4114:	9e 81       	ldd	r25, Y+6	; 0x06
    4116:	01 97       	sbiw	r24, 0x01	; 1
    4118:	9e 83       	std	Y+6, r25	; 0x06
    411a:	8d 83       	std	Y+5, r24	; 0x05
		__ticks = 1;
	else if (__tmp > 65535)
	{
		//	__ticks = requested delay in 1/10 ms
		__ticks = (uint16_t) (__ms * 10.0);
		while(__ticks)
    411c:	8d 81       	ldd	r24, Y+5	; 0x05
    411e:	9e 81       	ldd	r25, Y+6	; 0x06
    4120:	00 97       	sbiw	r24, 0x00	; 0
    4122:	69 f7       	brne	.-38     	; 0x40fe <LCD_enuInit+0x4fc>
    4124:	14 c0       	rjmp	.+40     	; 0x414e <LCD_enuInit+0x54c>
			__ticks --;
		}
		return;
	}
	else
		__ticks = (uint16_t)__tmp;
    4126:	6f 81       	ldd	r22, Y+7	; 0x07
    4128:	78 85       	ldd	r23, Y+8	; 0x08
    412a:	89 85       	ldd	r24, Y+9	; 0x09
    412c:	9a 85       	ldd	r25, Y+10	; 0x0a
    412e:	0e 94 49 00 	call	0x92	; 0x92 <__fixunssfsi>
    4132:	dc 01       	movw	r26, r24
    4134:	cb 01       	movw	r24, r22
    4136:	9e 83       	std	Y+6, r25	; 0x06
    4138:	8d 83       	std	Y+5, r24	; 0x05
    413a:	8d 81       	ldd	r24, Y+5	; 0x05
    413c:	9e 81       	ldd	r25, Y+6	; 0x06
    413e:	9a 83       	std	Y+2, r25	; 0x02
    4140:	89 83       	std	Y+1, r24	; 0x01
    4142:	89 81       	ldd	r24, Y+1	; 0x01
    4144:	9a 81       	ldd	r25, Y+2	; 0x02
    4146:	01 97       	sbiw	r24, 0x01	; 1
    4148:	f1 f7       	brne	.-4      	; 0x4146 <LCD_enuInit+0x544>
    414a:	9a 83       	std	Y+2, r25	; 0x02
    414c:	89 83       	std	Y+1, r24	; 0x01

	_delay_ms(1);
	LCD_invidSendCommand(FORCE_CURSOR_START_FIRST_LINE);
    414e:	80 e8       	ldi	r24, 0x80	; 128
    4150:	0e 94 23 24 	call	0x4846	; 0x4846 <LCD_invidSendCommand>


	return Local_enuErrorState;
    4154:	fe 01       	movw	r30, r28
    4156:	e9 5b       	subi	r30, 0xB9	; 185
    4158:	ff 4f       	sbci	r31, 0xFF	; 255
    415a:	80 81       	ld	r24, Z
}
    415c:	c9 5b       	subi	r28, 0xB9	; 185
    415e:	df 4f       	sbci	r29, 0xFF	; 255
    4160:	0f b6       	in	r0, 0x3f	; 63
    4162:	f8 94       	cli
    4164:	de bf       	out	0x3e, r29	; 62
    4166:	0f be       	out	0x3f, r0	; 63
    4168:	cd bf       	out	0x3d, r28	; 61
    416a:	cf 91       	pop	r28
    416c:	df 91       	pop	r29
    416e:	1f 91       	pop	r17
    4170:	0f 91       	pop	r16
    4172:	08 95       	ret

00004174 <LCD_enuDisplayChar>:

ES_t LCD_enuDisplayChar(u8 Copy_u8Data)
{
    4174:	df 93       	push	r29
    4176:	cf 93       	push	r28
    4178:	00 d0       	rcall	.+0      	; 0x417a <LCD_enuDisplayChar+0x6>
    417a:	cd b7       	in	r28, 0x3d	; 61
    417c:	de b7       	in	r29, 0x3e	; 62
    417e:	8a 83       	std	Y+2, r24	; 0x02
	ES_t Local_enuErrorState=ES_NOK;
    4180:	19 82       	std	Y+1, r1	; 0x01

	//set RS as data
	Local_enuErrorState=DIO_enuSetPinValue(RS_PORT,RS_PIN,DIO_u8HIGH);
    4182:	83 e0       	ldi	r24, 0x03	; 3
    4184:	60 e0       	ldi	r22, 0x00	; 0
    4186:	41 e0       	ldi	r20, 0x01	; 1
    4188:	0e 94 17 18 	call	0x302e	; 0x302e <DIO_enuSetPinValue>
    418c:	89 83       	std	Y+1, r24	; 0x01

	LCD_vidLatch(Copy_u8Data);
    418e:	8a 81       	ldd	r24, Y+2	; 0x02
    4190:	0e 94 c6 22 	call	0x458c	; 0x458c <LCD_vidLatch>

	return Local_enuErrorState;
    4194:	89 81       	ldd	r24, Y+1	; 0x01
}
    4196:	0f 90       	pop	r0
    4198:	0f 90       	pop	r0
    419a:	cf 91       	pop	r28
    419c:	df 91       	pop	r29
    419e:	08 95       	ret

000041a0 <LCD_enuDisplayString>:

ES_t LCD_enuDisplayString(u8 *Copy_pu8Data)
{
    41a0:	df 93       	push	r29
    41a2:	cf 93       	push	r28
    41a4:	00 d0       	rcall	.+0      	; 0x41a6 <LCD_enuDisplayString+0x6>
    41a6:	0f 92       	push	r0
    41a8:	cd b7       	in	r28, 0x3d	; 61
    41aa:	de b7       	in	r29, 0x3e	; 62
    41ac:	9b 83       	std	Y+3, r25	; 0x03
    41ae:	8a 83       	std	Y+2, r24	; 0x02
	ES_t Local_enuErrorState=ES_NOK;
    41b0:	19 82       	std	Y+1, r1	; 0x01
    41b2:	13 c0       	rjmp	.+38     	; 0x41da <LCD_enuDisplayString+0x3a>
	{
		Local_enuErrorState=LCD_enuDisplayChar(Copy_pu8Data[Local_u8Counter]);
	}*/
	while(*Copy_pu8Data)
		{
			LCD_enuDisplayChar(*Copy_pu8Data);
    41b4:	ea 81       	ldd	r30, Y+2	; 0x02
    41b6:	fb 81       	ldd	r31, Y+3	; 0x03
    41b8:	80 81       	ld	r24, Z
    41ba:	0e 94 ba 20 	call	0x4174	; 0x4174 <LCD_enuDisplayChar>
			if (!(*(Copy_pu8Data+1))) {Local_enuErrorState =ES_OK;}
    41be:	8a 81       	ldd	r24, Y+2	; 0x02
    41c0:	9b 81       	ldd	r25, Y+3	; 0x03
    41c2:	fc 01       	movw	r30, r24
    41c4:	31 96       	adiw	r30, 0x01	; 1
    41c6:	80 81       	ld	r24, Z
    41c8:	88 23       	and	r24, r24
    41ca:	11 f4       	brne	.+4      	; 0x41d0 <LCD_enuDisplayString+0x30>
    41cc:	81 e0       	ldi	r24, 0x01	; 1
    41ce:	89 83       	std	Y+1, r24	; 0x01
			Copy_pu8Data++;
    41d0:	8a 81       	ldd	r24, Y+2	; 0x02
    41d2:	9b 81       	ldd	r25, Y+3	; 0x03
    41d4:	01 96       	adiw	r24, 0x01	; 1
    41d6:	9b 83       	std	Y+3, r25	; 0x03
    41d8:	8a 83       	std	Y+2, r24	; 0x02
	/*u8 Local_u8Counter;
	for(Local_u8Counter=0;Copy_pu8Data;Local_u8Counter++)
	{
		Local_enuErrorState=LCD_enuDisplayChar(Copy_pu8Data[Local_u8Counter]);
	}*/
	while(*Copy_pu8Data)
    41da:	ea 81       	ldd	r30, Y+2	; 0x02
    41dc:	fb 81       	ldd	r31, Y+3	; 0x03
    41de:	80 81       	ld	r24, Z
    41e0:	88 23       	and	r24, r24
    41e2:	41 f7       	brne	.-48     	; 0x41b4 <LCD_enuDisplayString+0x14>
			LCD_enuDisplayChar(*Copy_pu8Data);
			if (!(*(Copy_pu8Data+1))) {Local_enuErrorState =ES_OK;}
			Copy_pu8Data++;
		}

	return Local_enuErrorState;
    41e4:	89 81       	ldd	r24, Y+1	; 0x01
}
    41e6:	0f 90       	pop	r0
    41e8:	0f 90       	pop	r0
    41ea:	0f 90       	pop	r0
    41ec:	cf 91       	pop	r28
    41ee:	df 91       	pop	r29
    41f0:	08 95       	ret

000041f2 <LCD_enuSendCommand>:

ES_t LCD_enuSendCommand(u8 Copy_u8Command)
{
    41f2:	df 93       	push	r29
    41f4:	cf 93       	push	r28
    41f6:	00 d0       	rcall	.+0      	; 0x41f8 <LCD_enuSendCommand+0x6>
    41f8:	cd b7       	in	r28, 0x3d	; 61
    41fa:	de b7       	in	r29, 0x3e	; 62
    41fc:	8a 83       	std	Y+2, r24	; 0x02
	ES_t Local_enuErrorState=ES_NOK;
    41fe:	19 82       	std	Y+1, r1	; 0x01

	//set RS as command
	Local_enuErrorState=DIO_enuSetPinValue(RS_PORT,RS_PIN,DIO_u8LOW);
    4200:	83 e0       	ldi	r24, 0x03	; 3
    4202:	60 e0       	ldi	r22, 0x00	; 0
    4204:	40 e0       	ldi	r20, 0x00	; 0
    4206:	0e 94 17 18 	call	0x302e	; 0x302e <DIO_enuSetPinValue>
    420a:	89 83       	std	Y+1, r24	; 0x01

	LCD_vidLatch(Copy_u8Command);
    420c:	8a 81       	ldd	r24, Y+2	; 0x02
    420e:	0e 94 c6 22 	call	0x458c	; 0x458c <LCD_vidLatch>

	return Local_enuErrorState;
    4212:	89 81       	ldd	r24, Y+1	; 0x01
}
    4214:	0f 90       	pop	r0
    4216:	0f 90       	pop	r0
    4218:	cf 91       	pop	r28
    421a:	df 91       	pop	r29
    421c:	08 95       	ret

0000421e <LCD_enuGoToPosition>:

ES_t LCD_enuGoToPosition (u8 Copy_u8Row , u8 Copy_u8Col)
{
    421e:	df 93       	push	r29
    4220:	cf 93       	push	r28
    4222:	00 d0       	rcall	.+0      	; 0x4224 <LCD_enuGoToPosition+0x6>
    4224:	00 d0       	rcall	.+0      	; 0x4226 <LCD_enuGoToPosition+0x8>
    4226:	0f 92       	push	r0
    4228:	cd b7       	in	r28, 0x3d	; 61
    422a:	de b7       	in	r29, 0x3e	; 62
    422c:	8c 83       	std	Y+4, r24	; 0x04
    422e:	6d 83       	std	Y+5, r22	; 0x05
	ES_t Local_enuErrorState=ES_NOK;
    4230:	19 82       	std	Y+1, r1	; 0x01

	u8 Local_u8RowLocation [] = {FORCE_CURSOR_START_FIRST_LINE,FORCE_CURSOR_START_SECOND_LINE};
    4232:	80 e8       	ldi	r24, 0x80	; 128
    4234:	8a 83       	std	Y+2, r24	; 0x02
    4236:	80 ec       	ldi	r24, 0xC0	; 192
    4238:	8b 83       	std	Y+3, r24	; 0x03

	LCD_enuSendCommand(Local_u8RowLocation[Copy_u8Row-1]+(Copy_u8Col-1));
    423a:	8c 81       	ldd	r24, Y+4	; 0x04
    423c:	88 2f       	mov	r24, r24
    423e:	90 e0       	ldi	r25, 0x00	; 0
    4240:	9c 01       	movw	r18, r24
    4242:	21 50       	subi	r18, 0x01	; 1
    4244:	30 40       	sbci	r19, 0x00	; 0
    4246:	ce 01       	movw	r24, r28
    4248:	02 96       	adiw	r24, 0x02	; 2
    424a:	fc 01       	movw	r30, r24
    424c:	e2 0f       	add	r30, r18
    424e:	f3 1f       	adc	r31, r19
    4250:	90 81       	ld	r25, Z
    4252:	8d 81       	ldd	r24, Y+5	; 0x05
    4254:	89 0f       	add	r24, r25
    4256:	81 50       	subi	r24, 0x01	; 1
    4258:	0e 94 f9 20 	call	0x41f2	; 0x41f2 <LCD_enuSendCommand>

	Local_enuErrorState=ES_OK;
    425c:	81 e0       	ldi	r24, 0x01	; 1
    425e:	89 83       	std	Y+1, r24	; 0x01

	return Local_enuErrorState;
    4260:	89 81       	ldd	r24, Y+1	; 0x01
}
    4262:	0f 90       	pop	r0
    4264:	0f 90       	pop	r0
    4266:	0f 90       	pop	r0
    4268:	0f 90       	pop	r0
    426a:	0f 90       	pop	r0
    426c:	cf 91       	pop	r28
    426e:	df 91       	pop	r29
    4270:	08 95       	ret

00004272 <LCD_enuDisplayNum>:

ES_t LCD_enuDisplayNum(u8 Copy_u8Num)
{
    4272:	df 93       	push	r29
    4274:	cf 93       	push	r28
    4276:	cd b7       	in	r28, 0x3d	; 61
    4278:	de b7       	in	r29, 0x3e	; 62
    427a:	28 97       	sbiw	r28, 0x08	; 8
    427c:	0f b6       	in	r0, 0x3f	; 63
    427e:	f8 94       	cli
    4280:	de bf       	out	0x3e, r29	; 62
    4282:	0f be       	out	0x3f, r0	; 63
    4284:	cd bf       	out	0x3d, r28	; 61
    4286:	88 87       	std	Y+8, r24	; 0x08
	ES_t Local_enuErrorState=ES_NOK;
    4288:	1f 82       	std	Y+7, r1	; 0x07

	if(Copy_u8Num>=0 && Copy_u8Num<=9)
    428a:	88 85       	ldd	r24, Y+8	; 0x08
    428c:	8a 30       	cpi	r24, 0x0A	; 10
    428e:	28 f4       	brcc	.+10     	; 0x429a <LCD_enuDisplayNum+0x28>
	{
		LCD_enuDisplayChar(0x30+Copy_u8Num);
    4290:	88 85       	ldd	r24, Y+8	; 0x08
    4292:	80 5d       	subi	r24, 0xD0	; 208
    4294:	0e 94 ba 20 	call	0x4174	; 0x4174 <LCD_enuDisplayChar>
    4298:	86 c0       	rjmp	.+268    	; 0x43a6 <LCD_enuDisplayNum+0x134>
	}
	else
	{
		u8 Local_u8Iterator=0;
    429a:	1e 82       	std	Y+6, r1	; 0x06
		u32 Local_u8Divisor=10;
    429c:	8a e0       	ldi	r24, 0x0A	; 10
    429e:	90 e0       	ldi	r25, 0x00	; 0
    42a0:	a0 e0       	ldi	r26, 0x00	; 0
    42a2:	b0 e0       	ldi	r27, 0x00	; 0
    42a4:	8a 83       	std	Y+2, r24	; 0x02
    42a6:	9b 83       	std	Y+3, r25	; 0x03
    42a8:	ac 83       	std	Y+4, r26	; 0x04
    42aa:	bd 83       	std	Y+5, r27	; 0x05

		while(1)
		{
			if((Copy_u8Num/Local_u8Divisor)==0)
    42ac:	88 85       	ldd	r24, Y+8	; 0x08
    42ae:	88 2f       	mov	r24, r24
    42b0:	90 e0       	ldi	r25, 0x00	; 0
    42b2:	a0 e0       	ldi	r26, 0x00	; 0
    42b4:	b0 e0       	ldi	r27, 0x00	; 0
    42b6:	2a 81       	ldd	r18, Y+2	; 0x02
    42b8:	3b 81       	ldd	r19, Y+3	; 0x03
    42ba:	4c 81       	ldd	r20, Y+4	; 0x04
    42bc:	5d 81       	ldd	r21, Y+5	; 0x05
    42be:	bc 01       	movw	r22, r24
    42c0:	cd 01       	movw	r24, r26
    42c2:	0e 94 75 26 	call	0x4cea	; 0x4cea <__udivmodsi4>
    42c6:	da 01       	movw	r26, r20
    42c8:	c9 01       	movw	r24, r18
    42ca:	00 97       	sbiw	r24, 0x00	; 0
    42cc:	a1 05       	cpc	r26, r1
    42ce:	b1 05       	cpc	r27, r1
    42d0:	09 f0       	breq	.+2      	; 0x42d4 <LCD_enuDisplayNum+0x62>
    42d2:	53 c0       	rjmp	.+166    	; 0x437a <LCD_enuDisplayNum+0x108>
			{
				for(u8 Local_u8Iter=0; Local_u8Iter<=Local_u8Iterator ;Local_u8Iter++)
    42d4:	19 82       	std	Y+1, r1	; 0x01
    42d6:	4b c0       	rjmp	.+150    	; 0x436e <LCD_enuDisplayNum+0xfc>
				{
					Local_u8Divisor=Local_u8Divisor/10;
    42d8:	8a 81       	ldd	r24, Y+2	; 0x02
    42da:	9b 81       	ldd	r25, Y+3	; 0x03
    42dc:	ac 81       	ldd	r26, Y+4	; 0x04
    42de:	bd 81       	ldd	r27, Y+5	; 0x05
    42e0:	2a e0       	ldi	r18, 0x0A	; 10
    42e2:	30 e0       	ldi	r19, 0x00	; 0
    42e4:	40 e0       	ldi	r20, 0x00	; 0
    42e6:	50 e0       	ldi	r21, 0x00	; 0
    42e8:	bc 01       	movw	r22, r24
    42ea:	cd 01       	movw	r24, r26
    42ec:	0e 94 75 26 	call	0x4cea	; 0x4cea <__udivmodsi4>
    42f0:	da 01       	movw	r26, r20
    42f2:	c9 01       	movw	r24, r18
    42f4:	8a 83       	std	Y+2, r24	; 0x02
    42f6:	9b 83       	std	Y+3, r25	; 0x03
    42f8:	ac 83       	std	Y+4, r26	; 0x04
    42fa:	bd 83       	std	Y+5, r27	; 0x05
					if((Copy_u8Num/Local_u8Divisor)>=0  && (Copy_u8Num/Local_u8Divisor)<=9 )
    42fc:	88 85       	ldd	r24, Y+8	; 0x08
    42fe:	88 2f       	mov	r24, r24
    4300:	90 e0       	ldi	r25, 0x00	; 0
    4302:	a0 e0       	ldi	r26, 0x00	; 0
    4304:	b0 e0       	ldi	r27, 0x00	; 0
    4306:	2a 81       	ldd	r18, Y+2	; 0x02
    4308:	3b 81       	ldd	r19, Y+3	; 0x03
    430a:	4c 81       	ldd	r20, Y+4	; 0x04
    430c:	5d 81       	ldd	r21, Y+5	; 0x05
    430e:	bc 01       	movw	r22, r24
    4310:	cd 01       	movw	r24, r26
    4312:	0e 94 75 26 	call	0x4cea	; 0x4cea <__udivmodsi4>
    4316:	da 01       	movw	r26, r20
    4318:	c9 01       	movw	r24, r18
    431a:	8a 30       	cpi	r24, 0x0A	; 10
    431c:	91 05       	cpc	r25, r1
    431e:	a1 05       	cpc	r26, r1
    4320:	b1 05       	cpc	r27, r1
    4322:	90 f4       	brcc	.+36     	; 0x4348 <LCD_enuDisplayNum+0xd6>
					{
						//LCD_enuDisplayChar(Array_u8Num[(Copy_u8Num/Local_u8Divisor)]);
						//LCD_enuDisplayChar('0'+(Copy_u8Num/Local_u8Divisor));
						LCD_enuDisplayChar(0x30+(Copy_u8Num/Local_u8Divisor));
    4324:	88 85       	ldd	r24, Y+8	; 0x08
    4326:	88 2f       	mov	r24, r24
    4328:	90 e0       	ldi	r25, 0x00	; 0
    432a:	a0 e0       	ldi	r26, 0x00	; 0
    432c:	b0 e0       	ldi	r27, 0x00	; 0
    432e:	2a 81       	ldd	r18, Y+2	; 0x02
    4330:	3b 81       	ldd	r19, Y+3	; 0x03
    4332:	4c 81       	ldd	r20, Y+4	; 0x04
    4334:	5d 81       	ldd	r21, Y+5	; 0x05
    4336:	bc 01       	movw	r22, r24
    4338:	cd 01       	movw	r24, r26
    433a:	0e 94 75 26 	call	0x4cea	; 0x4cea <__udivmodsi4>
    433e:	da 01       	movw	r26, r20
    4340:	c9 01       	movw	r24, r18
    4342:	80 5d       	subi	r24, 0xD0	; 208
    4344:	0e 94 ba 20 	call	0x4174	; 0x4174 <LCD_enuDisplayChar>
					}
					Copy_u8Num= Copy_u8Num % Local_u8Divisor;
    4348:	88 85       	ldd	r24, Y+8	; 0x08
    434a:	88 2f       	mov	r24, r24
    434c:	90 e0       	ldi	r25, 0x00	; 0
    434e:	a0 e0       	ldi	r26, 0x00	; 0
    4350:	b0 e0       	ldi	r27, 0x00	; 0
    4352:	2a 81       	ldd	r18, Y+2	; 0x02
    4354:	3b 81       	ldd	r19, Y+3	; 0x03
    4356:	4c 81       	ldd	r20, Y+4	; 0x04
    4358:	5d 81       	ldd	r21, Y+5	; 0x05
    435a:	bc 01       	movw	r22, r24
    435c:	cd 01       	movw	r24, r26
    435e:	0e 94 75 26 	call	0x4cea	; 0x4cea <__udivmodsi4>
    4362:	dc 01       	movw	r26, r24
    4364:	cb 01       	movw	r24, r22
    4366:	88 87       	std	Y+8, r24	; 0x08

		while(1)
		{
			if((Copy_u8Num/Local_u8Divisor)==0)
			{
				for(u8 Local_u8Iter=0; Local_u8Iter<=Local_u8Iterator ;Local_u8Iter++)
    4368:	89 81       	ldd	r24, Y+1	; 0x01
    436a:	8f 5f       	subi	r24, 0xFF	; 255
    436c:	89 83       	std	Y+1, r24	; 0x01
    436e:	99 81       	ldd	r25, Y+1	; 0x01
    4370:	8e 81       	ldd	r24, Y+6	; 0x06
    4372:	89 17       	cp	r24, r25
    4374:	08 f0       	brcs	.+2      	; 0x4378 <LCD_enuDisplayNum+0x106>
    4376:	b0 cf       	rjmp	.-160    	; 0x42d8 <LCD_enuDisplayNum+0x66>
    4378:	16 c0       	rjmp	.+44     	; 0x43a6 <LCD_enuDisplayNum+0x134>
				}
				break;
			}
			else
			{
				Local_u8Divisor=Local_u8Divisor*10;
    437a:	8a 81       	ldd	r24, Y+2	; 0x02
    437c:	9b 81       	ldd	r25, Y+3	; 0x03
    437e:	ac 81       	ldd	r26, Y+4	; 0x04
    4380:	bd 81       	ldd	r27, Y+5	; 0x05
    4382:	2a e0       	ldi	r18, 0x0A	; 10
    4384:	30 e0       	ldi	r19, 0x00	; 0
    4386:	40 e0       	ldi	r20, 0x00	; 0
    4388:	50 e0       	ldi	r21, 0x00	; 0
    438a:	bc 01       	movw	r22, r24
    438c:	cd 01       	movw	r24, r26
    438e:	0e 94 56 26 	call	0x4cac	; 0x4cac <__mulsi3>
    4392:	dc 01       	movw	r26, r24
    4394:	cb 01       	movw	r24, r22
    4396:	8a 83       	std	Y+2, r24	; 0x02
    4398:	9b 83       	std	Y+3, r25	; 0x03
    439a:	ac 83       	std	Y+4, r26	; 0x04
    439c:	bd 83       	std	Y+5, r27	; 0x05
				Local_u8Iterator++;
    439e:	8e 81       	ldd	r24, Y+6	; 0x06
    43a0:	8f 5f       	subi	r24, 0xFF	; 255
    43a2:	8e 83       	std	Y+6, r24	; 0x06
    43a4:	83 cf       	rjmp	.-250    	; 0x42ac <LCD_enuDisplayNum+0x3a>
			}
		}
	}

		Local_enuErrorState=ES_OK;
    43a6:	81 e0       	ldi	r24, 0x01	; 1
    43a8:	8f 83       	std	Y+7, r24	; 0x07

		return Local_enuErrorState;
    43aa:	8f 81       	ldd	r24, Y+7	; 0x07
}
    43ac:	28 96       	adiw	r28, 0x08	; 8
    43ae:	0f b6       	in	r0, 0x3f	; 63
    43b0:	f8 94       	cli
    43b2:	de bf       	out	0x3e, r29	; 62
    43b4:	0f be       	out	0x3f, r0	; 63
    43b6:	cd bf       	out	0x3d, r28	; 61
    43b8:	cf 91       	pop	r28
    43ba:	df 91       	pop	r29
    43bc:	08 95       	ret

000043be <LCD_enuSendSpecialNumber>:

ES_t LCD_enuSendSpecialNumber(u32 Copy_u32Number)
{
    43be:	df 93       	push	r29
    43c0:	cf 93       	push	r28
    43c2:	cd b7       	in	r28, 0x3d	; 61
    43c4:	de b7       	in	r29, 0x3e	; 62
    43c6:	2f 97       	sbiw	r28, 0x0f	; 15
    43c8:	0f b6       	in	r0, 0x3f	; 63
    43ca:	f8 94       	cli
    43cc:	de bf       	out	0x3e, r29	; 62
    43ce:	0f be       	out	0x3f, r0	; 63
    43d0:	cd bf       	out	0x3d, r28	; 61
    43d2:	6c 87       	std	Y+12, r22	; 0x0c
    43d4:	7d 87       	std	Y+13, r23	; 0x0d
    43d6:	8e 87       	std	Y+14, r24	; 0x0e
    43d8:	9f 87       	std	Y+15, r25	; 0x0f
	ES_t error_enuState = ES_NOK;
    43da:	1b 86       	std	Y+11, r1	; 0x0b

	u8 Local_u8Iteration , Local_u8NumOfDigits=LCD_ZERO;
    43dc:	19 86       	std	Y+9, r1	; 0x09
	u32 Local_u32Reminder , Local_u8PowerTen ;
	Local_u32Reminder=Copy_u32Number;
    43de:	8c 85       	ldd	r24, Y+12	; 0x0c
    43e0:	9d 85       	ldd	r25, Y+13	; 0x0d
    43e2:	ae 85       	ldd	r26, Y+14	; 0x0e
    43e4:	bf 85       	ldd	r27, Y+15	; 0x0f
    43e6:	8d 83       	std	Y+5, r24	; 0x05
    43e8:	9e 83       	std	Y+6, r25	; 0x06
    43ea:	af 83       	std	Y+7, r26	; 0x07
    43ec:	b8 87       	std	Y+8, r27	; 0x08

	for (Local_u8Iteration = LCD_ONE ;  ; Local_u8Iteration++)
    43ee:	81 e0       	ldi	r24, 0x01	; 1
    43f0:	8a 87       	std	Y+10, r24	; 0x0a
	{
		Copy_u32Number=Local_u32Reminder;
    43f2:	8d 81       	ldd	r24, Y+5	; 0x05
    43f4:	9e 81       	ldd	r25, Y+6	; 0x06
    43f6:	af 81       	ldd	r26, Y+7	; 0x07
    43f8:	b8 85       	ldd	r27, Y+8	; 0x08
    43fa:	8c 87       	std	Y+12, r24	; 0x0c
    43fc:	9d 87       	std	Y+13, r25	; 0x0d
    43fe:	ae 87       	std	Y+14, r26	; 0x0e
    4400:	bf 87       	std	Y+15, r27	; 0x0f
		Local_u8PowerTen=POWER_u32PowerNumbers( LCD_TEN , Local_u8Iteration);
    4402:	6a e0       	ldi	r22, 0x0A	; 10
    4404:	70 e0       	ldi	r23, 0x00	; 0
    4406:	80 e0       	ldi	r24, 0x00	; 0
    4408:	90 e0       	ldi	r25, 0x00	; 0
    440a:	4a 85       	ldd	r20, Y+10	; 0x0a
    440c:	0e 94 84 22 	call	0x4508	; 0x4508 <POWER_u32PowerNumbers>
    4410:	dc 01       	movw	r26, r24
    4412:	cb 01       	movw	r24, r22
    4414:	89 83       	std	Y+1, r24	; 0x01
    4416:	9a 83       	std	Y+2, r25	; 0x02
    4418:	ab 83       	std	Y+3, r26	; 0x03
    441a:	bc 83       	std	Y+4, r27	; 0x04
		Copy_u32Number /= Local_u8PowerTen;
    441c:	8c 85       	ldd	r24, Y+12	; 0x0c
    441e:	9d 85       	ldd	r25, Y+13	; 0x0d
    4420:	ae 85       	ldd	r26, Y+14	; 0x0e
    4422:	bf 85       	ldd	r27, Y+15	; 0x0f
    4424:	29 81       	ldd	r18, Y+1	; 0x01
    4426:	3a 81       	ldd	r19, Y+2	; 0x02
    4428:	4b 81       	ldd	r20, Y+3	; 0x03
    442a:	5c 81       	ldd	r21, Y+4	; 0x04
    442c:	bc 01       	movw	r22, r24
    442e:	cd 01       	movw	r24, r26
    4430:	0e 94 75 26 	call	0x4cea	; 0x4cea <__udivmodsi4>
    4434:	da 01       	movw	r26, r20
    4436:	c9 01       	movw	r24, r18
    4438:	8c 87       	std	Y+12, r24	; 0x0c
    443a:	9d 87       	std	Y+13, r25	; 0x0d
    443c:	ae 87       	std	Y+14, r26	; 0x0e
    443e:	bf 87       	std	Y+15, r27	; 0x0f

		if (! (Copy_u32Number))
    4440:	8c 85       	ldd	r24, Y+12	; 0x0c
    4442:	9d 85       	ldd	r25, Y+13	; 0x0d
    4444:	ae 85       	ldd	r26, Y+14	; 0x0e
    4446:	bf 85       	ldd	r27, Y+15	; 0x0f
    4448:	00 97       	sbiw	r24, 0x00	; 0
    444a:	a1 05       	cpc	r26, r1
    444c:	b1 05       	cpc	r27, r1
    444e:	29 f4       	brne	.+10     	; 0x445a <LCD_enuSendSpecialNumber+0x9c>
		{
			Local_u8NumOfDigits=Local_u8Iteration;
    4450:	8a 85       	ldd	r24, Y+10	; 0x0a
    4452:	89 87       	std	Y+9, r24	; 0x09
			break;
		}
	}

	for (Local_u8Iteration = Local_u8NumOfDigits ; Local_u8Iteration > LCD_ZERO ;Local_u8Iteration--)
    4454:	89 85       	ldd	r24, Y+9	; 0x09
    4456:	8a 87       	std	Y+10, r24	; 0x0a
    4458:	47 c0       	rjmp	.+142    	; 0x44e8 <LCD_enuSendSpecialNumber+0x12a>

	u8 Local_u8Iteration , Local_u8NumOfDigits=LCD_ZERO;
	u32 Local_u32Reminder , Local_u8PowerTen ;
	Local_u32Reminder=Copy_u32Number;

	for (Local_u8Iteration = LCD_ONE ;  ; Local_u8Iteration++)
    445a:	8a 85       	ldd	r24, Y+10	; 0x0a
    445c:	8f 5f       	subi	r24, 0xFF	; 255
    445e:	8a 87       	std	Y+10, r24	; 0x0a
    4460:	c8 cf       	rjmp	.-112    	; 0x43f2 <LCD_enuSendSpecialNumber+0x34>
		}
	}

	for (Local_u8Iteration = Local_u8NumOfDigits ; Local_u8Iteration > LCD_ZERO ;Local_u8Iteration--)
	{
		Copy_u32Number=Local_u32Reminder;
    4462:	8d 81       	ldd	r24, Y+5	; 0x05
    4464:	9e 81       	ldd	r25, Y+6	; 0x06
    4466:	af 81       	ldd	r26, Y+7	; 0x07
    4468:	b8 85       	ldd	r27, Y+8	; 0x08
    446a:	8c 87       	std	Y+12, r24	; 0x0c
    446c:	9d 87       	std	Y+13, r25	; 0x0d
    446e:	ae 87       	std	Y+14, r26	; 0x0e
    4470:	bf 87       	std	Y+15, r27	; 0x0f
		Local_u8PowerTen=POWER_u32PowerNumbers( LCD_TEN , Local_u8Iteration - LCD_ONE);
    4472:	8a 85       	ldd	r24, Y+10	; 0x0a
    4474:	28 2f       	mov	r18, r24
    4476:	21 50       	subi	r18, 0x01	; 1
    4478:	6a e0       	ldi	r22, 0x0A	; 10
    447a:	70 e0       	ldi	r23, 0x00	; 0
    447c:	80 e0       	ldi	r24, 0x00	; 0
    447e:	90 e0       	ldi	r25, 0x00	; 0
    4480:	42 2f       	mov	r20, r18
    4482:	0e 94 84 22 	call	0x4508	; 0x4508 <POWER_u32PowerNumbers>
    4486:	dc 01       	movw	r26, r24
    4488:	cb 01       	movw	r24, r22
    448a:	89 83       	std	Y+1, r24	; 0x01
    448c:	9a 83       	std	Y+2, r25	; 0x02
    448e:	ab 83       	std	Y+3, r26	; 0x03
    4490:	bc 83       	std	Y+4, r27	; 0x04

		Local_u32Reminder  %= Local_u8PowerTen;
    4492:	8d 81       	ldd	r24, Y+5	; 0x05
    4494:	9e 81       	ldd	r25, Y+6	; 0x06
    4496:	af 81       	ldd	r26, Y+7	; 0x07
    4498:	b8 85       	ldd	r27, Y+8	; 0x08
    449a:	29 81       	ldd	r18, Y+1	; 0x01
    449c:	3a 81       	ldd	r19, Y+2	; 0x02
    449e:	4b 81       	ldd	r20, Y+3	; 0x03
    44a0:	5c 81       	ldd	r21, Y+4	; 0x04
    44a2:	bc 01       	movw	r22, r24
    44a4:	cd 01       	movw	r24, r26
    44a6:	0e 94 75 26 	call	0x4cea	; 0x4cea <__udivmodsi4>
    44aa:	dc 01       	movw	r26, r24
    44ac:	cb 01       	movw	r24, r22
    44ae:	8d 83       	std	Y+5, r24	; 0x05
    44b0:	9e 83       	std	Y+6, r25	; 0x06
    44b2:	af 83       	std	Y+7, r26	; 0x07
    44b4:	b8 87       	std	Y+8, r27	; 0x08

		Copy_u32Number /= (Local_u8PowerTen);
    44b6:	8c 85       	ldd	r24, Y+12	; 0x0c
    44b8:	9d 85       	ldd	r25, Y+13	; 0x0d
    44ba:	ae 85       	ldd	r26, Y+14	; 0x0e
    44bc:	bf 85       	ldd	r27, Y+15	; 0x0f
    44be:	29 81       	ldd	r18, Y+1	; 0x01
    44c0:	3a 81       	ldd	r19, Y+2	; 0x02
    44c2:	4b 81       	ldd	r20, Y+3	; 0x03
    44c4:	5c 81       	ldd	r21, Y+4	; 0x04
    44c6:	bc 01       	movw	r22, r24
    44c8:	cd 01       	movw	r24, r26
    44ca:	0e 94 75 26 	call	0x4cea	; 0x4cea <__udivmodsi4>
    44ce:	da 01       	movw	r26, r20
    44d0:	c9 01       	movw	r24, r18
    44d2:	8c 87       	std	Y+12, r24	; 0x0c
    44d4:	9d 87       	std	Y+13, r25	; 0x0d
    44d6:	ae 87       	std	Y+14, r26	; 0x0e
    44d8:	bf 87       	std	Y+15, r27	; 0x0f

		LCD_enuDisplayChar(Copy_u32Number+'0');
    44da:	8c 85       	ldd	r24, Y+12	; 0x0c
    44dc:	80 5d       	subi	r24, 0xD0	; 208
    44de:	0e 94 ba 20 	call	0x4174	; 0x4174 <LCD_enuDisplayChar>
			Local_u8NumOfDigits=Local_u8Iteration;
			break;
		}
	}

	for (Local_u8Iteration = Local_u8NumOfDigits ; Local_u8Iteration > LCD_ZERO ;Local_u8Iteration--)
    44e2:	8a 85       	ldd	r24, Y+10	; 0x0a
    44e4:	81 50       	subi	r24, 0x01	; 1
    44e6:	8a 87       	std	Y+10, r24	; 0x0a
    44e8:	8a 85       	ldd	r24, Y+10	; 0x0a
    44ea:	88 23       	and	r24, r24
    44ec:	09 f0       	breq	.+2      	; 0x44f0 <LCD_enuSendSpecialNumber+0x132>
    44ee:	b9 cf       	rjmp	.-142    	; 0x4462 <LCD_enuSendSpecialNumber+0xa4>

		Copy_u32Number /= (Local_u8PowerTen);

		LCD_enuDisplayChar(Copy_u32Number+'0');
	}
	error_enuState = ES_OK;
    44f0:	81 e0       	ldi	r24, 0x01	; 1
    44f2:	8b 87       	std	Y+11, r24	; 0x0b

	return error_enuState;
    44f4:	8b 85       	ldd	r24, Y+11	; 0x0b
}
    44f6:	2f 96       	adiw	r28, 0x0f	; 15
    44f8:	0f b6       	in	r0, 0x3f	; 63
    44fa:	f8 94       	cli
    44fc:	de bf       	out	0x3e, r29	; 62
    44fe:	0f be       	out	0x3f, r0	; 63
    4500:	cd bf       	out	0x3d, r28	; 61
    4502:	cf 91       	pop	r28
    4504:	df 91       	pop	r29
    4506:	08 95       	ret

00004508 <POWER_u32PowerNumbers>:

u32 POWER_u32PowerNumbers(u32 Copy_u32Number , u8 Copy_u8Power)
{
    4508:	df 93       	push	r29
    450a:	cf 93       	push	r28
    450c:	cd b7       	in	r28, 0x3d	; 61
    450e:	de b7       	in	r29, 0x3e	; 62
    4510:	2a 97       	sbiw	r28, 0x0a	; 10
    4512:	0f b6       	in	r0, 0x3f	; 63
    4514:	f8 94       	cli
    4516:	de bf       	out	0x3e, r29	; 62
    4518:	0f be       	out	0x3f, r0	; 63
    451a:	cd bf       	out	0x3d, r28	; 61
    451c:	6e 83       	std	Y+6, r22	; 0x06
    451e:	7f 83       	std	Y+7, r23	; 0x07
    4520:	88 87       	std	Y+8, r24	; 0x08
    4522:	99 87       	std	Y+9, r25	; 0x09
    4524:	4a 87       	std	Y+10, r20	; 0x0a
	u32 Local_u32Result = LCD_ONE ;
    4526:	81 e0       	ldi	r24, 0x01	; 1
    4528:	90 e0       	ldi	r25, 0x00	; 0
    452a:	a0 e0       	ldi	r26, 0x00	; 0
    452c:	b0 e0       	ldi	r27, 0x00	; 0
    452e:	8a 83       	std	Y+2, r24	; 0x02
    4530:	9b 83       	std	Y+3, r25	; 0x03
    4532:	ac 83       	std	Y+4, r26	; 0x04
    4534:	bd 83       	std	Y+5, r27	; 0x05
	u8 Local_u8Iteration ;

	for (Local_u8Iteration = LCD_ONE ; Local_u8Iteration <= Copy_u8Power ; Local_u8Iteration++)
    4536:	81 e0       	ldi	r24, 0x01	; 1
    4538:	89 83       	std	Y+1, r24	; 0x01
    453a:	15 c0       	rjmp	.+42     	; 0x4566 <POWER_u32PowerNumbers+0x5e>
	{
		Local_u32Result *=Copy_u32Number ;
    453c:	8a 81       	ldd	r24, Y+2	; 0x02
    453e:	9b 81       	ldd	r25, Y+3	; 0x03
    4540:	ac 81       	ldd	r26, Y+4	; 0x04
    4542:	bd 81       	ldd	r27, Y+5	; 0x05
    4544:	2e 81       	ldd	r18, Y+6	; 0x06
    4546:	3f 81       	ldd	r19, Y+7	; 0x07
    4548:	48 85       	ldd	r20, Y+8	; 0x08
    454a:	59 85       	ldd	r21, Y+9	; 0x09
    454c:	bc 01       	movw	r22, r24
    454e:	cd 01       	movw	r24, r26
    4550:	0e 94 56 26 	call	0x4cac	; 0x4cac <__mulsi3>
    4554:	dc 01       	movw	r26, r24
    4556:	cb 01       	movw	r24, r22
    4558:	8a 83       	std	Y+2, r24	; 0x02
    455a:	9b 83       	std	Y+3, r25	; 0x03
    455c:	ac 83       	std	Y+4, r26	; 0x04
    455e:	bd 83       	std	Y+5, r27	; 0x05
u32 POWER_u32PowerNumbers(u32 Copy_u32Number , u8 Copy_u8Power)
{
	u32 Local_u32Result = LCD_ONE ;
	u8 Local_u8Iteration ;

	for (Local_u8Iteration = LCD_ONE ; Local_u8Iteration <= Copy_u8Power ; Local_u8Iteration++)
    4560:	89 81       	ldd	r24, Y+1	; 0x01
    4562:	8f 5f       	subi	r24, 0xFF	; 255
    4564:	89 83       	std	Y+1, r24	; 0x01
    4566:	99 81       	ldd	r25, Y+1	; 0x01
    4568:	8a 85       	ldd	r24, Y+10	; 0x0a
    456a:	89 17       	cp	r24, r25
    456c:	38 f7       	brcc	.-50     	; 0x453c <POWER_u32PowerNumbers+0x34>
	{
		Local_u32Result *=Copy_u32Number ;
	}

	return Local_u32Result ;
    456e:	8a 81       	ldd	r24, Y+2	; 0x02
    4570:	9b 81       	ldd	r25, Y+3	; 0x03
    4572:	ac 81       	ldd	r26, Y+4	; 0x04
    4574:	bd 81       	ldd	r27, Y+5	; 0x05
}
    4576:	bc 01       	movw	r22, r24
    4578:	cd 01       	movw	r24, r26
    457a:	2a 96       	adiw	r28, 0x0a	; 10
    457c:	0f b6       	in	r0, 0x3f	; 63
    457e:	f8 94       	cli
    4580:	de bf       	out	0x3e, r29	; 62
    4582:	0f be       	out	0x3f, r0	; 63
    4584:	cd bf       	out	0x3d, r28	; 61
    4586:	cf 91       	pop	r28
    4588:	df 91       	pop	r29
    458a:	08 95       	ret

0000458c <LCD_vidLatch>:


static void LCD_vidLatch(u8 Copy_u8Data)
{
    458c:	df 93       	push	r29
    458e:	cf 93       	push	r28
    4590:	cd b7       	in	r28, 0x3d	; 61
    4592:	de b7       	in	r29, 0x3e	; 62
    4594:	6d 97       	sbiw	r28, 0x1d	; 29
    4596:	0f b6       	in	r0, 0x3f	; 63
    4598:	f8 94       	cli
    459a:	de bf       	out	0x3e, r29	; 62
    459c:	0f be       	out	0x3f, r0	; 63
    459e:	cd bf       	out	0x3d, r28	; 61
    45a0:	8d 8f       	std	Y+29, r24	; 0x1d
	//set EN as low
		DIO_enuSetPinValue(EN_PORT,EN_PIN,DIO_u8LOW);
    45a2:	83 e0       	ldi	r24, 0x03	; 3
    45a4:	63 e0       	ldi	r22, 0x03	; 3
    45a6:	40 e0       	ldi	r20, 0x00	; 0
    45a8:	0e 94 17 18 	call	0x302e	; 0x302e <DIO_enuSetPinValue>
		//set RW as write operation
		DIO_enuSetPinValue(RW_PORT,RW_PIN,DIO_u8LOW);
    45ac:	83 e0       	ldi	r24, 0x03	; 3
    45ae:	61 e0       	ldi	r22, 0x01	; 1
    45b0:	40 e0       	ldi	r20, 0x00	; 0
    45b2:	0e 94 17 18 	call	0x302e	; 0x302e <DIO_enuSetPinValue>
		//write data
		DIO_enuSetPinValue(D7_PORT,D7_PIN,((Copy_u8Data>>7)&LCD_MASK_BIT));
    45b6:	8d 8d       	ldd	r24, Y+29	; 0x1d
    45b8:	98 2f       	mov	r25, r24
    45ba:	99 1f       	adc	r25, r25
    45bc:	99 27       	eor	r25, r25
    45be:	99 1f       	adc	r25, r25
    45c0:	82 e0       	ldi	r24, 0x02	; 2
    45c2:	67 e0       	ldi	r22, 0x07	; 7
    45c4:	49 2f       	mov	r20, r25
    45c6:	0e 94 17 18 	call	0x302e	; 0x302e <DIO_enuSetPinValue>
		DIO_enuSetPinValue(D6_PORT,D6_PIN,((Copy_u8Data>>6)&LCD_MASK_BIT));
    45ca:	8d 8d       	ldd	r24, Y+29	; 0x1d
    45cc:	82 95       	swap	r24
    45ce:	86 95       	lsr	r24
    45d0:	86 95       	lsr	r24
    45d2:	83 70       	andi	r24, 0x03	; 3
    45d4:	98 2f       	mov	r25, r24
    45d6:	91 70       	andi	r25, 0x01	; 1
    45d8:	82 e0       	ldi	r24, 0x02	; 2
    45da:	66 e0       	ldi	r22, 0x06	; 6
    45dc:	49 2f       	mov	r20, r25
    45de:	0e 94 17 18 	call	0x302e	; 0x302e <DIO_enuSetPinValue>
		DIO_enuSetPinValue(D5_PORT,D5_PIN,((Copy_u8Data>>5)&LCD_MASK_BIT));
    45e2:	8d 8d       	ldd	r24, Y+29	; 0x1d
    45e4:	82 95       	swap	r24
    45e6:	86 95       	lsr	r24
    45e8:	87 70       	andi	r24, 0x07	; 7
    45ea:	98 2f       	mov	r25, r24
    45ec:	91 70       	andi	r25, 0x01	; 1
    45ee:	82 e0       	ldi	r24, 0x02	; 2
    45f0:	65 e0       	ldi	r22, 0x05	; 5
    45f2:	49 2f       	mov	r20, r25
    45f4:	0e 94 17 18 	call	0x302e	; 0x302e <DIO_enuSetPinValue>
		DIO_enuSetPinValue(D4_PORT,D4_PIN,((Copy_u8Data>>4)&LCD_MASK_BIT));
    45f8:	8d 8d       	ldd	r24, Y+29	; 0x1d
    45fa:	82 95       	swap	r24
    45fc:	8f 70       	andi	r24, 0x0F	; 15
    45fe:	98 2f       	mov	r25, r24
    4600:	91 70       	andi	r25, 0x01	; 1
    4602:	82 e0       	ldi	r24, 0x02	; 2
    4604:	64 e0       	ldi	r22, 0x04	; 4
    4606:	49 2f       	mov	r20, r25
    4608:	0e 94 17 18 	call	0x302e	; 0x302e <DIO_enuSetPinValue>
#if LCD_MODE==EIGHT_BIT
		DIO_enuSetPinValue(D3_PORT,D3_PIN,((Copy_u8Data>>3)&LCD_MASK_BIT));
    460c:	8d 8d       	ldd	r24, Y+29	; 0x1d
    460e:	86 95       	lsr	r24
    4610:	86 95       	lsr	r24
    4612:	86 95       	lsr	r24
    4614:	98 2f       	mov	r25, r24
    4616:	91 70       	andi	r25, 0x01	; 1
    4618:	82 e0       	ldi	r24, 0x02	; 2
    461a:	63 e0       	ldi	r22, 0x03	; 3
    461c:	49 2f       	mov	r20, r25
    461e:	0e 94 17 18 	call	0x302e	; 0x302e <DIO_enuSetPinValue>
		DIO_enuSetPinValue(D2_PORT,D2_PIN,((Copy_u8Data>>2)&LCD_MASK_BIT));
    4622:	8d 8d       	ldd	r24, Y+29	; 0x1d
    4624:	86 95       	lsr	r24
    4626:	86 95       	lsr	r24
    4628:	98 2f       	mov	r25, r24
    462a:	91 70       	andi	r25, 0x01	; 1
    462c:	82 e0       	ldi	r24, 0x02	; 2
    462e:	62 e0       	ldi	r22, 0x02	; 2
    4630:	49 2f       	mov	r20, r25
    4632:	0e 94 17 18 	call	0x302e	; 0x302e <DIO_enuSetPinValue>
		DIO_enuSetPinValue(D1_PORT,D1_PIN,((Copy_u8Data>>1)&LCD_MASK_BIT));
    4636:	8d 8d       	ldd	r24, Y+29	; 0x1d
    4638:	86 95       	lsr	r24
    463a:	98 2f       	mov	r25, r24
    463c:	91 70       	andi	r25, 0x01	; 1
    463e:	82 e0       	ldi	r24, 0x02	; 2
    4640:	61 e0       	ldi	r22, 0x01	; 1
    4642:	49 2f       	mov	r20, r25
    4644:	0e 94 17 18 	call	0x302e	; 0x302e <DIO_enuSetPinValue>
		DIO_enuSetPinValue(D0_PORT,D0_PIN,((Copy_u8Data>>0)&LCD_MASK_BIT));
    4648:	8d 8d       	ldd	r24, Y+29	; 0x1d
    464a:	98 2f       	mov	r25, r24
    464c:	91 70       	andi	r25, 0x01	; 1
    464e:	82 e0       	ldi	r24, 0x02	; 2
    4650:	60 e0       	ldi	r22, 0x00	; 0
    4652:	49 2f       	mov	r20, r25
    4654:	0e 94 17 18 	call	0x302e	; 0x302e <DIO_enuSetPinValue>
#else
#error"your LCD_MODE has a wrong selection"
#endif

		//enable latch
		DIO_enuSetPinValue(EN_PORT,EN_PIN,DIO_u8HIGH);
    4658:	83 e0       	ldi	r24, 0x03	; 3
    465a:	63 e0       	ldi	r22, 0x03	; 3
    465c:	41 e0       	ldi	r20, 0x01	; 1
    465e:	0e 94 17 18 	call	0x302e	; 0x302e <DIO_enuSetPinValue>
    4662:	80 e0       	ldi	r24, 0x00	; 0
    4664:	90 e0       	ldi	r25, 0x00	; 0
    4666:	a0 e2       	ldi	r26, 0x20	; 32
    4668:	b1 e4       	ldi	r27, 0x41	; 65
    466a:	89 8f       	std	Y+25, r24	; 0x19
    466c:	9a 8f       	std	Y+26, r25	; 0x1a
    466e:	ab 8f       	std	Y+27, r26	; 0x1b
    4670:	bc 8f       	std	Y+28, r27	; 0x1c
 */
void
_delay_ms(double __ms)
{
	uint16_t __ticks;
	double __tmp = ((F_CPU) / 4e3) * __ms;
    4672:	69 8d       	ldd	r22, Y+25	; 0x19
    4674:	7a 8d       	ldd	r23, Y+26	; 0x1a
    4676:	8b 8d       	ldd	r24, Y+27	; 0x1b
    4678:	9c 8d       	ldd	r25, Y+28	; 0x1c
    467a:	20 e0       	ldi	r18, 0x00	; 0
    467c:	30 e0       	ldi	r19, 0x00	; 0
    467e:	4a e7       	ldi	r20, 0x7A	; 122
    4680:	53 e4       	ldi	r21, 0x43	; 67
    4682:	0e 94 1f 02 	call	0x43e	; 0x43e <__mulsf3>
    4686:	dc 01       	movw	r26, r24
    4688:	cb 01       	movw	r24, r22
    468a:	8d 8b       	std	Y+21, r24	; 0x15
    468c:	9e 8b       	std	Y+22, r25	; 0x16
    468e:	af 8b       	std	Y+23, r26	; 0x17
    4690:	b8 8f       	std	Y+24, r27	; 0x18
	if (__tmp < 1.0)
    4692:	6d 89       	ldd	r22, Y+21	; 0x15
    4694:	7e 89       	ldd	r23, Y+22	; 0x16
    4696:	8f 89       	ldd	r24, Y+23	; 0x17
    4698:	98 8d       	ldd	r25, Y+24	; 0x18
    469a:	20 e0       	ldi	r18, 0x00	; 0
    469c:	30 e0       	ldi	r19, 0x00	; 0
    469e:	40 e8       	ldi	r20, 0x80	; 128
    46a0:	5f e3       	ldi	r21, 0x3F	; 63
    46a2:	0e 94 55 04 	call	0x8aa	; 0x8aa <__ltsf2>
    46a6:	88 23       	and	r24, r24
    46a8:	2c f4       	brge	.+10     	; 0x46b4 <LCD_vidLatch+0x128>
		__ticks = 1;
    46aa:	81 e0       	ldi	r24, 0x01	; 1
    46ac:	90 e0       	ldi	r25, 0x00	; 0
    46ae:	9c 8b       	std	Y+20, r25	; 0x14
    46b0:	8b 8b       	std	Y+19, r24	; 0x13
    46b2:	3f c0       	rjmp	.+126    	; 0x4732 <LCD_vidLatch+0x1a6>
	else if (__tmp > 65535)
    46b4:	6d 89       	ldd	r22, Y+21	; 0x15
    46b6:	7e 89       	ldd	r23, Y+22	; 0x16
    46b8:	8f 89       	ldd	r24, Y+23	; 0x17
    46ba:	98 8d       	ldd	r25, Y+24	; 0x18
    46bc:	20 e0       	ldi	r18, 0x00	; 0
    46be:	3f ef       	ldi	r19, 0xFF	; 255
    46c0:	4f e7       	ldi	r20, 0x7F	; 127
    46c2:	57 e4       	ldi	r21, 0x47	; 71
    46c4:	0e 94 f5 03 	call	0x7ea	; 0x7ea <__gtsf2>
    46c8:	18 16       	cp	r1, r24
    46ca:	4c f5       	brge	.+82     	; 0x471e <LCD_vidLatch+0x192>
	{
		//	__ticks = requested delay in 1/10 ms
		__ticks = (uint16_t) (__ms * 10.0);
    46cc:	69 8d       	ldd	r22, Y+25	; 0x19
    46ce:	7a 8d       	ldd	r23, Y+26	; 0x1a
    46d0:	8b 8d       	ldd	r24, Y+27	; 0x1b
    46d2:	9c 8d       	ldd	r25, Y+28	; 0x1c
    46d4:	20 e0       	ldi	r18, 0x00	; 0
    46d6:	30 e0       	ldi	r19, 0x00	; 0
    46d8:	40 e2       	ldi	r20, 0x20	; 32
    46da:	51 e4       	ldi	r21, 0x41	; 65
    46dc:	0e 94 1f 02 	call	0x43e	; 0x43e <__mulsf3>
    46e0:	dc 01       	movw	r26, r24
    46e2:	cb 01       	movw	r24, r22
    46e4:	bc 01       	movw	r22, r24
    46e6:	cd 01       	movw	r24, r26
    46e8:	0e 94 49 00 	call	0x92	; 0x92 <__fixunssfsi>
    46ec:	dc 01       	movw	r26, r24
    46ee:	cb 01       	movw	r24, r22
    46f0:	9c 8b       	std	Y+20, r25	; 0x14
    46f2:	8b 8b       	std	Y+19, r24	; 0x13
    46f4:	0f c0       	rjmp	.+30     	; 0x4714 <LCD_vidLatch+0x188>
    46f6:	89 e1       	ldi	r24, 0x19	; 25
    46f8:	90 e0       	ldi	r25, 0x00	; 0
    46fa:	9a 8b       	std	Y+18, r25	; 0x12
    46fc:	89 8b       	std	Y+17, r24	; 0x11
    46fe:	89 89       	ldd	r24, Y+17	; 0x11
    4700:	9a 89       	ldd	r25, Y+18	; 0x12
    4702:	01 97       	sbiw	r24, 0x01	; 1
    4704:	f1 f7       	brne	.-4      	; 0x4702 <LCD_vidLatch+0x176>
    4706:	9a 8b       	std	Y+18, r25	; 0x12
    4708:	89 8b       	std	Y+17, r24	; 0x11
		while(__ticks)
		{
			// wait 1/10 ms
			_delay_loop_2(((F_CPU) / 4e3) / 10);
			__ticks --;
    470a:	8b 89       	ldd	r24, Y+19	; 0x13
    470c:	9c 89       	ldd	r25, Y+20	; 0x14
    470e:	01 97       	sbiw	r24, 0x01	; 1
    4710:	9c 8b       	std	Y+20, r25	; 0x14
    4712:	8b 8b       	std	Y+19, r24	; 0x13
		__ticks = 1;
	else if (__tmp > 65535)
	{
		//	__ticks = requested delay in 1/10 ms
		__ticks = (uint16_t) (__ms * 10.0);
		while(__ticks)
    4714:	8b 89       	ldd	r24, Y+19	; 0x13
    4716:	9c 89       	ldd	r25, Y+20	; 0x14
    4718:	00 97       	sbiw	r24, 0x00	; 0
    471a:	69 f7       	brne	.-38     	; 0x46f6 <LCD_vidLatch+0x16a>
    471c:	14 c0       	rjmp	.+40     	; 0x4746 <LCD_vidLatch+0x1ba>
			__ticks --;
		}
		return;
	}
	else
		__ticks = (uint16_t)__tmp;
    471e:	6d 89       	ldd	r22, Y+21	; 0x15
    4720:	7e 89       	ldd	r23, Y+22	; 0x16
    4722:	8f 89       	ldd	r24, Y+23	; 0x17
    4724:	98 8d       	ldd	r25, Y+24	; 0x18
    4726:	0e 94 49 00 	call	0x92	; 0x92 <__fixunssfsi>
    472a:	dc 01       	movw	r26, r24
    472c:	cb 01       	movw	r24, r22
    472e:	9c 8b       	std	Y+20, r25	; 0x14
    4730:	8b 8b       	std	Y+19, r24	; 0x13
    4732:	8b 89       	ldd	r24, Y+19	; 0x13
    4734:	9c 89       	ldd	r25, Y+20	; 0x14
    4736:	98 8b       	std	Y+16, r25	; 0x10
    4738:	8f 87       	std	Y+15, r24	; 0x0f
    473a:	8f 85       	ldd	r24, Y+15	; 0x0f
    473c:	98 89       	ldd	r25, Y+16	; 0x10
    473e:	01 97       	sbiw	r24, 0x01	; 1
    4740:	f1 f7       	brne	.-4      	; 0x473e <LCD_vidLatch+0x1b2>
    4742:	98 8b       	std	Y+16, r25	; 0x10
    4744:	8f 87       	std	Y+15, r24	; 0x0f
		_delay_ms(10);
		DIO_enuSetPinValue(EN_PORT,EN_PIN,DIO_u8LOW);
    4746:	83 e0       	ldi	r24, 0x03	; 3
    4748:	63 e0       	ldi	r22, 0x03	; 3
    474a:	40 e0       	ldi	r20, 0x00	; 0
    474c:	0e 94 17 18 	call	0x302e	; 0x302e <DIO_enuSetPinValue>
    4750:	80 e0       	ldi	r24, 0x00	; 0
    4752:	90 e0       	ldi	r25, 0x00	; 0
    4754:	a0 e2       	ldi	r26, 0x20	; 32
    4756:	b1 e4       	ldi	r27, 0x41	; 65
    4758:	8b 87       	std	Y+11, r24	; 0x0b
    475a:	9c 87       	std	Y+12, r25	; 0x0c
    475c:	ad 87       	std	Y+13, r26	; 0x0d
    475e:	be 87       	std	Y+14, r27	; 0x0e
 */
void
_delay_ms(double __ms)
{
	uint16_t __ticks;
	double __tmp = ((F_CPU) / 4e3) * __ms;
    4760:	6b 85       	ldd	r22, Y+11	; 0x0b
    4762:	7c 85       	ldd	r23, Y+12	; 0x0c
    4764:	8d 85       	ldd	r24, Y+13	; 0x0d
    4766:	9e 85       	ldd	r25, Y+14	; 0x0e
    4768:	20 e0       	ldi	r18, 0x00	; 0
    476a:	30 e0       	ldi	r19, 0x00	; 0
    476c:	4a e7       	ldi	r20, 0x7A	; 122
    476e:	53 e4       	ldi	r21, 0x43	; 67
    4770:	0e 94 1f 02 	call	0x43e	; 0x43e <__mulsf3>
    4774:	dc 01       	movw	r26, r24
    4776:	cb 01       	movw	r24, r22
    4778:	8f 83       	std	Y+7, r24	; 0x07
    477a:	98 87       	std	Y+8, r25	; 0x08
    477c:	a9 87       	std	Y+9, r26	; 0x09
    477e:	ba 87       	std	Y+10, r27	; 0x0a
	if (__tmp < 1.0)
    4780:	6f 81       	ldd	r22, Y+7	; 0x07
    4782:	78 85       	ldd	r23, Y+8	; 0x08
    4784:	89 85       	ldd	r24, Y+9	; 0x09
    4786:	9a 85       	ldd	r25, Y+10	; 0x0a
    4788:	20 e0       	ldi	r18, 0x00	; 0
    478a:	30 e0       	ldi	r19, 0x00	; 0
    478c:	40 e8       	ldi	r20, 0x80	; 128
    478e:	5f e3       	ldi	r21, 0x3F	; 63
    4790:	0e 94 55 04 	call	0x8aa	; 0x8aa <__ltsf2>
    4794:	88 23       	and	r24, r24
    4796:	2c f4       	brge	.+10     	; 0x47a2 <LCD_vidLatch+0x216>
		__ticks = 1;
    4798:	81 e0       	ldi	r24, 0x01	; 1
    479a:	90 e0       	ldi	r25, 0x00	; 0
    479c:	9e 83       	std	Y+6, r25	; 0x06
    479e:	8d 83       	std	Y+5, r24	; 0x05
    47a0:	3f c0       	rjmp	.+126    	; 0x4820 <LCD_vidLatch+0x294>
	else if (__tmp > 65535)
    47a2:	6f 81       	ldd	r22, Y+7	; 0x07
    47a4:	78 85       	ldd	r23, Y+8	; 0x08
    47a6:	89 85       	ldd	r24, Y+9	; 0x09
    47a8:	9a 85       	ldd	r25, Y+10	; 0x0a
    47aa:	20 e0       	ldi	r18, 0x00	; 0
    47ac:	3f ef       	ldi	r19, 0xFF	; 255
    47ae:	4f e7       	ldi	r20, 0x7F	; 127
    47b0:	57 e4       	ldi	r21, 0x47	; 71
    47b2:	0e 94 f5 03 	call	0x7ea	; 0x7ea <__gtsf2>
    47b6:	18 16       	cp	r1, r24
    47b8:	4c f5       	brge	.+82     	; 0x480c <LCD_vidLatch+0x280>
	{
		//	__ticks = requested delay in 1/10 ms
		__ticks = (uint16_t) (__ms * 10.0);
    47ba:	6b 85       	ldd	r22, Y+11	; 0x0b
    47bc:	7c 85       	ldd	r23, Y+12	; 0x0c
    47be:	8d 85       	ldd	r24, Y+13	; 0x0d
    47c0:	9e 85       	ldd	r25, Y+14	; 0x0e
    47c2:	20 e0       	ldi	r18, 0x00	; 0
    47c4:	30 e0       	ldi	r19, 0x00	; 0
    47c6:	40 e2       	ldi	r20, 0x20	; 32
    47c8:	51 e4       	ldi	r21, 0x41	; 65
    47ca:	0e 94 1f 02 	call	0x43e	; 0x43e <__mulsf3>
    47ce:	dc 01       	movw	r26, r24
    47d0:	cb 01       	movw	r24, r22
    47d2:	bc 01       	movw	r22, r24
    47d4:	cd 01       	movw	r24, r26
    47d6:	0e 94 49 00 	call	0x92	; 0x92 <__fixunssfsi>
    47da:	dc 01       	movw	r26, r24
    47dc:	cb 01       	movw	r24, r22
    47de:	9e 83       	std	Y+6, r25	; 0x06
    47e0:	8d 83       	std	Y+5, r24	; 0x05
    47e2:	0f c0       	rjmp	.+30     	; 0x4802 <LCD_vidLatch+0x276>
    47e4:	89 e1       	ldi	r24, 0x19	; 25
    47e6:	90 e0       	ldi	r25, 0x00	; 0
    47e8:	9c 83       	std	Y+4, r25	; 0x04
    47ea:	8b 83       	std	Y+3, r24	; 0x03
    47ec:	8b 81       	ldd	r24, Y+3	; 0x03
    47ee:	9c 81       	ldd	r25, Y+4	; 0x04
    47f0:	01 97       	sbiw	r24, 0x01	; 1
    47f2:	f1 f7       	brne	.-4      	; 0x47f0 <LCD_vidLatch+0x264>
    47f4:	9c 83       	std	Y+4, r25	; 0x04
    47f6:	8b 83       	std	Y+3, r24	; 0x03
		while(__ticks)
		{
			// wait 1/10 ms
			_delay_loop_2(((F_CPU) / 4e3) / 10);
			__ticks --;
    47f8:	8d 81       	ldd	r24, Y+5	; 0x05
    47fa:	9e 81       	ldd	r25, Y+6	; 0x06
    47fc:	01 97       	sbiw	r24, 0x01	; 1
    47fe:	9e 83       	std	Y+6, r25	; 0x06
    4800:	8d 83       	std	Y+5, r24	; 0x05
		__ticks = 1;
	else if (__tmp > 65535)
	{
		//	__ticks = requested delay in 1/10 ms
		__ticks = (uint16_t) (__ms * 10.0);
		while(__ticks)
    4802:	8d 81       	ldd	r24, Y+5	; 0x05
    4804:	9e 81       	ldd	r25, Y+6	; 0x06
    4806:	00 97       	sbiw	r24, 0x00	; 0
    4808:	69 f7       	brne	.-38     	; 0x47e4 <LCD_vidLatch+0x258>
    480a:	14 c0       	rjmp	.+40     	; 0x4834 <LCD_vidLatch+0x2a8>
			__ticks --;
		}
		return;
	}
	else
		__ticks = (uint16_t)__tmp;
    480c:	6f 81       	ldd	r22, Y+7	; 0x07
    480e:	78 85       	ldd	r23, Y+8	; 0x08
    4810:	89 85       	ldd	r24, Y+9	; 0x09
    4812:	9a 85       	ldd	r25, Y+10	; 0x0a
    4814:	0e 94 49 00 	call	0x92	; 0x92 <__fixunssfsi>
    4818:	dc 01       	movw	r26, r24
    481a:	cb 01       	movw	r24, r22
    481c:	9e 83       	std	Y+6, r25	; 0x06
    481e:	8d 83       	std	Y+5, r24	; 0x05
    4820:	8d 81       	ldd	r24, Y+5	; 0x05
    4822:	9e 81       	ldd	r25, Y+6	; 0x06
    4824:	9a 83       	std	Y+2, r25	; 0x02
    4826:	89 83       	std	Y+1, r24	; 0x01
    4828:	89 81       	ldd	r24, Y+1	; 0x01
    482a:	9a 81       	ldd	r25, Y+2	; 0x02
    482c:	01 97       	sbiw	r24, 0x01	; 1
    482e:	f1 f7       	brne	.-4      	; 0x482c <LCD_vidLatch+0x2a0>
    4830:	9a 83       	std	Y+2, r25	; 0x02
    4832:	89 83       	std	Y+1, r24	; 0x01

		// solve prob of freq of atmega bigger than lcd (appear in real time)
		_delay_ms(10);
}
    4834:	6d 96       	adiw	r28, 0x1d	; 29
    4836:	0f b6       	in	r0, 0x3f	; 63
    4838:	f8 94       	cli
    483a:	de bf       	out	0x3e, r29	; 62
    483c:	0f be       	out	0x3f, r0	; 63
    483e:	cd bf       	out	0x3d, r28	; 61
    4840:	cf 91       	pop	r28
    4842:	df 91       	pop	r29
    4844:	08 95       	ret

00004846 <LCD_invidSendCommand>:

static inline void LCD_invidSendCommand(u8 Copy_u8Command)
{
    4846:	df 93       	push	r29
    4848:	cf 93       	push	r28
    484a:	cd b7       	in	r28, 0x3d	; 61
    484c:	de b7       	in	r29, 0x3e	; 62
    484e:	2f 97       	sbiw	r28, 0x0f	; 15
    4850:	0f b6       	in	r0, 0x3f	; 63
    4852:	f8 94       	cli
    4854:	de bf       	out	0x3e, r29	; 62
    4856:	0f be       	out	0x3f, r0	; 63
    4858:	cd bf       	out	0x3d, r28	; 61
    485a:	8f 87       	std	Y+15, r24	; 0x0f

	//set RS as command
	DIO_enuSetPinValue(RS_PORT,RS_PIN,DIO_u8LOW);
    485c:	83 e0       	ldi	r24, 0x03	; 3
    485e:	60 e0       	ldi	r22, 0x00	; 0
    4860:	40 e0       	ldi	r20, 0x00	; 0
    4862:	0e 94 17 18 	call	0x302e	; 0x302e <DIO_enuSetPinValue>
	//set EN as low
	DIO_enuSetPinValue(EN_PORT,EN_PIN,DIO_u8LOW);
    4866:	83 e0       	ldi	r24, 0x03	; 3
    4868:	63 e0       	ldi	r22, 0x03	; 3
    486a:	40 e0       	ldi	r20, 0x00	; 0
    486c:	0e 94 17 18 	call	0x302e	; 0x302e <DIO_enuSetPinValue>
	//set RW as write operation
	DIO_enuSetPinValue(RW_PORT,RW_PIN,DIO_u8LOW);
    4870:	83 e0       	ldi	r24, 0x03	; 3
    4872:	61 e0       	ldi	r22, 0x01	; 1
    4874:	40 e0       	ldi	r20, 0x00	; 0
    4876:	0e 94 17 18 	call	0x302e	; 0x302e <DIO_enuSetPinValue>
	//write data
	DIO_enuSetPinValue(D7_PORT,D7_PIN,((Copy_u8Command>>7)&LCD_MASK_BIT));
    487a:	8f 85       	ldd	r24, Y+15	; 0x0f
    487c:	98 2f       	mov	r25, r24
    487e:	99 1f       	adc	r25, r25
    4880:	99 27       	eor	r25, r25
    4882:	99 1f       	adc	r25, r25
    4884:	82 e0       	ldi	r24, 0x02	; 2
    4886:	67 e0       	ldi	r22, 0x07	; 7
    4888:	49 2f       	mov	r20, r25
    488a:	0e 94 17 18 	call	0x302e	; 0x302e <DIO_enuSetPinValue>
	DIO_enuSetPinValue(D6_PORT,D6_PIN,((Copy_u8Command>>6)&LCD_MASK_BIT));
    488e:	8f 85       	ldd	r24, Y+15	; 0x0f
    4890:	82 95       	swap	r24
    4892:	86 95       	lsr	r24
    4894:	86 95       	lsr	r24
    4896:	83 70       	andi	r24, 0x03	; 3
    4898:	98 2f       	mov	r25, r24
    489a:	91 70       	andi	r25, 0x01	; 1
    489c:	82 e0       	ldi	r24, 0x02	; 2
    489e:	66 e0       	ldi	r22, 0x06	; 6
    48a0:	49 2f       	mov	r20, r25
    48a2:	0e 94 17 18 	call	0x302e	; 0x302e <DIO_enuSetPinValue>
	DIO_enuSetPinValue(D5_PORT,D5_PIN,((Copy_u8Command>>5)&LCD_MASK_BIT));
    48a6:	8f 85       	ldd	r24, Y+15	; 0x0f
    48a8:	82 95       	swap	r24
    48aa:	86 95       	lsr	r24
    48ac:	87 70       	andi	r24, 0x07	; 7
    48ae:	98 2f       	mov	r25, r24
    48b0:	91 70       	andi	r25, 0x01	; 1
    48b2:	82 e0       	ldi	r24, 0x02	; 2
    48b4:	65 e0       	ldi	r22, 0x05	; 5
    48b6:	49 2f       	mov	r20, r25
    48b8:	0e 94 17 18 	call	0x302e	; 0x302e <DIO_enuSetPinValue>
	DIO_enuSetPinValue(D4_PORT,D4_PIN,((Copy_u8Command>>4)&LCD_MASK_BIT));
    48bc:	8f 85       	ldd	r24, Y+15	; 0x0f
    48be:	82 95       	swap	r24
    48c0:	8f 70       	andi	r24, 0x0F	; 15
    48c2:	98 2f       	mov	r25, r24
    48c4:	91 70       	andi	r25, 0x01	; 1
    48c6:	82 e0       	ldi	r24, 0x02	; 2
    48c8:	64 e0       	ldi	r22, 0x04	; 4
    48ca:	49 2f       	mov	r20, r25
    48cc:	0e 94 17 18 	call	0x302e	; 0x302e <DIO_enuSetPinValue>
	DIO_enuSetPinValue(D3_PORT,D3_PIN,((Copy_u8Command>>3)&LCD_MASK_BIT));
    48d0:	8f 85       	ldd	r24, Y+15	; 0x0f
    48d2:	86 95       	lsr	r24
    48d4:	86 95       	lsr	r24
    48d6:	86 95       	lsr	r24
    48d8:	98 2f       	mov	r25, r24
    48da:	91 70       	andi	r25, 0x01	; 1
    48dc:	82 e0       	ldi	r24, 0x02	; 2
    48de:	63 e0       	ldi	r22, 0x03	; 3
    48e0:	49 2f       	mov	r20, r25
    48e2:	0e 94 17 18 	call	0x302e	; 0x302e <DIO_enuSetPinValue>
	DIO_enuSetPinValue(D2_PORT,D2_PIN,((Copy_u8Command>>2)&LCD_MASK_BIT));
    48e6:	8f 85       	ldd	r24, Y+15	; 0x0f
    48e8:	86 95       	lsr	r24
    48ea:	86 95       	lsr	r24
    48ec:	98 2f       	mov	r25, r24
    48ee:	91 70       	andi	r25, 0x01	; 1
    48f0:	82 e0       	ldi	r24, 0x02	; 2
    48f2:	62 e0       	ldi	r22, 0x02	; 2
    48f4:	49 2f       	mov	r20, r25
    48f6:	0e 94 17 18 	call	0x302e	; 0x302e <DIO_enuSetPinValue>
	DIO_enuSetPinValue(D1_PORT,D1_PIN,((Copy_u8Command>>1)&LCD_MASK_BIT));
    48fa:	8f 85       	ldd	r24, Y+15	; 0x0f
    48fc:	86 95       	lsr	r24
    48fe:	98 2f       	mov	r25, r24
    4900:	91 70       	andi	r25, 0x01	; 1
    4902:	82 e0       	ldi	r24, 0x02	; 2
    4904:	61 e0       	ldi	r22, 0x01	; 1
    4906:	49 2f       	mov	r20, r25
    4908:	0e 94 17 18 	call	0x302e	; 0x302e <DIO_enuSetPinValue>
	DIO_enuSetPinValue(D0_PORT,D0_PIN,((Copy_u8Command>>0)&LCD_MASK_BIT));
    490c:	8f 85       	ldd	r24, Y+15	; 0x0f
    490e:	98 2f       	mov	r25, r24
    4910:	91 70       	andi	r25, 0x01	; 1
    4912:	82 e0       	ldi	r24, 0x02	; 2
    4914:	60 e0       	ldi	r22, 0x00	; 0
    4916:	49 2f       	mov	r20, r25
    4918:	0e 94 17 18 	call	0x302e	; 0x302e <DIO_enuSetPinValue>

	//enable latch
	DIO_enuSetPinValue(EN_PORT,EN_PIN,DIO_u8HIGH);
    491c:	83 e0       	ldi	r24, 0x03	; 3
    491e:	63 e0       	ldi	r22, 0x03	; 3
    4920:	41 e0       	ldi	r20, 0x01	; 1
    4922:	0e 94 17 18 	call	0x302e	; 0x302e <DIO_enuSetPinValue>
    4926:	80 e0       	ldi	r24, 0x00	; 0
    4928:	90 e0       	ldi	r25, 0x00	; 0
    492a:	a0 e2       	ldi	r26, 0x20	; 32
    492c:	b1 e4       	ldi	r27, 0x41	; 65
    492e:	8b 87       	std	Y+11, r24	; 0x0b
    4930:	9c 87       	std	Y+12, r25	; 0x0c
    4932:	ad 87       	std	Y+13, r26	; 0x0d
    4934:	be 87       	std	Y+14, r27	; 0x0e
 */
void
_delay_ms(double __ms)
{
	uint16_t __ticks;
	double __tmp = ((F_CPU) / 4e3) * __ms;
    4936:	6b 85       	ldd	r22, Y+11	; 0x0b
    4938:	7c 85       	ldd	r23, Y+12	; 0x0c
    493a:	8d 85       	ldd	r24, Y+13	; 0x0d
    493c:	9e 85       	ldd	r25, Y+14	; 0x0e
    493e:	20 e0       	ldi	r18, 0x00	; 0
    4940:	30 e0       	ldi	r19, 0x00	; 0
    4942:	4a e7       	ldi	r20, 0x7A	; 122
    4944:	53 e4       	ldi	r21, 0x43	; 67
    4946:	0e 94 1f 02 	call	0x43e	; 0x43e <__mulsf3>
    494a:	dc 01       	movw	r26, r24
    494c:	cb 01       	movw	r24, r22
    494e:	8f 83       	std	Y+7, r24	; 0x07
    4950:	98 87       	std	Y+8, r25	; 0x08
    4952:	a9 87       	std	Y+9, r26	; 0x09
    4954:	ba 87       	std	Y+10, r27	; 0x0a
	if (__tmp < 1.0)
    4956:	6f 81       	ldd	r22, Y+7	; 0x07
    4958:	78 85       	ldd	r23, Y+8	; 0x08
    495a:	89 85       	ldd	r24, Y+9	; 0x09
    495c:	9a 85       	ldd	r25, Y+10	; 0x0a
    495e:	20 e0       	ldi	r18, 0x00	; 0
    4960:	30 e0       	ldi	r19, 0x00	; 0
    4962:	40 e8       	ldi	r20, 0x80	; 128
    4964:	5f e3       	ldi	r21, 0x3F	; 63
    4966:	0e 94 55 04 	call	0x8aa	; 0x8aa <__ltsf2>
    496a:	88 23       	and	r24, r24
    496c:	2c f4       	brge	.+10     	; 0x4978 <LCD_invidSendCommand+0x132>
		__ticks = 1;
    496e:	81 e0       	ldi	r24, 0x01	; 1
    4970:	90 e0       	ldi	r25, 0x00	; 0
    4972:	9e 83       	std	Y+6, r25	; 0x06
    4974:	8d 83       	std	Y+5, r24	; 0x05
    4976:	3f c0       	rjmp	.+126    	; 0x49f6 <LCD_invidSendCommand+0x1b0>
	else if (__tmp > 65535)
    4978:	6f 81       	ldd	r22, Y+7	; 0x07
    497a:	78 85       	ldd	r23, Y+8	; 0x08
    497c:	89 85       	ldd	r24, Y+9	; 0x09
    497e:	9a 85       	ldd	r25, Y+10	; 0x0a
    4980:	20 e0       	ldi	r18, 0x00	; 0
    4982:	3f ef       	ldi	r19, 0xFF	; 255
    4984:	4f e7       	ldi	r20, 0x7F	; 127
    4986:	57 e4       	ldi	r21, 0x47	; 71
    4988:	0e 94 f5 03 	call	0x7ea	; 0x7ea <__gtsf2>
    498c:	18 16       	cp	r1, r24
    498e:	4c f5       	brge	.+82     	; 0x49e2 <LCD_invidSendCommand+0x19c>
	{
		//	__ticks = requested delay in 1/10 ms
		__ticks = (uint16_t) (__ms * 10.0);
    4990:	6b 85       	ldd	r22, Y+11	; 0x0b
    4992:	7c 85       	ldd	r23, Y+12	; 0x0c
    4994:	8d 85       	ldd	r24, Y+13	; 0x0d
    4996:	9e 85       	ldd	r25, Y+14	; 0x0e
    4998:	20 e0       	ldi	r18, 0x00	; 0
    499a:	30 e0       	ldi	r19, 0x00	; 0
    499c:	40 e2       	ldi	r20, 0x20	; 32
    499e:	51 e4       	ldi	r21, 0x41	; 65
    49a0:	0e 94 1f 02 	call	0x43e	; 0x43e <__mulsf3>
    49a4:	dc 01       	movw	r26, r24
    49a6:	cb 01       	movw	r24, r22
    49a8:	bc 01       	movw	r22, r24
    49aa:	cd 01       	movw	r24, r26
    49ac:	0e 94 49 00 	call	0x92	; 0x92 <__fixunssfsi>
    49b0:	dc 01       	movw	r26, r24
    49b2:	cb 01       	movw	r24, r22
    49b4:	9e 83       	std	Y+6, r25	; 0x06
    49b6:	8d 83       	std	Y+5, r24	; 0x05
    49b8:	0f c0       	rjmp	.+30     	; 0x49d8 <LCD_invidSendCommand+0x192>
    49ba:	89 e1       	ldi	r24, 0x19	; 25
    49bc:	90 e0       	ldi	r25, 0x00	; 0
    49be:	9c 83       	std	Y+4, r25	; 0x04
    49c0:	8b 83       	std	Y+3, r24	; 0x03
    49c2:	8b 81       	ldd	r24, Y+3	; 0x03
    49c4:	9c 81       	ldd	r25, Y+4	; 0x04
    49c6:	01 97       	sbiw	r24, 0x01	; 1
    49c8:	f1 f7       	brne	.-4      	; 0x49c6 <LCD_invidSendCommand+0x180>
    49ca:	9c 83       	std	Y+4, r25	; 0x04
    49cc:	8b 83       	std	Y+3, r24	; 0x03
		while(__ticks)
		{
			// wait 1/10 ms
			_delay_loop_2(((F_CPU) / 4e3) / 10);
			__ticks --;
    49ce:	8d 81       	ldd	r24, Y+5	; 0x05
    49d0:	9e 81       	ldd	r25, Y+6	; 0x06
    49d2:	01 97       	sbiw	r24, 0x01	; 1
    49d4:	9e 83       	std	Y+6, r25	; 0x06
    49d6:	8d 83       	std	Y+5, r24	; 0x05
		__ticks = 1;
	else if (__tmp > 65535)
	{
		//	__ticks = requested delay in 1/10 ms
		__ticks = (uint16_t) (__ms * 10.0);
		while(__ticks)
    49d8:	8d 81       	ldd	r24, Y+5	; 0x05
    49da:	9e 81       	ldd	r25, Y+6	; 0x06
    49dc:	00 97       	sbiw	r24, 0x00	; 0
    49de:	69 f7       	brne	.-38     	; 0x49ba <LCD_invidSendCommand+0x174>
    49e0:	14 c0       	rjmp	.+40     	; 0x4a0a <LCD_invidSendCommand+0x1c4>
			__ticks --;
		}
		return;
	}
	else
		__ticks = (uint16_t)__tmp;
    49e2:	6f 81       	ldd	r22, Y+7	; 0x07
    49e4:	78 85       	ldd	r23, Y+8	; 0x08
    49e6:	89 85       	ldd	r24, Y+9	; 0x09
    49e8:	9a 85       	ldd	r25, Y+10	; 0x0a
    49ea:	0e 94 49 00 	call	0x92	; 0x92 <__fixunssfsi>
    49ee:	dc 01       	movw	r26, r24
    49f0:	cb 01       	movw	r24, r22
    49f2:	9e 83       	std	Y+6, r25	; 0x06
    49f4:	8d 83       	std	Y+5, r24	; 0x05
    49f6:	8d 81       	ldd	r24, Y+5	; 0x05
    49f8:	9e 81       	ldd	r25, Y+6	; 0x06
    49fa:	9a 83       	std	Y+2, r25	; 0x02
    49fc:	89 83       	std	Y+1, r24	; 0x01
    49fe:	89 81       	ldd	r24, Y+1	; 0x01
    4a00:	9a 81       	ldd	r25, Y+2	; 0x02
    4a02:	01 97       	sbiw	r24, 0x01	; 1
    4a04:	f1 f7       	brne	.-4      	; 0x4a02 <LCD_invidSendCommand+0x1bc>
    4a06:	9a 83       	std	Y+2, r25	; 0x02
    4a08:	89 83       	std	Y+1, r24	; 0x01
	_delay_ms(10);
	DIO_enuSetPinValue(EN_PORT,EN_PIN,DIO_u8LOW);
    4a0a:	83 e0       	ldi	r24, 0x03	; 3
    4a0c:	63 e0       	ldi	r22, 0x03	; 3
    4a0e:	40 e0       	ldi	r20, 0x00	; 0
    4a10:	0e 94 17 18 	call	0x302e	; 0x302e <DIO_enuSetPinValue>


}
    4a14:	2f 96       	adiw	r28, 0x0f	; 15
    4a16:	0f b6       	in	r0, 0x3f	; 63
    4a18:	f8 94       	cli
    4a1a:	de bf       	out	0x3e, r29	; 62
    4a1c:	0f be       	out	0x3f, r0	; 63
    4a1e:	cd bf       	out	0x3d, r28	; 61
    4a20:	cf 91       	pop	r28
    4a22:	df 91       	pop	r29
    4a24:	08 95       	ret

00004a26 <LCD_enuClearLcd>:

ES_t LCD_enuClearLcd()
{
    4a26:	df 93       	push	r29
    4a28:	cf 93       	push	r28
    4a2a:	0f 92       	push	r0
    4a2c:	cd b7       	in	r28, 0x3d	; 61
    4a2e:	de b7       	in	r29, 0x3e	; 62
	ES_t Local_enuErrorState=ES_NOK;
    4a30:	19 82       	std	Y+1, r1	; 0x01

	Local_enuErrorState=LCD_enuSendCommand(CLEAR_DISPLAY);
    4a32:	81 e0       	ldi	r24, 0x01	; 1
    4a34:	0e 94 f9 20 	call	0x41f2	; 0x41f2 <LCD_enuSendCommand>
    4a38:	89 83       	std	Y+1, r24	; 0x01


	return Local_enuErrorState;
    4a3a:	89 81       	ldd	r24, Y+1	; 0x01
}
    4a3c:	0f 90       	pop	r0
    4a3e:	cf 91       	pop	r28
    4a40:	df 91       	pop	r29
    4a42:	08 95       	ret

00004a44 <EEPROM_enuInit>:
#include "EEPROM_config.h"
#include "EEPROM_priv.h"


ES_t EEPROM_enuInit(void)
{
    4a44:	df 93       	push	r29
    4a46:	cf 93       	push	r28
    4a48:	0f 92       	push	r0
    4a4a:	cd b7       	in	r28, 0x3d	; 61
    4a4c:	de b7       	in	r29, 0x3e	; 62
	ES_t Local_enuErrorState=ES_NOK;
    4a4e:	19 82       	std	Y+1, r1	; 0x01

	Local_enuErrorState=IIC_enuInit();
    4a50:	0e 94 08 10 	call	0x2010	; 0x2010 <IIC_enuInit>
    4a54:	89 83       	std	Y+1, r24	; 0x01

	return Local_enuErrorState;
    4a56:	89 81       	ldd	r24, Y+1	; 0x01
}
    4a58:	0f 90       	pop	r0
    4a5a:	cf 91       	pop	r28
    4a5c:	df 91       	pop	r29
    4a5e:	08 95       	ret

00004a60 <EEPROM_enuWriteData>:

ES_t EEPROM_enuWriteData(u16 Copy_u16Address , u8 Copy_u8Data)
{
    4a60:	df 93       	push	r29
    4a62:	cf 93       	push	r28
    4a64:	00 d0       	rcall	.+0      	; 0x4a66 <EEPROM_enuWriteData+0x6>
    4a66:	00 d0       	rcall	.+0      	; 0x4a68 <EEPROM_enuWriteData+0x8>
    4a68:	00 d0       	rcall	.+0      	; 0x4a6a <EEPROM_enuWriteData+0xa>
    4a6a:	cd b7       	in	r28, 0x3d	; 61
    4a6c:	de b7       	in	r29, 0x3e	; 62
    4a6e:	9d 83       	std	Y+5, r25	; 0x05
    4a70:	8c 83       	std	Y+4, r24	; 0x04
    4a72:	6e 83       	std	Y+6, r22	; 0x06
	ES_t Local_enuErrorState=ES_NOK;
    4a74:	1b 82       	std	Y+3, r1	; 0x03
	u8 Local_u8Address , Local_u8ByteAddress;

#if EEPROM_TYPE==EIGHT_KBIT

	if(Copy_u16Address<1024 && EEPROM_A2_STATE<2)
    4a76:	8c 81       	ldd	r24, Y+4	; 0x04
    4a78:	9d 81       	ldd	r25, Y+5	; 0x05
    4a7a:	24 e0       	ldi	r18, 0x04	; 4
    4a7c:	80 30       	cpi	r24, 0x00	; 0
    4a7e:	92 07       	cpc	r25, r18
    4a80:	78 f4       	brcc	.+30     	; 0x4aa0 <EEPROM_enuWriteData+0x40>
	{
		Local_u8Address =( (0xA0 | (EEPROM_A2_STATE<<3) | (((Copy_u16Address>>8)& 3)<<1) )>>1 );
    4a82:	8c 81       	ldd	r24, Y+4	; 0x04
    4a84:	9d 81       	ldd	r25, Y+5	; 0x05
    4a86:	89 2f       	mov	r24, r25
    4a88:	99 27       	eor	r25, r25
    4a8a:	83 70       	andi	r24, 0x03	; 3
    4a8c:	90 70       	andi	r25, 0x00	; 0
    4a8e:	88 0f       	add	r24, r24
    4a90:	99 1f       	adc	r25, r25
    4a92:	80 6a       	ori	r24, 0xA0	; 160
    4a94:	96 95       	lsr	r25
    4a96:	87 95       	ror	r24
    4a98:	8a 83       	std	Y+2, r24	; 0x02
		Local_u8ByteAddress= (u8) Copy_u16Address;
    4a9a:	8c 81       	ldd	r24, Y+4	; 0x04
    4a9c:	89 83       	std	Y+1, r24	; 0x01
    4a9e:	02 c0       	rjmp	.+4      	; 0x4aa4 <EEPROM_enuWriteData+0x44>
	}
	else
	{
		Local_enuErrorState=ES_OUT_OF_RANGE;
    4aa0:	83 e0       	ldi	r24, 0x03	; 3
    4aa2:	8b 83       	std	Y+3, r24	; 0x03

#error "EEPROM Type selection is wrong"
#endif


	if(ES_OK==IIC_enuStartCondition())
    4aa4:	0e 94 40 10 	call	0x2080	; 0x2080 <IIC_enuStartCondition>
    4aa8:	81 30       	cpi	r24, 0x01	; 1
    4aaa:	99 f4       	brne	.+38     	; 0x4ad2 <EEPROM_enuWriteData+0x72>
	{
		if(ES_OK==IIC_enuWriteSlaveAddress(Local_u8Address,0))
    4aac:	8a 81       	ldd	r24, Y+2	; 0x02
    4aae:	60 e0       	ldi	r22, 0x00	; 0
    4ab0:	0e 94 af 10 	call	0x215e	; 0x215e <IIC_enuWriteSlaveAddress>
    4ab4:	81 30       	cpi	r24, 0x01	; 1
    4ab6:	69 f4       	brne	.+26     	; 0x4ad2 <EEPROM_enuWriteData+0x72>
		{
			if(ES_OK==IIC_enuWriteData(Local_u8ByteAddress))
    4ab8:	89 81       	ldd	r24, Y+1	; 0x01
    4aba:	0e 94 09 11 	call	0x2212	; 0x2212 <IIC_enuWriteData>
    4abe:	81 30       	cpi	r24, 0x01	; 1
    4ac0:	41 f4       	brne	.+16     	; 0x4ad2 <EEPROM_enuWriteData+0x72>
			{
				if(ES_OK==IIC_enuWriteData(Copy_u8Data))
    4ac2:	8e 81       	ldd	r24, Y+6	; 0x06
    4ac4:	0e 94 09 11 	call	0x2212	; 0x2212 <IIC_enuWriteData>
    4ac8:	81 30       	cpi	r24, 0x01	; 1
    4aca:	19 f4       	brne	.+6      	; 0x4ad2 <EEPROM_enuWriteData+0x72>
				{
					Local_enuErrorState=IIC_enuStopCondition();
    4acc:	0e 94 94 10 	call	0x2128	; 0x2128 <IIC_enuStopCondition>
    4ad0:	8b 83       	std	Y+3, r24	; 0x03
				}
			}
		}
	}

	return Local_enuErrorState;
    4ad2:	8b 81       	ldd	r24, Y+3	; 0x03
}
    4ad4:	26 96       	adiw	r28, 0x06	; 6
    4ad6:	0f b6       	in	r0, 0x3f	; 63
    4ad8:	f8 94       	cli
    4ada:	de bf       	out	0x3e, r29	; 62
    4adc:	0f be       	out	0x3f, r0	; 63
    4ade:	cd bf       	out	0x3d, r28	; 61
    4ae0:	cf 91       	pop	r28
    4ae2:	df 91       	pop	r29
    4ae4:	08 95       	ret

00004ae6 <EEPROM_enuReadData>:

ES_t EEPROM_enuReadData(u16 Copy_u16Address , u8 *Copy_u8Data)
{
    4ae6:	df 93       	push	r29
    4ae8:	cf 93       	push	r28
    4aea:	cd b7       	in	r28, 0x3d	; 61
    4aec:	de b7       	in	r29, 0x3e	; 62
    4aee:	27 97       	sbiw	r28, 0x07	; 7
    4af0:	0f b6       	in	r0, 0x3f	; 63
    4af2:	f8 94       	cli
    4af4:	de bf       	out	0x3e, r29	; 62
    4af6:	0f be       	out	0x3f, r0	; 63
    4af8:	cd bf       	out	0x3d, r28	; 61
    4afa:	9d 83       	std	Y+5, r25	; 0x05
    4afc:	8c 83       	std	Y+4, r24	; 0x04
    4afe:	7f 83       	std	Y+7, r23	; 0x07
    4b00:	6e 83       	std	Y+6, r22	; 0x06
	ES_t Local_enuErrorState=ES_NOK;
    4b02:	1b 82       	std	Y+3, r1	; 0x03

#if EEPROM_TYPE==EIGHT_KBIT

	if(Copy_u16Address<1024 || EEPROM_A2_STATE<2)
	{
		Local_u8Address =( (0xA0 | (EEPROM_A2_STATE<<3) | (((Copy_u16Address>>8)& 3)<<1) )>>1 );
    4b04:	8c 81       	ldd	r24, Y+4	; 0x04
    4b06:	9d 81       	ldd	r25, Y+5	; 0x05
    4b08:	89 2f       	mov	r24, r25
    4b0a:	99 27       	eor	r25, r25
    4b0c:	83 70       	andi	r24, 0x03	; 3
    4b0e:	90 70       	andi	r25, 0x00	; 0
    4b10:	88 0f       	add	r24, r24
    4b12:	99 1f       	adc	r25, r25
    4b14:	80 6a       	ori	r24, 0xA0	; 160
    4b16:	96 95       	lsr	r25
    4b18:	87 95       	ror	r24
    4b1a:	8a 83       	std	Y+2, r24	; 0x02
		Local_u8ByteAddress= (u8) Copy_u16Address;
    4b1c:	8c 81       	ldd	r24, Y+4	; 0x04
    4b1e:	89 83       	std	Y+1, r24	; 0x01
#else

#error "EEPROM Type selection is wrong"
#endif

	if(ES_OK==IIC_enuStartCondition())
    4b20:	0e 94 40 10 	call	0x2080	; 0x2080 <IIC_enuStartCondition>
    4b24:	81 30       	cpi	r24, 0x01	; 1
    4b26:	f1 f4       	brne	.+60     	; 0x4b64 <EEPROM_enuReadData+0x7e>
	{
		if(ES_OK==IIC_enuWriteSlaveAddress(Local_u8Address,0))
    4b28:	8a 81       	ldd	r24, Y+2	; 0x02
    4b2a:	60 e0       	ldi	r22, 0x00	; 0
    4b2c:	0e 94 af 10 	call	0x215e	; 0x215e <IIC_enuWriteSlaveAddress>
    4b30:	81 30       	cpi	r24, 0x01	; 1
    4b32:	c1 f4       	brne	.+48     	; 0x4b64 <EEPROM_enuReadData+0x7e>
		{
			if(ES_OK==IIC_enuWriteData(Local_u8ByteAddress))
    4b34:	89 81       	ldd	r24, Y+1	; 0x01
    4b36:	0e 94 09 11 	call	0x2212	; 0x2212 <IIC_enuWriteData>
    4b3a:	81 30       	cpi	r24, 0x01	; 1
    4b3c:	99 f4       	brne	.+38     	; 0x4b64 <EEPROM_enuReadData+0x7e>
			{
				if(ES_OK==IIC_enuRepeatedStartCondition())
    4b3e:	0e 94 6a 10 	call	0x20d4	; 0x20d4 <IIC_enuRepeatedStartCondition>
    4b42:	81 30       	cpi	r24, 0x01	; 1
    4b44:	79 f4       	brne	.+30     	; 0x4b64 <EEPROM_enuReadData+0x7e>
				{
					if(ES_OK==IIC_enuWriteSlaveAddress(Local_u8Address,1))
    4b46:	8a 81       	ldd	r24, Y+2	; 0x02
    4b48:	61 e0       	ldi	r22, 0x01	; 1
    4b4a:	0e 94 af 10 	call	0x215e	; 0x215e <IIC_enuWriteSlaveAddress>
    4b4e:	81 30       	cpi	r24, 0x01	; 1
    4b50:	49 f4       	brne	.+18     	; 0x4b64 <EEPROM_enuReadData+0x7e>
					{
						if(ES_OK==IIC_enuReadData(Copy_u8Data))
    4b52:	8e 81       	ldd	r24, Y+6	; 0x06
    4b54:	9f 81       	ldd	r25, Y+7	; 0x07
    4b56:	0e 94 69 11 	call	0x22d2	; 0x22d2 <IIC_enuReadData>
    4b5a:	81 30       	cpi	r24, 0x01	; 1
    4b5c:	19 f4       	brne	.+6      	; 0x4b64 <EEPROM_enuReadData+0x7e>
						{
							Local_enuErrorState=IIC_enuStopCondition();
    4b5e:	0e 94 94 10 	call	0x2128	; 0x2128 <IIC_enuStopCondition>
    4b62:	8b 83       	std	Y+3, r24	; 0x03
			}
		}
	}


	return Local_enuErrorState;
    4b64:	8b 81       	ldd	r24, Y+3	; 0x03
}
    4b66:	27 96       	adiw	r28, 0x07	; 7
    4b68:	0f b6       	in	r0, 0x3f	; 63
    4b6a:	f8 94       	cli
    4b6c:	de bf       	out	0x3e, r29	; 62
    4b6e:	0f be       	out	0x3f, r0	; 63
    4b70:	cd bf       	out	0x3d, r28	; 61
    4b72:	cf 91       	pop	r28
    4b74:	df 91       	pop	r29
    4b76:	08 95       	ret

00004b78 <main>:
#include "../HAL/EEPROM/EEPROM_int.h"

#include <util/delay.h>

int main(void)
{
    4b78:	df 93       	push	r29
    4b7a:	cf 93       	push	r28
    4b7c:	cd b7       	in	r28, 0x3d	; 61
    4b7e:	de b7       	in	r29, 0x3e	; 62
    4b80:	2f 97       	sbiw	r28, 0x0f	; 15
    4b82:	0f b6       	in	r0, 0x3f	; 63
    4b84:	f8 94       	cli
    4b86:	de bf       	out	0x3e, r29	; 62
    4b88:	0f be       	out	0x3f, r0	; 63
    4b8a:	cd bf       	out	0x3d, r28	; 61
	EEPROM_enuInit();
    4b8c:	0e 94 22 25 	call	0x4a44	; 0x4a44 <EEPROM_enuInit>
	u8 data;
	EEPROM_enuWriteData(15,'a');
    4b90:	8f e0       	ldi	r24, 0x0F	; 15
    4b92:	90 e0       	ldi	r25, 0x00	; 0
    4b94:	61 e6       	ldi	r22, 0x61	; 97
    4b96:	0e 94 30 25 	call	0x4a60	; 0x4a60 <EEPROM_enuWriteData>
    4b9a:	80 e0       	ldi	r24, 0x00	; 0
    4b9c:	90 e0       	ldi	r25, 0x00	; 0
    4b9e:	a6 e1       	ldi	r26, 0x16	; 22
    4ba0:	b3 e4       	ldi	r27, 0x43	; 67
    4ba2:	8b 87       	std	Y+11, r24	; 0x0b
    4ba4:	9c 87       	std	Y+12, r25	; 0x0c
    4ba6:	ad 87       	std	Y+13, r26	; 0x0d
    4ba8:	be 87       	std	Y+14, r27	; 0x0e
 */
void
_delay_ms(double __ms)
{
	uint16_t __ticks;
	double __tmp = ((F_CPU) / 4e3) * __ms;
    4baa:	6b 85       	ldd	r22, Y+11	; 0x0b
    4bac:	7c 85       	ldd	r23, Y+12	; 0x0c
    4bae:	8d 85       	ldd	r24, Y+13	; 0x0d
    4bb0:	9e 85       	ldd	r25, Y+14	; 0x0e
    4bb2:	20 e0       	ldi	r18, 0x00	; 0
    4bb4:	30 e0       	ldi	r19, 0x00	; 0
    4bb6:	4a ef       	ldi	r20, 0xFA	; 250
    4bb8:	54 e4       	ldi	r21, 0x44	; 68
    4bba:	0e 94 1f 02 	call	0x43e	; 0x43e <__mulsf3>
    4bbe:	dc 01       	movw	r26, r24
    4bc0:	cb 01       	movw	r24, r22
    4bc2:	8f 83       	std	Y+7, r24	; 0x07
    4bc4:	98 87       	std	Y+8, r25	; 0x08
    4bc6:	a9 87       	std	Y+9, r26	; 0x09
    4bc8:	ba 87       	std	Y+10, r27	; 0x0a
	if (__tmp < 1.0)
    4bca:	6f 81       	ldd	r22, Y+7	; 0x07
    4bcc:	78 85       	ldd	r23, Y+8	; 0x08
    4bce:	89 85       	ldd	r24, Y+9	; 0x09
    4bd0:	9a 85       	ldd	r25, Y+10	; 0x0a
    4bd2:	20 e0       	ldi	r18, 0x00	; 0
    4bd4:	30 e0       	ldi	r19, 0x00	; 0
    4bd6:	40 e8       	ldi	r20, 0x80	; 128
    4bd8:	5f e3       	ldi	r21, 0x3F	; 63
    4bda:	0e 94 55 04 	call	0x8aa	; 0x8aa <__ltsf2>
    4bde:	88 23       	and	r24, r24
    4be0:	2c f4       	brge	.+10     	; 0x4bec <main+0x74>
		__ticks = 1;
    4be2:	81 e0       	ldi	r24, 0x01	; 1
    4be4:	90 e0       	ldi	r25, 0x00	; 0
    4be6:	9e 83       	std	Y+6, r25	; 0x06
    4be8:	8d 83       	std	Y+5, r24	; 0x05
    4bea:	3f c0       	rjmp	.+126    	; 0x4c6a <main+0xf2>
	else if (__tmp > 65535)
    4bec:	6f 81       	ldd	r22, Y+7	; 0x07
    4bee:	78 85       	ldd	r23, Y+8	; 0x08
    4bf0:	89 85       	ldd	r24, Y+9	; 0x09
    4bf2:	9a 85       	ldd	r25, Y+10	; 0x0a
    4bf4:	20 e0       	ldi	r18, 0x00	; 0
    4bf6:	3f ef       	ldi	r19, 0xFF	; 255
    4bf8:	4f e7       	ldi	r20, 0x7F	; 127
    4bfa:	57 e4       	ldi	r21, 0x47	; 71
    4bfc:	0e 94 f5 03 	call	0x7ea	; 0x7ea <__gtsf2>
    4c00:	18 16       	cp	r1, r24
    4c02:	4c f5       	brge	.+82     	; 0x4c56 <main+0xde>
	{
		//	__ticks = requested delay in 1/10 ms
		__ticks = (uint16_t) (__ms * 10.0);
    4c04:	6b 85       	ldd	r22, Y+11	; 0x0b
    4c06:	7c 85       	ldd	r23, Y+12	; 0x0c
    4c08:	8d 85       	ldd	r24, Y+13	; 0x0d
    4c0a:	9e 85       	ldd	r25, Y+14	; 0x0e
    4c0c:	20 e0       	ldi	r18, 0x00	; 0
    4c0e:	30 e0       	ldi	r19, 0x00	; 0
    4c10:	40 e2       	ldi	r20, 0x20	; 32
    4c12:	51 e4       	ldi	r21, 0x41	; 65
    4c14:	0e 94 1f 02 	call	0x43e	; 0x43e <__mulsf3>
    4c18:	dc 01       	movw	r26, r24
    4c1a:	cb 01       	movw	r24, r22
    4c1c:	bc 01       	movw	r22, r24
    4c1e:	cd 01       	movw	r24, r26
    4c20:	0e 94 49 00 	call	0x92	; 0x92 <__fixunssfsi>
    4c24:	dc 01       	movw	r26, r24
    4c26:	cb 01       	movw	r24, r22
    4c28:	9e 83       	std	Y+6, r25	; 0x06
    4c2a:	8d 83       	std	Y+5, r24	; 0x05
    4c2c:	0f c0       	rjmp	.+30     	; 0x4c4c <main+0xd4>
    4c2e:	88 ec       	ldi	r24, 0xC8	; 200
    4c30:	90 e0       	ldi	r25, 0x00	; 0
    4c32:	9c 83       	std	Y+4, r25	; 0x04
    4c34:	8b 83       	std	Y+3, r24	; 0x03
    4c36:	8b 81       	ldd	r24, Y+3	; 0x03
    4c38:	9c 81       	ldd	r25, Y+4	; 0x04
    4c3a:	01 97       	sbiw	r24, 0x01	; 1
    4c3c:	f1 f7       	brne	.-4      	; 0x4c3a <main+0xc2>
    4c3e:	9c 83       	std	Y+4, r25	; 0x04
    4c40:	8b 83       	std	Y+3, r24	; 0x03
		while(__ticks)
		{
			// wait 1/10 ms
			_delay_loop_2(((F_CPU) / 4e3) / 10);
			__ticks --;
    4c42:	8d 81       	ldd	r24, Y+5	; 0x05
    4c44:	9e 81       	ldd	r25, Y+6	; 0x06
    4c46:	01 97       	sbiw	r24, 0x01	; 1
    4c48:	9e 83       	std	Y+6, r25	; 0x06
    4c4a:	8d 83       	std	Y+5, r24	; 0x05
		__ticks = 1;
	else if (__tmp > 65535)
	{
		//	__ticks = requested delay in 1/10 ms
		__ticks = (uint16_t) (__ms * 10.0);
		while(__ticks)
    4c4c:	8d 81       	ldd	r24, Y+5	; 0x05
    4c4e:	9e 81       	ldd	r25, Y+6	; 0x06
    4c50:	00 97       	sbiw	r24, 0x00	; 0
    4c52:	69 f7       	brne	.-38     	; 0x4c2e <main+0xb6>
    4c54:	14 c0       	rjmp	.+40     	; 0x4c7e <main+0x106>
			__ticks --;
		}
		return;
	}
	else
		__ticks = (uint16_t)__tmp;
    4c56:	6f 81       	ldd	r22, Y+7	; 0x07
    4c58:	78 85       	ldd	r23, Y+8	; 0x08
    4c5a:	89 85       	ldd	r24, Y+9	; 0x09
    4c5c:	9a 85       	ldd	r25, Y+10	; 0x0a
    4c5e:	0e 94 49 00 	call	0x92	; 0x92 <__fixunssfsi>
    4c62:	dc 01       	movw	r26, r24
    4c64:	cb 01       	movw	r24, r22
    4c66:	9e 83       	std	Y+6, r25	; 0x06
    4c68:	8d 83       	std	Y+5, r24	; 0x05
    4c6a:	8d 81       	ldd	r24, Y+5	; 0x05
    4c6c:	9e 81       	ldd	r25, Y+6	; 0x06
    4c6e:	9a 83       	std	Y+2, r25	; 0x02
    4c70:	89 83       	std	Y+1, r24	; 0x01
    4c72:	89 81       	ldd	r24, Y+1	; 0x01
    4c74:	9a 81       	ldd	r25, Y+2	; 0x02
    4c76:	01 97       	sbiw	r24, 0x01	; 1
    4c78:	f1 f7       	brne	.-4      	; 0x4c76 <main+0xfe>
    4c7a:	9a 83       	std	Y+2, r25	; 0x02
    4c7c:	89 83       	std	Y+1, r24	; 0x01
	_delay_ms(150);
	EEPROM_enuReadData(15,&data);
    4c7e:	9e 01       	movw	r18, r28
    4c80:	21 5f       	subi	r18, 0xF1	; 241
    4c82:	3f 4f       	sbci	r19, 0xFF	; 255
    4c84:	8f e0       	ldi	r24, 0x0F	; 15
    4c86:	90 e0       	ldi	r25, 0x00	; 0
    4c88:	b9 01       	movw	r22, r18
    4c8a:	0e 94 73 25 	call	0x4ae6	; 0x4ae6 <EEPROM_enuReadData>
	DDRA=data;
    4c8e:	ea e3       	ldi	r30, 0x3A	; 58
    4c90:	f0 e0       	ldi	r31, 0x00	; 0
    4c92:	8f 85       	ldd	r24, Y+15	; 0x0f
    4c94:	80 83       	st	Z, r24



	return 0;
    4c96:	80 e0       	ldi	r24, 0x00	; 0
    4c98:	90 e0       	ldi	r25, 0x00	; 0
}
    4c9a:	2f 96       	adiw	r28, 0x0f	; 15
    4c9c:	0f b6       	in	r0, 0x3f	; 63
    4c9e:	f8 94       	cli
    4ca0:	de bf       	out	0x3e, r29	; 62
    4ca2:	0f be       	out	0x3f, r0	; 63
    4ca4:	cd bf       	out	0x3d, r28	; 61
    4ca6:	cf 91       	pop	r28
    4ca8:	df 91       	pop	r29
    4caa:	08 95       	ret

00004cac <__mulsi3>:
    4cac:	62 9f       	mul	r22, r18
    4cae:	d0 01       	movw	r26, r0
    4cb0:	73 9f       	mul	r23, r19
    4cb2:	f0 01       	movw	r30, r0
    4cb4:	82 9f       	mul	r24, r18
    4cb6:	e0 0d       	add	r30, r0
    4cb8:	f1 1d       	adc	r31, r1
    4cba:	64 9f       	mul	r22, r20
    4cbc:	e0 0d       	add	r30, r0
    4cbe:	f1 1d       	adc	r31, r1
    4cc0:	92 9f       	mul	r25, r18
    4cc2:	f0 0d       	add	r31, r0
    4cc4:	83 9f       	mul	r24, r19
    4cc6:	f0 0d       	add	r31, r0
    4cc8:	74 9f       	mul	r23, r20
    4cca:	f0 0d       	add	r31, r0
    4ccc:	65 9f       	mul	r22, r21
    4cce:	f0 0d       	add	r31, r0
    4cd0:	99 27       	eor	r25, r25
    4cd2:	72 9f       	mul	r23, r18
    4cd4:	b0 0d       	add	r27, r0
    4cd6:	e1 1d       	adc	r30, r1
    4cd8:	f9 1f       	adc	r31, r25
    4cda:	63 9f       	mul	r22, r19
    4cdc:	b0 0d       	add	r27, r0
    4cde:	e1 1d       	adc	r30, r1
    4ce0:	f9 1f       	adc	r31, r25
    4ce2:	bd 01       	movw	r22, r26
    4ce4:	cf 01       	movw	r24, r30
    4ce6:	11 24       	eor	r1, r1
    4ce8:	08 95       	ret

00004cea <__udivmodsi4>:
    4cea:	a1 e2       	ldi	r26, 0x21	; 33
    4cec:	1a 2e       	mov	r1, r26
    4cee:	aa 1b       	sub	r26, r26
    4cf0:	bb 1b       	sub	r27, r27
    4cf2:	fd 01       	movw	r30, r26
    4cf4:	0d c0       	rjmp	.+26     	; 0x4d10 <__udivmodsi4_ep>

00004cf6 <__udivmodsi4_loop>:
    4cf6:	aa 1f       	adc	r26, r26
    4cf8:	bb 1f       	adc	r27, r27
    4cfa:	ee 1f       	adc	r30, r30
    4cfc:	ff 1f       	adc	r31, r31
    4cfe:	a2 17       	cp	r26, r18
    4d00:	b3 07       	cpc	r27, r19
    4d02:	e4 07       	cpc	r30, r20
    4d04:	f5 07       	cpc	r31, r21
    4d06:	20 f0       	brcs	.+8      	; 0x4d10 <__udivmodsi4_ep>
    4d08:	a2 1b       	sub	r26, r18
    4d0a:	b3 0b       	sbc	r27, r19
    4d0c:	e4 0b       	sbc	r30, r20
    4d0e:	f5 0b       	sbc	r31, r21

00004d10 <__udivmodsi4_ep>:
    4d10:	66 1f       	adc	r22, r22
    4d12:	77 1f       	adc	r23, r23
    4d14:	88 1f       	adc	r24, r24
    4d16:	99 1f       	adc	r25, r25
    4d18:	1a 94       	dec	r1
    4d1a:	69 f7       	brne	.-38     	; 0x4cf6 <__udivmodsi4_loop>
    4d1c:	60 95       	com	r22
    4d1e:	70 95       	com	r23
    4d20:	80 95       	com	r24
    4d22:	90 95       	com	r25
    4d24:	9b 01       	movw	r18, r22
    4d26:	ac 01       	movw	r20, r24
    4d28:	bd 01       	movw	r22, r26
    4d2a:	cf 01       	movw	r24, r30
    4d2c:	08 95       	ret

00004d2e <__prologue_saves__>:
    4d2e:	2f 92       	push	r2
    4d30:	3f 92       	push	r3
    4d32:	4f 92       	push	r4
    4d34:	5f 92       	push	r5
    4d36:	6f 92       	push	r6
    4d38:	7f 92       	push	r7
    4d3a:	8f 92       	push	r8
    4d3c:	9f 92       	push	r9
    4d3e:	af 92       	push	r10
    4d40:	bf 92       	push	r11
    4d42:	cf 92       	push	r12
    4d44:	df 92       	push	r13
    4d46:	ef 92       	push	r14
    4d48:	ff 92       	push	r15
    4d4a:	0f 93       	push	r16
    4d4c:	1f 93       	push	r17
    4d4e:	cf 93       	push	r28
    4d50:	df 93       	push	r29
    4d52:	cd b7       	in	r28, 0x3d	; 61
    4d54:	de b7       	in	r29, 0x3e	; 62
    4d56:	ca 1b       	sub	r28, r26
    4d58:	db 0b       	sbc	r29, r27
    4d5a:	0f b6       	in	r0, 0x3f	; 63
    4d5c:	f8 94       	cli
    4d5e:	de bf       	out	0x3e, r29	; 62
    4d60:	0f be       	out	0x3f, r0	; 63
    4d62:	cd bf       	out	0x3d, r28	; 61
    4d64:	09 94       	ijmp

00004d66 <__epilogue_restores__>:
    4d66:	2a 88       	ldd	r2, Y+18	; 0x12
    4d68:	39 88       	ldd	r3, Y+17	; 0x11
    4d6a:	48 88       	ldd	r4, Y+16	; 0x10
    4d6c:	5f 84       	ldd	r5, Y+15	; 0x0f
    4d6e:	6e 84       	ldd	r6, Y+14	; 0x0e
    4d70:	7d 84       	ldd	r7, Y+13	; 0x0d
    4d72:	8c 84       	ldd	r8, Y+12	; 0x0c
    4d74:	9b 84       	ldd	r9, Y+11	; 0x0b
    4d76:	aa 84       	ldd	r10, Y+10	; 0x0a
    4d78:	b9 84       	ldd	r11, Y+9	; 0x09
    4d7a:	c8 84       	ldd	r12, Y+8	; 0x08
    4d7c:	df 80       	ldd	r13, Y+7	; 0x07
    4d7e:	ee 80       	ldd	r14, Y+6	; 0x06
    4d80:	fd 80       	ldd	r15, Y+5	; 0x05
    4d82:	0c 81       	ldd	r16, Y+4	; 0x04
    4d84:	1b 81       	ldd	r17, Y+3	; 0x03
    4d86:	aa 81       	ldd	r26, Y+2	; 0x02
    4d88:	b9 81       	ldd	r27, Y+1	; 0x01
    4d8a:	ce 0f       	add	r28, r30
    4d8c:	d1 1d       	adc	r29, r1
    4d8e:	0f b6       	in	r0, 0x3f	; 63
    4d90:	f8 94       	cli
    4d92:	de bf       	out	0x3e, r29	; 62
    4d94:	0f be       	out	0x3f, r0	; 63
    4d96:	cd bf       	out	0x3d, r28	; 61
    4d98:	ed 01       	movw	r28, r26
    4d9a:	08 95       	ret

00004d9c <_exit>:
    4d9c:	f8 94       	cli

00004d9e <__stop_program>:
    4d9e:	ff cf       	rjmp	.-2      	; 0x4d9e <__stop_program>
